temperatura,humedad,viento,visibilidad,descripcion,precipitacion,direccion_viento,runway_heading,viento_cruzado,viento_frente,rafagas,techo_nubes,tipo_nubes,turbulencia,estado_pista,presion,altitud_aeropuerto,altitud_densidad,punto_rocio,riesgo_hielo,tormenta_electrica,cizalladura_viento,hora,es_noche,mes,dia_año,riesgo
19.6,72,36.4,3096,granizo,18.1,13,45,19.3,30.9,47.3,1838,cubierto,severa,contaminada,1000,2000,3032.0,17.5,False,True,False,1,True,2,43,Peligro
27.2,43,16.7,9964,despejado,0.0,106,315,8.1,-14.6,23.4,5630,despejado,leve,seca,1015,2500,4564.0,12.6,False,False,False,3,True,9,256,Seguro
8.9,96,3.7,2385,niebla,1.0,74,45,1.8,3.2,5.2,458,cubierto,ninguna,humeda,1002,0,-732.0,7.5,True,False,False,2,True,7,200,Precaución
30.1,50,2.3,8915,despejado,0.0,341,315,1.0,2.1,2.5,14642,despejado,leve,seca,1018,0,1812.0,24.9,False,False,False,20,False,5,135,Seguro
9.8,100,40.1,1843,tormenta,26.2,78,180,39.2,-8.3,56.1,856,cubierto,moderada,mojada,988,500,-4.0,9.3,True,True,True,3,True,3,65,Peligro
18.7,74,18.7,6730,lluvia_ligera,7.2,115,135,6.4,17.6,28.0,1054,nublado,leve,humeda,1016,1000,1684.0,14.2,False,False,False,8,False,4,101,Seguro
11.1,99,38.4,854,tormenta,20.7,88,270,1.3,-38.4,42.2,359,cubierto,severa,mojada,993,2000,2012.0,10.0,False,True,False,8,False,10,293,Peligro
27.5,25,20.0,9542,despejado,0.0,27,45,6.2,19.0,24.0,9580,despejado,leve,seca,1015,2000,3980.0,21.5,False,False,False,18,False,3,86,Seguro
21.8,62,8.4,6376,nublado,0.6,353,225,6.6,-5.2,11.8,3483,dispersas,leve,humeda,1013,500,1436.0,8.4,False,False,False,6,False,8,227,Seguro
16.4,94,7.1,1530,niebla,0.8,121,90,3.7,6.1,8.5,506,cubierto,ninguna,humeda,1019,500,788.0,15.9,False,False,False,21,True,12,354,Precaución
23.1,54,16.9,6631,nublado,2.0,100,90,2.9,16.6,23.7,1644,nublado,ninguna,seca,1007,1000,2212.0,10.7,False,False,False,4,True,4,114,Seguro
32.0,36,16.0,8640,despejado,0.0,48,90,10.7,11.9,17.6,11979,despejado,ninguna,seca,1014,500,2660.0,23.7,False,False,False,14,False,11,319,Seguro
14.1,86,32.5,4466,granizo,29.8,131,180,24.5,21.3,45.5,605,cubierto,severa,contaminada,1017,500,512.0,9.6,False,True,False,7,False,5,128,Peligro
20.5,90,31.6,4750,granizo,13.2,178,270,31.6,-1.1,44.2,1643,cubierto,severa,contaminada,1002,1000,1900.0,17.4,False,True,False,17,False,4,117,Peligro
29.1,32,6.7,8066,despejado,0.0,93,135,4.5,5.0,9.4,6251,despejado,ninguna,seca,1024,0,1692.0,17.6,False,False,False,9,False,5,147,Seguro
21.7,50,12.0,6495,nublado,0.3,135,225,12.0,0.0,14.4,1764,dispersas,ninguna,humeda,1004,1000,2044.0,10.4,False,False,False,16,False,10,287,Seguro
17.6,90,43.0,3566,lluvia_fuerte,15.6,127,225,42.6,-6.0,60.2,842,cubierto,severa,contaminada,997,2000,2792.0,14.7,False,False,False,16,False,7,196,Peligro
19.1,68,8.5,6743,nublado,1.4,177,0,0.4,-8.5,10.2,2327,dispersas,leve,humeda,1015,2000,2972.0,9.4,False,False,False,11,False,7,191,Seguro
15.3,91,29.9,3896,lluvia_fuerte,19.7,304,270,16.7,24.8,35.9,1172,cubierto,moderada,mojada,992,2000,2516.0,15.1,False,False,False,23,True,12,340,Peligro
16.0,100,28.6,2761,lluvia_fuerte,15.2,325,270,23.4,16.4,34.3,1090,cubierto,severa,mojada,988,2500,3220.0,15.7,False,False,False,4,True,3,64,Peligro
15.8,98,21.0,1037,lluvia_fuerte,19.5,256,0,20.4,-5.1,25.2,1002,cubierto,severa,contaminada,990,2500,3196.0,15.3,False,False,True,12,False,10,271,Peligro
17.1,72,12.2,5118,lluvia_ligera,2.3,41,270,9.2,-8.0,13.4,1145,cubierto,leve,mojada,1011,2500,3352.0,12.4,False,False,False,13,False,5,126,Seguro
25.8,35,18.0,8664,despejado,0.0,252,45,8.2,-16.0,25.2,6755,despejado,ninguna,seca,1029,0,1296.0,11.9,False,False,False,3,True,2,43,Seguro
15.9,80,26.1,3570,lluvia_ligera,6.1,43,45,0.9,26.1,33.9,1208,cubierto,leve,mojada,1020,2000,2588.0,12.3,False,False,False,12,False,8,224,Precaución
2.0,84,19.3,2543,nieve,7.5,71,225,8.5,-17.3,23.2,1512,cubierto,leve,nevada,1003,1000,-320.0,-0.8,True,False,False,19,False,9,242,Precaución
24.6,57,7.0,6292,nublado,0.7,345,135,3.5,-6.1,8.4,3736,dispersas,leve,seca,1008,500,1772.0,12.5,False,False,False,4,True,10,279,Seguro
23.6,60,12.8,8374,nublado,1.2,287,45,11.3,-6.0,14.1,3340,dispersas,leve,seca,1013,2000,3512.0,10.4,False,False,False,14,False,11,311,Seguro
-2.6,85,18.7,3611,nieve,8.2,34,45,3.6,18.4,22.4,1711,cubierto,leve,contaminada,1017,1000,-872.0,-6.9,False,False,False,3,True,12,352,Precaución
25.8,61,21.0,8180,nublado,0.0,33,135,20.5,-4.4,25.2,2872,dispersas,leve,humeda,1014,500,1916.0,16.7,False,False,False,15,False,2,40,Precaución
13.6,80,45.8,4865,granizo,16.7,317,315,1.6,45.8,64.1,984,cubierto,severa,mojada,1020,2000,2312.0,9.9,False,True,False,2,True,2,32,Peligro
26.3,62,18.7,7270,nublado,0.7,204,135,17.5,6.7,26.2,3141,nublado,leve,humeda,1013,2000,3836.0,17.3,False,False,False,8,False,9,247,Seguro
14.0,99,10.8,785,niebla,1.4,12,225,5.9,-9.1,14.0,219,cubierto,ninguna,mojada,1007,2000,2360.0,13.3,False,False,False,10,False,1,29,Peligro
14.5,100,2.2,1274,niebla,0.7,93,0,2.2,-0.1,3.3,733,cubierto,ninguna,mojada,1003,2000,2420.0,13.7,False,False,False,11,False,9,243,Precaución
8.6,97,1.3,1265,niebla,0.0,316,45,1.3,0.0,1.7,784,cubierto,ninguna,humeda,1008,2000,1712.0,7.0,False,False,False,10,False,3,81,Precaución
32.6,45,1.3,8544,despejado,0.0,111,135,0.5,1.2,1.7,7062,despejado,ninguna,seca,1018,2000,4592.0,19.6,False,False,False,5,True,3,81,Seguro
14.5,85,28.8,4091,lluvia_ligera,3.7,38,45,3.5,28.6,37.4,2121,cubierto,moderada,mojada,1018,0,-60.0,11.4,False,False,False,22,True,11,326,Precaución
24.2,56,24.5,8893,nublado,0.8,291,270,8.8,22.9,29.4,2685,dispersas,ninguna,seca,1004,2500,4204.0,11.7,False,False,False,4,True,10,285,Seguro
34.6,29,19.4,8222,despejado,0.0,234,135,19.2,-3.0,29.1,11043,despejado,ninguna,seca,1013,500,2972.0,25.9,False,False,False,4,True,12,336,Seguro
25.5,56,22.8,7184,nublado,1.7,147,45,22.3,-4.7,27.4,3709,dispersas,ninguna,humeda,1001,0,1260.0,12.0,False,False,False,10,False,8,216,Precaución
27.6,45,18.7,9008,despejado,0.0,334,315,6.1,17.7,24.3,9676,despejado,leve,seca,1027,2500,4612.0,16.4,False,False,False,2,True,4,119,Seguro
15.8,29,5.6,8313,despejado,0.0,339,225,5.1,-2.3,7.3,14559,despejado,leve,seca,1010,1000,1336.0,10.1,False,False,False,20,False,10,297,Seguro
24.3,51,17.6,9744,despejado,0.0,279,90,2.8,-17.4,21.1,10812,despejado,leve,seca,1026,1000,2356.0,12.3,False,False,False,22,True,8,226,Seguro
17.4,99,7.4,1973,niebla,1.8,81,315,6.0,-4.3,9.6,536,cubierto,ninguna,mojada,1007,1000,1528.0,15.9,False,False,False,16,False,9,249,Precaución
-0.4,79,32.1,3682,nieve,6.5,189,0,5.0,-31.7,41.7,1402,cubierto,moderada,contaminada,1007,1000,-608.0,-2.7,False,False,True,21,True,7,189,Peligro
29.7,35,17.4,9264,despejado,0.0,298,315,5.1,16.6,24.4,6153,despejado,ninguna,seca,1020,0,1764.0,18.6,False,False,False,1,True,12,361,Seguro
11.7,93,11.2,2063,niebla,0.5,197,0,3.3,-10.7,13.4,144,cubierto,ninguna,mojada,1015,1000,844.0,10.1,False,False,False,22,True,3,74,Precaución
15.2,74,18.8,5648,lluvia_ligera,6.1,167,135,10.0,15.9,20.7,2253,nublado,moderada,humeda,1017,2000,2504.0,12.9,False,False,False,22,True,5,128,Seguro
-2.5,85,10.4,3100,nieve,18.6,107,90,3.0,9.9,14.6,1708,cubierto,leve,nevada,1013,500,-1480.0,-7.2,False,False,False,11,False,2,37,Precaución
20.5,74,22.7,6048,lluvia_ligera,5.2,202,90,21.0,-8.5,27.2,1091,cubierto,leve,humeda,1011,2500,3760.0,18.5,False,False,False,16,False,5,145,Precaución
14.0,73,13.2,6418,lluvia_ligera,6.3,258,180,12.9,2.7,17.2,2054,cubierto,leve,mojada,1001,2000,2360.0,9.9,False,False,False,3,True,4,91,Precaución
12.3,99,4.2,1989,niebla,0.4,317,270,3.1,2.9,5.9,622,cubierto,ninguna,humeda,1002,2500,2776.0,10.4,False,False,False,8,False,7,186,Precaución
25.8,55,7.8,9509,despejado,0.0,251,180,7.4,2.5,10.9,13544,despejado,leve,seca,1017,2500,4396.0,10.9,False,False,False,1,True,9,259,Seguro
22.2,74,17.1,6852,nublado,0.4,89,225,11.9,-12.3,20.5,3698,nublado,ninguna,seca,1011,1000,2104.0,19.0,False,False,False,21,True,1,21,Seguro
22.1,28,16.4,8980,despejado,0.0,318,180,11.0,-12.2,23.0,6533,despejado,leve,seca,1017,500,1472.0,9.2,False,False,False,7,False,4,119,Seguro
16.8,89,43.0,2407,lluvia_fuerte,24.1,347,90,41.9,-9.7,55.9,1436,cubierto,severa,contaminada,995,2500,3316.0,11.9,False,True,False,19,False,2,51,Peligro
28.0,41,2.2,9296,despejado,0.0,169,135,1.2,1.8,2.4,11503,despejado,ninguna,seca,1025,500,2180.0,19.0,False,False,False,9,False,12,363,Seguro
16.9,72,41.8,2065,granizo,19.8,49,270,27.4,-31.5,50.2,1288,cubierto,severa,mojada,1019,2500,3328.0,13.7,False,True,False,4,True,8,224,Peligro
32.4,52,14.7,9496,despejado,0.0,32,225,3.3,-14.3,17.6,12511,despejado,leve,seca,1023,500,2708.0,22.5,False,False,False,10,False,5,146,Seguro
23.9,50,11.9,6943,nublado,0.3,282,315,6.5,10.0,13.1,2940,nublado,ninguna,seca,1006,500,1688.0,17.4,False,False,False,1,True,12,331,Seguro
24.5,61,18.2,7236,nublado,0.5,26,45,5.9,17.2,27.3,2037,dispersas,leve,seca,1019,2500,4240.0,9.6,False,False,False,8,False,5,131,Seguro
33.5,28,17.9,8171,despejado,0.0,253,225,8.4,15.8,26.8,7736,despejado,leve,seca,1012,0,2220.0,27.0,False,False,False,3,True,10,292,Seguro
0.5,77,11.6,2851,nieve,10.9,12,0,2.4,11.3,16.2,1887,cubierto,leve,nevada,1008,2500,1360.0,-4.4,False,False,False,1,True,6,166,Precaución
21.0,50,14.8,9932,despejado,0.0,327,315,3.1,14.5,20.7,14196,despejado,leve,seca,1020,0,720.0,15.4,False,False,False,5,True,7,182,Seguro
3.7,84,11.4,3060,nieve,12.8,1,315,8.2,7.9,13.7,1383,cubierto,leve,contaminada,1010,2000,1124.0,-0.5,False,False,False,7,False,7,203,Precaución
13.3,98,8.2,2227,niebla,1.1,133,270,5.6,-6.0,10.7,128,cubierto,ninguna,humeda,1008,0,-204.0,13.1,False,False,False,13,False,6,177,Precaución
17.3,93,4.8,1565,niebla,0.5,259,315,4.0,2.7,6.7,147,cubierto,ninguna,humeda,1000,2500,3376.0,16.9,False,False,False,21,True,11,300,Precaución
22.5,68,5.5,6197,nublado,0.4,334,0,2.4,4.9,8.2,1839,dispersas,leve,humeda,1012,2500,4000.0,17.5,False,False,False,4,True,1,3,Seguro
20.4,75,22.7,6317,lluvia_ligera,6.2,337,270,20.9,8.9,27.2,1943,nublado,moderada,humeda,1016,2500,3748.0,17.7,False,False,False,5,True,2,46,Precaución
34.9,30,14.9,8920,despejado,0.0,153,180,6.8,13.3,17.9,7791,despejado,leve,seca,1026,500,3008.0,21.0,False,False,False,5,True,4,99,Seguro
14.0,67,9.7,7086,nublado,1.0,190,90,9.6,-1.7,13.6,2656,dispersas,ninguna,seca,1007,1000,1120.0,2.9,False,False,False,13,False,12,359,Seguro
14.9,96,11.9,2023,niebla,1.2,26,45,3.9,11.3,14.3,130,cubierto,ninguna,mojada,1015,0,-12.0,14.2,False,False,False,10,False,12,349,Precaución
24.0,50,11.4,8385,despejado,0.0,256,270,2.8,11.1,17.1,10267,despejado,leve,seca,1024,0,1080.0,10.9,False,False,False,10,False,2,44,Seguro
5.0,87,42.7,3351,lluvia_fuerte,20.0,131,0,32.2,-28.0,55.5,605,cubierto,moderada,mojada,989,1000,40.0,1.6,False,False,True,3,True,4,90,Peligro
11.4,89,33.5,4611,granizo,22.5,359,180,0.6,-33.5,40.2,622,cubierto,severa,contaminada,1007,1000,808.0,6.5,False,True,False,20,False,6,178,Peligro
20.1,80,11.0,6539,lluvia_ligera,4.4,121,315,2.7,-10.7,13.2,1845,nublado,leve,mojada,1008,0,612.0,16.9,False,False,False,17,False,2,56,Seguro
34.1,35,1.1,9831,despejado,0.0,35,180,0.6,-0.9,1.4,10174,despejado,ninguna,seca,1020,2500,5392.0,19.4,False,False,False,20,False,7,209,Seguro
32.3,54,9.4,9244,despejado,0.0,88,315,6.9,-6.4,13.2,12446,despejado,leve,seca,1030,2500,5176.0,19.2,False,False,False,1,True,7,190,Seguro
11.3,94,9.8,948,niebla,1.3,194,270,9.5,2.4,12.7,535,cubierto,ninguna,humeda,1014,500,176.0,9.7,False,False,False,21,True,9,262,Precaución
16.0,56,12.2,6337,nublado,1.8,278,315,7.3,9.7,17.1,2512,nublado,leve,seca,1009,1000,1360.0,4.0,False,False,False,20,False,1,12,Seguro
20.9,67,20.3,8331,nublado,0.7,226,225,0.4,20.3,28.4,3430,nublado,leve,humeda,1013,0,708.0,8.5,False,False,False,1,True,2,53,Seguro
15.2,51,1.3,8651,despejado,0.0,83,180,1.3,-0.2,2.0,9196,despejado,ninguna,seca,1019,500,644.0,3.3,False,False,False,5,True,4,108,Seguro
24.1,50,17.3,6369,nublado,0.8,79,180,17.0,-3.3,20.8,1537,dispersas,leve,seca,1015,0,1092.0,16.4,False,False,False,17,False,12,347,Seguro
8.0,100,3.7,2276,niebla,0.6,125,45,3.6,0.6,4.1,419,cubierto,ninguna,humeda,1020,2000,1640.0,7.5,True,False,False,2,True,10,286,Precaución
21.3,54,17.4,8218,despejado,0.0,56,45,3.3,17.1,22.6,13033,despejado,ninguna,seca,1023,1000,1996.0,6.4,False,False,False,11,False,9,265,Seguro
12.5,84,14.0,3448,lluvia_ligera,7.9,125,135,2.4,13.8,16.8,845,nublado,leve,humeda,1011,500,320.0,9.9,False,False,False,21,True,5,130,Precaución
11.1,87,27.3,5669,lluvia_ligera,2.8,352,90,27.0,-3.8,30.0,1079,nublado,moderada,humeda,1019,500,152.0,8.4,False,True,False,5,True,9,265,Peligro
12.2,92,47.2,1375,tormenta,30.4,184,315,35.6,-31.0,66.1,269,cubierto,moderada,contaminada,986,500,284.0,11.6,False,True,False,7,False,8,236,Peligro
20.2,77,30.0,2163,granizo,18.7,12,180,6.2,-29.3,36.0,1582,cubierto,severa,mojada,1004,0,624.0,17.1,False,True,True,13,False,10,291,Peligro
15.7,97,12.0,2376,niebla,0.9,90,0,12.0,0.0,16.8,697,cubierto,ninguna,humeda,1000,0,84.0,15.2,False,False,False,11,False,7,206,Precaución
24.4,39,13.6,9512,despejado,0.0,50,0,10.4,8.7,16.3,11970,despejado,ninguna,seca,1023,2500,4228.0,16.7,False,False,False,3,True,2,41,Seguro
24.4,37,10.1,9118,despejado,0.0,69,0,9.4,3.6,13.1,10012,despejado,ninguna,seca,1030,0,1128.0,18.3,False,False,False,6,False,8,220,Seguro
10.0,88,18.4,6837,lluvia_ligera,7.4,34,90,15.3,10.3,23.9,1380,nublado,leve,mojada,1018,1000,640.0,6.3,False,True,False,10,False,7,194,Peligro
12.8,70,19.7,4210,lluvia_ligera,4.5,105,315,9.8,-17.1,23.6,975,nublado,moderada,humeda,1003,2000,2216.0,0.6,False,False,False,14,False,6,164,Precaución
25.1,51,8.6,6659,nublado,1.6,42,270,6.4,-5.8,10.3,3019,nublado,ninguna,humeda,1000,0,1212.0,13.0,False,False,False,1,True,6,160,Seguro
12.6,71,22.6,4147,lluvia_ligera,7.2,314,180,16.3,-15.7,27.1,1840,cubierto,leve,humeda,1012,2500,2812.0,9.5,False,False,False,16,False,8,238,Precaución
12.2,95,5.2,1497,niebla,1.9,117,180,4.6,2.4,7.8,388,cubierto,ninguna,mojada,1011,2500,2764.0,11.1,False,False,False,20,False,10,287,Precaución
11.8,95,3.6,2068,niebla,0.6,226,225,0.1,3.6,5.0,377,cubierto,ninguna,mojada,1007,2000,2096.0,10.4,False,False,False,18,False,7,198,Precaución
18.6,68,11.0,7031,nublado,1.1,170,90,10.8,1.9,14.3,3039,dispersas,leve,humeda,1016,500,1052.0,7.4,False,False,False,6,False,2,51,Seguro
17.7,87,13.3,3997,lluvia_ligera,7.6,249,180,12.4,4.8,14.6,883,nublado,leve,mojada,1005,0,324.0,13.6,False,False,True,18,False,5,146,Peligro
12.5,96,21.8,1173,lluvia_fuerte,16.5,327,225,21.3,-4.5,26.2,1241,cubierto,moderada,contaminada,992,0,-300.0,10.6,False,False,False,5,True,11,317,Peligro
12.8,54,19.3,7141,nublado,0.3,347,90,18.8,-4.3,23.2,2709,nublado,leve,seca,1015,2000,2216.0,-2.1,False,False,False,3,True,11,317,Seguro
13.8,86,28.5,3622,lluvia_ligera,6.1,316,225,28.5,-0.5,42.8,2096,cubierto,leve,mojada,1000,2500,2956.0,11.2,False,False,False,8,False,9,255,Peligro
18.7,59,16.3,6264,nublado,1.2,297,135,5.0,-15.5,17.9,3095,dispersas,leve,humeda,1015,500,1064.0,10.3,False,False,False,5,True,6,177,Seguro
8.0,72,10.7,6560,lluvia_ligera,6.6,357,135,7.2,-8.0,11.8,1585,nublado,leve,humeda,1009,0,-840.0,4.8,False,False,False,3,True,7,204,Seguro
-6.9,76,20.6,1532,nieve,12.1,206,225,6.7,19.5,28.8,1313,cubierto,leve,contaminada,1018,2000,-148.0,-10.8,False,False,False,14,False,12,353,Peligro
24.0,54,5.5,8936,nublado,0.7,128,180,4.3,3.4,7.2,1858,dispersas,ninguna,seca,1007,1000,2320.0,14.9,False,False,False,14,False,11,323,Seguro
-5.9,88,15.1,1671,nieve,10.4,354,180,1.6,-15.0,16.6,1966,cubierto,moderada,contaminada,1004,0,-2508.0,-10.5,False,False,False,0,True,5,123,Peligro
5.1,93,3.3,1974,niebla,1.5,153,0,1.5,-2.9,4.6,202,cubierto,ninguna,humeda,1001,2500,1912.0,3.4,True,False,False,15,False,11,303,Precaución
19.2,73,15.6,5899,lluvia_ligera,2.5,170,315,8.9,-12.8,21.8,803,cubierto,leve,humeda,1014,1000,1744.0,14.4,False,False,False,17,False,8,227,Seguro
17.7,69,23.9,6679,nublado,0.7,29,135,23.0,-6.6,33.5,3723,nublado,leve,humeda,1011,2500,3424.0,7.4,False,False,False,23,True,10,278,Precaución
17.4,92,0.8,971,niebla,1.4,216,315,0.8,-0.1,1.1,750,cubierto,ninguna,humeda,1010,2000,2768.0,17.3,False,False,False,16,False,8,226,Precaución
13.9,99,7.2,945,niebla,0.9,7,135,5.7,-4.4,8.6,665,cubierto,ninguna,humeda,1019,0,-132.0,13.6,False,False,False,14,False,9,258,Precaución
8.1,82,10.9,5540,lluvia_ligera,4.7,327,135,2.3,-10.7,16.4,2174,nublado,leve,humeda,1011,500,-208.0,4.9,False,False,False,22,True,3,61,Seguro
-5.5,75,25.5,1567,nieve,14.1,166,0,6.2,-24.7,30.6,1430,cubierto,leve,contaminada,1020,2000,20.0,-9.6,False,False,False,11,False,1,12,Peligro
24.9,58,24.5,8960,nublado,1.2,29,180,11.9,-21.4,31.9,1981,nublado,ninguna,humeda,1007,2000,3668.0,19.2,False,False,False,1,True,1,2,Seguro
34.4,25,14.8,8331,despejado,0.0,132,90,9.9,11.0,20.7,5966,despejado,ninguna,seca,1023,1000,3568.0,25.4,False,False,False,8,False,4,93,Seguro
7.3,97,0.7,1882,niebla,0.2,308,90,0.4,-0.6,0.8,679,cubierto,ninguna,mojada,1003,1000,316.0,5.4,True,False,False,14,False,2,37,Precaución
21.8,82,18.2,4067,lluvia_ligera,6.3,224,0,12.6,-13.1,25.5,2036,nublado,moderada,mojada,1001,500,1436.0,19.6,False,False,False,3,True,12,365,Precaución
2.5,91,12.7,2560,nieve,7.2,82,45,7.6,10.1,17.8,1772,cubierto,leve,nevada,1004,0,-1500.0,1.1,True,False,False,9,False,4,105,Peligro
16.1,61,23.7,6253,nublado,1.2,111,135,9.6,21.7,33.2,3106,dispersas,leve,seca,1005,2500,3232.0,3.5,False,False,False,5,True,4,98,Seguro
7.8,100,44.9,1553,tormenta,27.8,41,270,33.9,-29.5,49.4,542,cubierto,moderada,contaminada,1003,1000,376.0,6.2,True,True,False,21,True,3,74,Peligro
13.4,97,50.5,2417,tormenta,30.7,101,315,28.2,-41.9,65.7,741,cubierto,severa,mojada,1001,0,-192.0,11.8,False,True,False,12,False,11,309,Peligro
23.7,55,16.0,6833,nublado,0.4,281,135,8.9,-13.3,17.6,3893,nublado,ninguna,seca,1020,500,1664.0,16.2,False,False,False,17,False,8,215,Seguro
25.1,71,17.8,7375,nublado,0.9,179,45,12.8,-12.4,24.9,2586,dispersas,ninguna,seca,1000,0,1212.0,21.9,False,False,False,23,True,8,215,Seguro
15.3,28,3.8,8916,despejado,0.0,278,270,0.5,3.8,4.6,13624,despejado,ninguna,seca,1017,1000,1276.0,9.7,False,False,False,18,False,9,251,Seguro
6.6,100,11.3,1591,niebla,1.6,95,135,7.3,8.7,15.8,584,cubierto,ninguna,humeda,1006,1000,232.0,5.9,True,False,False,11,False,6,153,Precaución
23.2,68,16.0,8639,nublado,0.4,345,0,4.1,15.5,20.8,3200,nublado,leve,seca,1011,2000,3464.0,10.4,False,False,False,16,False,5,140,Seguro
27.7,55,7.4,8349,nublado,1.3,121,225,7.2,-1.8,11.1,3334,dispersas,ninguna,humeda,1005,0,1524.0,21.3,False,False,False,18,False,3,86,Seguro
32.8,27,0.4,8741,despejado,0.0,306,180,0.3,-0.2,0.5,5648,despejado,ninguna,seca,1013,2500,5236.0,21.5,False,False,False,7,False,8,226,Seguro
24.0,58,24.1,8806,nublado,1.1,336,45,22.5,8.6,31.3,3605,dispersas,leve,seca,1007,2500,4180.0,11.6,False,False,False,18,False,1,5,Precaución
27.9,58,12.5,6270,nublado,0.6,300,180,10.8,-6.2,18.8,2978,nublado,leve,humeda,1020,2500,4648.0,15.5,False,False,False,9,False,12,344,Seguro
18.0,95,0.6,1861,niebla,1.0,134,0,0.4,-0.4,0.8,489,cubierto,ninguna,mojada,1016,2500,3460.0,17.9,False,False,False,15,False,2,56,Precaución
33.4,39,10.8,8435,despejado,0.0,206,315,10.2,-3.5,15.1,9817,despejado,leve,seca,1010,0,2208.0,18.9,False,False,False,14,False,9,259,Seguro
24.5,75,28.4,1706,granizo,29.0,210,270,24.6,14.2,31.2,880,cubierto,severa,contaminada,1013,2000,3620.0,22.3,False,True,True,14,False,10,292,Peligro
14.5,88,18.6,3275,lluvia_ligera,7.7,156,270,17.0,-7.6,22.3,1027,nublado,leve,mojada,1019,1000,1180.0,11.5,False,False,False,4,True,7,207,Precaución
14.6,82,15.4,3463,lluvia_ligera,3.4,147,135,3.2,15.1,23.1,1270,nublado,moderada,mojada,1017,2000,2432.0,11.8,False,False,False,3,True,6,164,Precaución
19.3,55,11.8,6362,nublado,0.4,119,135,3.3,11.3,16.5,3939,nublado,leve,seca,1020,0,516.0,11.5,False,False,False,22,True,9,247,Seguro
16.7,56,11.6,6057,nublado,0.5,93,135,7.8,8.6,16.2,1806,dispersas,leve,humeda,1018,1000,1444.0,4.2,False,False,False,3,True,3,77,Seguro
16.7,30,15.2,9654,despejado,0.0,42,0,10.2,11.3,19.8,14598,despejado,ninguna,seca,1013,2000,2684.0,3.9,False,False,False,17,False,12,332,Seguro
18.3,55,6.9,9059,despejado,0.0,190,270,6.8,1.2,9.7,9247,despejado,ninguna,seca,1018,0,396.0,5.6,False,False,False,0,True,6,172,Seguro
12.5,67,23.7,6716,nublado,1.5,146,135,4.5,23.3,28.4,1717,dispersas,leve,humeda,1019,2000,2180.0,3.5,False,False,False,13,False,6,151,Seguro
14.9,96,4.5,1352,niebla,0.1,53,225,0.6,-4.5,6.3,270,cubierto,ninguna,humeda,1005,2500,3088.0,14.9,False,False,False,21,True,10,288,Precaución
5.3,99,2.7,2424,niebla,1.6,145,270,2.2,-1.5,3.2,669,cubierto,ninguna,mojada,1020,1000,76.0,4.6,True,False,False,9,False,12,361,Precaución
13.6,52,18.7,6413,nublado,0.2,106,135,9.1,16.4,26.2,1992,nublado,ninguna,humeda,1001,2500,2932.0,3.9,False,False,False,23,True,8,216,Seguro
18.7,50,20.9,8181,nublado,0.6,95,225,16.0,-13.4,27.2,3706,nublado,leve,seca,1005,2000,2924.0,7.3,False,False,False,9,False,4,117,Seguro
-0.7,85,17.4,3088,nieve,14.1,44,180,12.1,-12.5,20.9,1842,cubierto,leve,nevada,1000,2500,1216.0,-3.0,False,False,False,10,False,10,274,Precaución
15.2,99,0.6,1949,niebla,1.7,121,90,0.3,0.5,0.8,672,cubierto,ninguna,mojada,1018,2000,2504.0,13.9,False,False,False,0,True,6,177,Precaución
22.5,38,8.1,8567,despejado,0.0,118,225,7.7,-2.4,11.3,10554,despejado,ninguna,seca,1028,500,1520.0,15.3,False,False,False,17,False,3,83,Seguro
18.2,80,24.7,3224,lluvia_ligera,3.4,0,270,24.7,0.0,29.6,1545,nublado,leve,mojada,1015,2000,2864.0,14.9,False,False,False,19,False,8,216,Precaución
8.5,93,9.9,1010,niebla,0.9,77,135,8.4,5.2,13.9,325,cubierto,ninguna,humeda,1000,1000,460.0,7.4,True,False,False,16,False,11,321,Precaución
14.0,83,12.8,5331,lluvia_ligera,7.6,260,135,10.5,-7.3,17.9,1680,nublado,leve,humeda,1012,1000,1120.0,9.2,False,False,False,23,True,2,37,Seguro
16.6,59,11.4,7885,nublado,0.5,180,180,0.0,11.4,13.7,2551,nublado,ninguna,humeda,1001,0,192.0,3.7,False,False,False,0,True,2,58,Seguro
11.1,89,22.9,4042,lluvia_ligera,5.4,174,315,14.4,-17.8,25.2,2408,cubierto,moderada,mojada,1008,500,152.0,6.9,False,False,False,19,False,3,86,Precaución
6.0,92,1.4,2253,niebla,1.7,38,180,0.9,-1.1,2.0,265,cubierto,ninguna,humeda,1007,0,-1080.0,5.2,True,False,False,2,True,8,211,Precaución
6.6,97,8.5,909,niebla,1.0,31,135,8.2,-2.1,11.9,748,cubierto,ninguna,humeda,1006,2000,1472.0,5.2,True,False,False,13,False,11,308,Precaución
7.3,90,33.5,3172,lluvia_fuerte,23.8,157,0,13.1,-30.8,36.9,963,cubierto,moderada,mojada,998,0,-924.0,5.0,True,True,False,15,False,2,36,Peligro
20.5,58,17.9,7909,nublado,1.9,30,135,17.3,-4.6,21.5,2659,nublado,ninguna,seca,1007,0,660.0,5.8,False,False,False,21,True,3,83,Seguro
24.2,69,19.1,7273,nublado,1.7,121,225,18.5,-4.6,21.0,2615,dispersas,leve,seca,1001,0,1104.0,19.0,False,False,False,19,False,9,252,Seguro
17.3,74,19.7,5982,lluvia_ligera,3.4,60,270,9.8,-17.1,25.6,846,nublado,leve,mojada,1007,0,276.0,12.7,False,False,False,11,False,7,202,Precaución
19.9,92,27.5,1330,lluvia_fuerte,19.8,28,90,24.3,12.9,38.5,364,cubierto,moderada,contaminada,982,2000,3068.0,18.2,False,False,False,20,False,6,170,Peligro
12.8,93,5.7,1385,niebla,0.5,56,0,4.7,3.2,8.0,286,cubierto,ninguna,mojada,1000,500,356.0,11.4,False,False,False,16,False,7,193,Precaución
19.3,75,20.9,4322,lluvia_ligera,3.0,138,180,14.0,15.5,27.2,1089,cubierto,leve,humeda,1009,2500,3616.0,16.1,False,False,False,0,True,7,206,Precaución
13.5,88,15.9,4688,lluvia_ligera,5.0,271,90,0.3,-15.9,22.3,1384,nublado,leve,mojada,1008,1000,1060.0,9.2,False,False,False,2,True,2,32,Precaución
11.1,77,16.2,6506,lluvia_ligera,2.6,346,90,15.7,-3.9,19.4,831,nublado,moderada,humeda,1000,2500,2632.0,7.4,False,False,False,13,False,9,262,Precaución
11.3,89,39.0,1810,tormenta,29.4,69,45,15.9,35.6,42.9,707,cubierto,moderada,mojada,992,1000,796.0,6.8,False,True,False,12,False,6,169,Peligro
17.3,67,10.4,6936,nublado,1.4,268,45,7.1,-7.6,14.6,1954,nublado,leve,humeda,1007,2500,3376.0,6.9,False,False,False,9,False,10,280,Seguro
26.3,30,7.0,9760,despejado,0.0,228,225,0.4,7.0,9.8,13652,despejado,leve,seca,1029,1000,2596.0,16.3,False,False,False,6,False,3,62,Seguro
15.6,83,43.0,4623,granizo,27.4,51,270,27.1,-33.4,60.2,841,cubierto,severa,contaminada,1000,2500,3172.0,12.8,False,True,True,3,True,9,262,Peligro
16.1,54,14.5,9939,despejado,0.0,18,135,12.9,-6.6,16.0,14898,despejado,ninguna,seca,1016,1000,1372.0,4.2,False,False,False,2,True,7,185,Seguro
19.7,31,14.0,8829,despejado,0.0,263,45,8.6,-11.0,19.6,10105,despejado,ninguna,seca,1025,1000,1804.0,9.0,False,False,False,20,False,2,47,Seguro
15.7,96,3.6,1052,niebla,1.3,252,315,3.2,1.6,4.3,314,cubierto,ninguna,humeda,1001,2000,2564.0,14.4,False,False,False,1,True,4,96,Precaución
16.5,77,17.4,5877,lluvia_ligera,4.0,166,135,9.0,14.9,22.6,2217,cubierto,moderada,mojada,1014,1000,1420.0,13.2,False,False,False,19,False,11,311,Seguro
16.3,97,3.9,2009,niebla,1.2,161,45,3.5,-1.7,4.3,448,cubierto,ninguna,humeda,1009,500,776.0,15.5,False,False,False,1,True,5,148,Precaución
17.1,35,3.7,8495,despejado,0.0,67,180,3.4,-1.4,5.2,7897,despejado,ninguna,seca,1014,0,252.0,9.5,False,False,False,3,True,9,250,Seguro
11.3,87,40.2,3145,granizo,21.8,92,225,29.4,-27.4,44.2,1506,cubierto,severa,mojada,1016,1000,796.0,8.2,False,True,False,2,True,2,59,Peligro
6.1,96,0.7,2121,niebla,1.9,222,270,0.5,0.5,0.8,664,cubierto,ninguna,humeda,1010,500,-448.0,4.5,True,False,False,13,False,7,208,Precaución
13.7,100,8.3,2311,niebla,1.9,168,45,7.0,-4.5,10.8,139,cubierto,ninguna,humeda,1001,0,-156.0,11.7,False,False,False,2,True,1,26,Precaución
8.8,85,10.8,6453,lluvia_ligera,4.9,328,135,2.4,-10.5,14.0,2288,nublado,moderada,mojada,1014,500,-124.0,4.3,False,False,False,18,False,6,157,Seguro
7.4,92,35.9,2730,tormenta,34.2,107,225,31.7,-16.9,50.3,551,cubierto,severa,mojada,991,1000,328.0,5.7,True,True,False,8,False,8,231,Peligro
13.9,94,11.3,801,niebla,1.4,42,315,11.3,0.6,13.6,771,cubierto,ninguna,humeda,1011,1000,1108.0,13.8,False,False,False,8,False,10,272,Precaución
17.4,99,6.2,946,niebla,1.0,105,135,3.1,5.4,8.1,416,cubierto,ninguna,humeda,1012,2500,3388.0,17.3,False,False,False,8,False,6,154,Precaución
26.6,28,12.0,9127,despejado,0.0,305,90,6.9,-9.8,14.4,5474,despejado,leve,seca,1010,500,2012.0,13.4,False,False,False,12,False,7,208,Seguro
24.9,36,0.1,9143,despejado,0.0,289,45,0.1,-0.0,0.1,14037,despejado,leve,seca,1029,2500,4288.0,12.0,False,False,False,12,False,4,102,Seguro
10.6,81,40.4,3281,granizo,15.5,207,135,38.4,12.5,52.5,617,cubierto,severa,mojada,1005,0,-528.0,8.2,False,True,False,19,False,12,348,Peligro
18.6,51,9.0,6117,nublado,0.4,74,135,7.9,4.4,12.6,2613,dispersas,ninguna,humeda,1000,1000,1672.0,12.2,False,False,False,17,False,6,170,Seguro
27.3,67,16.6,8151,nublado,0.5,297,90,7.5,-14.8,21.6,3907,dispersas,leve,seca,1014,0,1476.0,21.0,False,False,False,0,True,4,91,Seguro
22.1,67,8.1,7744,nublado,1.4,215,0,4.6,-6.6,11.3,3445,dispersas,ninguna,seca,1007,0,852.0,17.1,False,False,False,8,False,12,330,Seguro
18.4,61,19.0,7479,nublado,0.6,140,180,12.2,14.6,28.5,3520,nublado,leve,humeda,1012,0,408.0,6.7,False,False,False,2,True,9,252,Seguro
12.3,88,31.3,1870,lluvia_fuerte,12.8,209,315,30.1,-8.6,43.8,420,cubierto,severa,mojada,999,0,-324.0,7.7,False,False,False,5,True,2,41,Peligro
7.9,100,0.3,1621,niebla,1.3,221,315,0.3,-0.0,0.4,404,cubierto,ninguna,humeda,1006,500,-232.0,6.7,True,False,False,0,True,12,348,Precaución
27.9,51,6.5,7453,nublado,1.9,148,315,1.5,-6.3,9.1,3174,nublado,leve,humeda,1005,2500,4648.0,13.7,False,False,False,16,False,2,43,Seguro
14.4,53,18.0,7314,nublado,1.7,88,225,12.3,-13.2,21.6,3434,dispersas,leve,humeda,1020,500,548.0,5.0,False,False,False,5,True,3,71,Seguro
12.0,92,11.7,2225,niebla,1.8,74,0,11.2,3.2,14.0,665,cubierto,ninguna,humeda,1003,2000,2120.0,11.0,False,False,False,1,True,11,303,Precaución
14.9,71,11.4,6042,nublado,0.4,234,90,6.7,-9.2,14.8,1989,nublado,leve,seca,1003,500,608.0,10.7,False,False,False,7,False,7,202,Seguro
23.5,57,23.4,8195,nublado,1.7,298,180,20.7,-11.0,32.8,2905,nublado,ninguna,seca,1019,1000,2260.0,11.3,False,False,False,23,True,8,228,Seguro
14.6,87,34.7,1194,lluvia_fuerte,21.8,301,135,8.4,-33.7,48.6,865,cubierto,moderada,mojada,1005,0,-48.0,12.5,False,True,False,6,False,1,9,Peligro
17.0,88,25.6,3810,lluvia_ligera,2.9,312,90,17.1,-19.0,35.8,1448,cubierto,leve,humeda,1002,0,240.0,14.9,False,False,False,1,True,6,170,Precaución
22.1,71,13.6,8947,nublado,1.1,159,0,4.9,-12.7,19.0,2412,dispersas,ninguna,seca,1015,2500,3952.0,19.1,False,False,False,14,False,5,120,Seguro
5.7,99,8.0,2127,niebla,0.1,136,45,8.0,-0.1,11.2,400,cubierto,ninguna,mojada,1018,2500,1984.0,5.4,True,False,False,17,False,12,332,Precaución
33.9,49,4.4,9965,despejado,0.0,356,315,2.9,3.3,5.7,11195,despejado,ninguna,seca,1011,1000,3508.0,27.5,False,False,False,12,False,10,285,Seguro
29.1,30,19.6,8369,despejado,0.0,151,0,9.5,-17.1,25.5,10328,despejado,leve,seca,1018,500,2312.0,19.3,False,False,False,2,True,12,353,Seguro
9.3,96,3.1,2031,niebla,1.9,328,225,3.0,-0.7,4.0,243,cubierto,ninguna,humeda,1015,0,-684.0,7.6,True,False,False,1,True,9,263,Precaución
14.6,82,14.5,4242,lluvia_ligera,2.3,131,180,10.9,9.5,18.9,2398,nublado,leve,mojada,1002,2500,3052.0,10.5,False,False,False,4,True,8,238,Precaución
16.9,94,1.3,1256,niebla,1.8,265,0,1.3,-0.1,1.7,692,cubierto,ninguna,mojada,1010,1000,1468.0,16.9,False,False,False,12,False,4,112,Precaución
18.3,47,17.1,8229,despejado,0.0,82,90,2.4,16.9,18.8,8865,despejado,ninguna,seca,1012,1000,1636.0,10.1,False,False,False,2,True,8,222,Seguro
30.4,40,11.4,8999,despejado,0.0,262,45,6.9,-9.1,13.7,10397,despejado,leve,seca,1027,0,1848.0,19.8,False,False,False,1,True,2,34,Seguro
8.8,99,8.3,1571,niebla,0.8,83,45,5.1,6.5,11.6,706,cubierto,ninguna,mojada,1005,500,-124.0,7.8,True,False,False,8,False,11,319,Precaución
21.1,54,15.5,6693,nublado,1.8,341,135,6.8,-13.9,17.1,3407,dispersas,ninguna,humeda,1014,1000,1972.0,11.4,False,False,False,1,True,10,290,Seguro
15.6,73,22.6,7102,nublado,0.1,92,270,0.8,-22.6,27.1,2868,dispersas,leve,humeda,1009,500,692.0,13.0,False,False,False,14,False,7,187,Seguro
26.1,74,14.8,8105,nublado,0.1,169,315,8.3,-12.3,20.7,3744,dispersas,ninguna,humeda,1020,1000,2572.0,23.7,False,False,False,6,False,2,48,Seguro
8.8,92,0.3,2344,niebla,0.3,81,225,0.2,-0.2,0.4,240,cubierto,ninguna,humeda,1017,2500,2356.0,7.2,True,False,False,18,False,7,185,Precaución
18.2,72,36.6,2339,granizo,27.0,83,90,4.5,36.3,47.6,836,cubierto,severa,mojada,1007,2000,2864.0,15.5,False,True,True,16,False,12,343,Peligro
11.6,94,1.7,801,niebla,0.6,229,90,1.1,-1.3,2.0,467,cubierto,ninguna,mojada,1017,0,-408.0,9.7,False,False,False,22,True,3,60,Precaución
17.1,92,3.9,833,niebla,0.5,278,225,3.1,2.3,5.1,647,cubierto,ninguna,humeda,1018,1000,1492.0,15.4,False,False,False,3,True,4,116,Precaución
5.9,100,0.8,2178,niebla,1.6,291,270,0.3,0.7,1.1,395,cubierto,ninguna,mojada,1004,0,-1092.0,5.1,True,False,False,0,True,11,322,Precaución
13.9,57,9.7,7938,nublado,1.2,136,0,6.7,-7.0,11.6,2154,dispersas,ninguna,seca,1002,2000,2348.0,8.8,False,False,False,14,False,2,51,Seguro
20.5,83,15.7,5487,lluvia_ligera,2.9,160,0,5.4,-14.8,22.0,1657,nublado,moderada,mojada,1016,500,1280.0,18.3,False,False,False,19,False,7,205,Seguro
-6.2,89,14.5,2065,nieve,10.7,194,45,7.5,-12.4,20.3,833,cubierto,moderada,contaminada,1013,1000,-1304.0,-10.7,False,False,False,15,False,1,10,Peligro
16.9,69,21.9,8785,nublado,1.0,223,315,21.9,-0.8,26.3,3668,dispersas,leve,seca,1017,0,228.0,11.5,False,False,False,12,False,8,212,Precaución
23.1,66,14.5,6246,nublado,1.2,184,270,14.5,1.0,17.4,2039,nublado,ninguna,humeda,1016,2500,4072.0,12.5,False,False,False,11,False,7,206,Seguro
8.8,94,25.3,3437,lluvia_fuerte,13.9,119,180,22.1,12.3,32.9,1341,cubierto,severa,contaminada,1001,500,-124.0,8.4,True,False,False,11,False,8,226,Peligro
16.5,78,33.6,3376,granizo,23.8,167,135,17.8,28.5,37.0,999,cubierto,severa,contaminada,1019,0,180.0,13.4,False,True,True,23,True,2,41,Peligro
19.2,50,13.7,9554,despejado,0.0,234,135,13.5,-2.1,17.8,11611,despejado,leve,seca,1029,2000,2984.0,5.3,False,False,False,8,False,6,159,Seguro
22.2,66,19.9,7854,nublado,1.8,161,225,17.9,8.7,27.9,2339,nublado,ninguna,humeda,1006,2000,3344.0,15.5,False,False,False,1,True,2,32,Seguro
20.1,89,33.9,2711,granizo,17.4,215,0,19.4,-27.8,47.5,1181,cubierto,severa,mojada,1018,2500,3712.0,15.8,False,True,False,3,True,3,79,Peligro
18.5,52,8.8,7757,nublado,2.0,52,135,8.7,1.1,11.4,3781,nublado,leve,seca,1019,2000,2900.0,8.8,False,False,False,18,False,8,213,Seguro
22.0,45,10.4,8543,despejado,0.0,341,90,9.8,-3.4,14.6,12532,despejado,leve,seca,1022,500,1460.0,14.6,False,False,False,6,False,1,19,Seguro
31.4,51,1.7,9548,despejado,0.0,142,315,0.2,-1.7,1.9,8515,despejado,ninguna,seca,1025,500,2588.0,25.8,False,False,False,3,True,6,150,Seguro
21.0,70,42.2,2967,granizo,24.5,224,45,0.7,-42.2,54.9,1013,cubierto,severa,mojada,1015,500,1340.0,10.3,False,True,False,17,False,6,179,Peligro
25.8,37,9.8,9529,despejado,0.0,29,225,2.7,-9.4,11.8,5558,despejado,leve,seca,1015,0,1296.0,12.4,False,False,False,3,True,12,357,Seguro
6.4,88,32.5,3782,lluvia_fuerte,17.1,196,225,15.8,28.4,48.8,774,cubierto,severa,mojada,981,2500,2068.0,3.6,True,True,False,1,True,2,38,Peligro
25.6,41,14.1,9519,despejado,0.0,344,90,13.6,-3.9,15.5,10912,despejado,ninguna,seca,1024,2000,3752.0,11.3,False,False,False,18,False,3,88,Seguro
15.0,85,23.4,1876,lluvia_fuerte,10.1,260,180,23.0,4.1,28.1,592,cubierto,moderada,contaminada,988,1000,1240.0,11.6,False,True,True,16,False,10,297,Peligro
23.3,69,23.0,6209,nublado,1.5,248,270,8.6,21.3,34.5,3957,nublado,ninguna,humeda,1000,2000,3476.0,16.8,False,False,False,3,True,2,35,Seguro
9.5,88,19.7,5330,lluvia_ligera,6.1,66,315,18.4,-7.1,29.5,1171,cubierto,leve,humeda,1003,2000,1820.0,6.2,False,False,False,2,True,5,134,Precaución
33.1,28,3.5,8297,despejado,0.0,80,135,2.9,2.0,4.2,8907,despejado,ninguna,seca,1010,0,2172.0,20.1,False,False,False,15,False,3,79,Seguro
26.3,25,3.8,9010,despejado,0.0,36,270,3.1,-2.2,4.9,9520,despejado,leve,seca,1010,2000,3836.0,20.0,False,False,False,23,True,9,258,Seguro
18.8,85,26.8,6538,lluvia_ligera,4.9,209,90,23.4,-13.0,34.8,1643,nublado,leve,mojada,1010,1000,1696.0,14.8,False,False,False,13,False,7,201,Precaución
13.7,85,12.5,4716,lluvia_ligera,4.8,242,270,5.9,11.0,18.8,2163,cubierto,moderada,humeda,1002,2000,2324.0,10.9,False,False,False,20,False,6,162,Seguro
8.1,87,18.8,4149,lluvia_ligera,7.7,143,225,18.6,2.6,28.2,1563,nublado,leve,mojada,1002,0,-828.0,4.1,False,False,False,21,True,11,320,Precaución
19.3,70,44.3,4689,granizo,22.7,31,45,10.7,43.0,62.0,1576,cubierto,severa,mojada,1003,2000,2996.0,11.8,False,True,True,16,False,3,64,Peligro
11.4,90,49.6,2223,tormenta,27.7,48,270,33.2,-36.9,64.5,922,cubierto,moderada,contaminada,1002,2500,2668.0,8.0,False,True,False,9,False,12,353,Peligro
33.5,51,8.5,8609,despejado,0.0,212,45,1.9,-8.3,9.4,11193,despejado,ninguna,seca,1029,2500,5320.0,21.1,False,False,False,13,False,11,326,Seguro
26.3,47,14.1,8114,despejado,0.0,255,0,13.6,-3.6,19.7,8485,despejado,leve,seca,1027,2000,3836.0,20.6,False,False,False,8,False,2,35,Seguro
33.4,50,20.0,8819,despejado,0.0,20,135,18.1,-8.5,28.0,8178,despejado,leve,seca,1011,1000,3448.0,22.6,False,False,False,6,False,4,95,Seguro
17.2,83,15.3,4417,lluvia_ligera,5.7,83,315,12.1,-9.4,23.0,1814,nublado,leve,mojada,1017,0,264.0,13.0,False,False,False,4,True,2,33,Precaución
10.1,86,14.4,5101,lluvia_ligera,6.0,260,270,2.5,14.2,17.3,1803,cubierto,moderada,mojada,1006,2000,1892.0,7.1,False,False,False,12,False,10,272,Precaución
10.4,84,25.1,3787,granizo,17.2,171,135,14.8,20.3,30.1,987,cubierto,severa,contaminada,1016,1000,688.0,8.0,False,True,False,9,False,2,44,Peligro
-7.3,80,13.2,1153,nieve,6.9,239,315,12.8,3.2,18.5,987,cubierto,leve,contaminada,1003,500,-2056.0,-10.4,False,False,False,21,True,7,189,Peligro
27.3,56,10.1,8141,nublado,0.3,223,135,10.1,0.4,14.1,2985,dispersas,leve,seca,1016,1000,2716.0,19.2,False,False,False,12,False,1,12,Seguro
16.1,74,26.6,6560,lluvia_ligera,3.9,64,180,23.9,-11.7,31.9,2167,nublado,moderada,mojada,1020,0,132.0,12.4,False,False,False,14,False,8,214,Precaución
11.0,99,10.9,2304,niebla,1.6,165,45,9.4,-5.4,14.2,100,cubierto,ninguna,mojada,1001,0,-480.0,10.4,False,False,False,18,False,9,261,Precaución
26.4,33,14.8,9630,despejado,0.0,203,135,13.7,5.5,20.7,11701,despejado,leve,seca,1014,500,1988.0,14.0,False,False,False,23,True,5,135,Seguro
18.3,67,7.9,8316,nublado,0.9,181,0,0.1,-7.9,11.1,2468,dispersas,leve,seca,1016,0,396.0,12.3,False,False,False,16,False,12,336,Seguro
12.6,73,17.2,5957,lluvia_ligera,7.3,342,225,15.3,-7.8,25.8,1350,nublado,leve,humeda,1011,0,-288.0,9.8,False,False,False,23,True,12,338,Precaución
11.0,75,36.6,4355,granizo,21.3,60,315,35.4,-9.5,43.9,1597,cubierto,severa,mojada,1014,1000,760.0,6.4,False,True,True,1,True,5,149,Peligro
25.4,38,13.5,8052,despejado,0.0,304,180,11.2,-7.5,17.6,12933,despejado,leve,seca,1030,500,1868.0,19.6,False,False,False,3,True,8,224,Seguro
15.9,73,6.7,7441,nublado,0.9,68,225,2.6,-6.2,7.4,2918,dispersas,leve,seca,1018,1000,1348.0,11.9,False,False,False,22,True,10,289,Seguro
-4.7,93,11.4,3185,nieve,10.6,126,45,11.3,1.8,17.1,631,cubierto,moderada,contaminada,1004,1000,-1124.0,-5.7,False,False,False,11,False,6,158,Peligro
-4.5,80,33.1,3389,nieve,11.9,211,315,32.1,-8.0,46.3,658,cubierto,moderada,nevada,1016,2500,760.0,-7.2,False,False,False,15,False,12,339,Peligro
20.5,83,28.4,2263,granizo,20.9,126,315,4.4,-28.1,34.1,720,cubierto,severa,contaminada,1003,500,1280.0,16.0,False,True,False,21,True,6,163,Peligro
19.5,50,10.2,9678,despejado,0.0,109,315,4.5,-9.2,12.2,5507,despejado,leve,seca,1030,500,1160.0,10.1,False,False,False,17,False,1,5,Seguro
20.1,39,2.1,9816,despejado,0.0,287,0,2.0,0.6,2.9,7596,despejado,ninguna,seca,1014,1000,1852.0,9.6,False,False,False,9,False,9,258,Seguro
23.2,43,10.3,9044,despejado,0.0,43,45,0.4,10.3,12.4,6154,despejado,leve,seca,1018,0,984.0,8.5,False,False,False,21,True,10,297,Seguro
26.1,29,7.7,8563,despejado,0.0,60,270,3.8,-6.7,11.6,14401,despejado,ninguna,seca,1019,2000,3812.0,13.3,False,False,False,18,False,6,153,Seguro
13.0,72,31.3,2145,granizo,26.1,88,180,31.3,-1.1,40.7,1662,cubierto,severa,contaminada,1018,2000,2240.0,10.1,False,True,False,3,True,8,219,Peligro
14.4,97,1.6,1442,niebla,0.8,121,0,1.4,-0.8,1.9,457,cubierto,ninguna,humeda,1019,2500,3028.0,13.1,False,False,False,17,False,1,25,Precaución
15.9,32,3.7,9152,despejado,0.0,256,180,3.6,0.9,4.4,6139,despejado,ninguna,seca,1025,2500,3208.0,6.9,False,False,False,13,False,8,221,Seguro
16.7,66,12.7,8491,nublado,1.6,165,0,3.3,-12.3,16.5,3494,dispersas,ninguna,humeda,1005,2500,3304.0,4.3,False,False,False,20,False,8,223,Seguro
15.4,78,27.6,1857,granizo,13.7,45,135,27.6,0.0,35.9,1419,cubierto,severa,contaminada,1019,2500,3148.0,11.0,False,True,True,12,False,1,7,Peligro
27.3,57,16.3,8352,nublado,1.3,310,315,1.4,16.2,22.8,3212,dispersas,leve,seca,1016,2000,3956.0,19.1,False,False,False,6,False,10,295,Seguro
10.9,94,0.1,2052,niebla,0.6,353,315,0.1,0.1,0.1,120,cubierto,ninguna,humeda,1008,0,-492.0,9.8,False,False,False,5,True,5,139,Precaución
23.7,50,22.4,8007,nublado,0.1,90,225,15.8,-15.8,31.4,3849,dispersas,leve,humeda,1016,0,1044.0,17.8,False,False,False,1,True,7,207,Precaución
13.0,73,11.8,6447,nublado,0.5,93,45,8.8,7.9,15.3,2279,nublado,ninguna,humeda,1002,2000,2240.0,8.6,False,False,False,17,False,2,51,Seguro
16.8,76,20.9,3058,lluvia_ligera,4.9,163,45,18.5,-9.8,25.1,1180,cubierto,moderada,humeda,1016,1000,1456.0,13.3,False,False,False,12,False,4,119,Precaución
12.0,96,10.0,1702,niebla,1.3,21,45,4.1,9.1,12.0,381,cubierto,ninguna,humeda,1013,2000,2120.0,11.2,False,False,False,9,False,9,253,Precaución
5.6,93,42.7,1373,lluvia_fuerte,11.6,159,270,39.9,-15.3,64.1,321,cubierto,moderada,mojada,981,500,-508.0,4.5,True,False,True,13,False,8,214,Peligro
4.1,82,12.2,3720,nieve,6.6,94,45,9.2,8.0,14.6,640,cubierto,leve,nevada,1012,2000,1172.0,0.0,False,False,False,4,True,11,310,Precaución
16.3,31,5.9,9530,despejado,0.0,300,45,5.7,-1.5,8.9,8718,despejado,leve,seca,1019,1000,1396.0,5.6,False,False,False,8,False,7,187,Seguro
11.0,86,44.4,3655,granizo,12.8,329,315,10.7,43.1,48.8,763,cubierto,severa,mojada,1017,1000,760.0,8.8,False,True,False,16,False,1,26,Peligro
19.3,74,16.1,3388,lluvia_ligera,6.3,307,0,12.9,9.7,20.9,1304,nublado,leve,humeda,1010,0,516.0,16.1,False,False,False,13,False,6,167,Precaución
18.1,60,6.5,6798,nublado,0.1,183,0,0.3,-6.5,7.2,1788,nublado,leve,humeda,1009,2000,2852.0,5.5,False,False,False,1,True,2,30,Seguro
16.5,84,32.0,1997,granizo,27.4,306,135,5.0,-31.6,38.4,1442,cubierto,severa,contaminada,1010,1000,1420.0,12.2,False,True,True,0,True,10,278,Peligro
29.8,37,2.6,8378,despejado,0.0,241,0,2.3,-1.3,3.9,6497,despejado,ninguna,seca,1030,500,2396.0,18.5,False,False,False,14,False,9,254,Seguro
10.3,91,50.1,2919,tormenta,25.8,189,180,7.8,49.5,75.2,435,cubierto,severa,contaminada,1003,2500,2536.0,9.5,False,True,True,19,False,5,131,Peligro
20.3,48,2.0,9462,despejado,0.0,51,315,2.0,-0.2,2.4,5921,despejado,ninguna,seca,1026,500,1256.0,10.0,False,False,False,6,False,8,218,Seguro
6.7,85,21.4,2769,lluvia_fuerte,16.3,178,0,0.7,-21.4,30.0,342,cubierto,severa,mojada,997,1000,244.0,4.1,True,False,True,12,False,4,97,Peligro
17.4,87,17.1,6252,lluvia_ligera,3.1,220,0,11.0,-13.1,23.9,2358,cubierto,leve,humeda,1015,500,908.0,14.8,False,False,False,19,False,11,301,Seguro
14.5,92,1.7,1197,niebla,2.0,168,225,1.4,0.9,2.4,711,cubierto,ninguna,humeda,1010,2500,3040.0,14.3,False,False,False,20,False,11,314,Precaución
13.9,74,16.3,6226,lluvia_ligera,4.6,280,225,13.4,9.3,17.9,853,nublado,leve,mojada,1020,0,-132.0,10.8,False,False,False,10,False,5,140,Precaución
14.6,89,16.9,4510,lluvia_ligera,7.8,27,225,5.2,-16.1,20.3,1860,nublado,leve,humeda,1006,500,572.0,10.2,False,False,False,10,False,4,97,Seguro
5.0,100,9.0,847,niebla,0.8,230,180,6.9,5.8,11.7,528,cubierto,ninguna,humeda,1014,1000,40.0,3.4,True,False,False,0,True,7,185,Precaución
15.5,50,7.3,6863,nublado,0.1,42,45,0.4,7.3,8.8,3237,nublado,leve,seca,1020,2000,2540.0,5.5,False,False,False,21,True,1,15,Seguro
17.6,73,12.7,5004,lluvia_ligera,5.2,252,135,11.3,-5.8,16.5,1717,nublado,leve,humeda,1017,0,312.0,13.0,False,False,False,17,False,6,163,Seguro
11.4,74,18.0,3151,lluvia_ligera,2.5,271,0,18.0,0.3,21.6,1535,cubierto,leve,mojada,1019,2500,2668.0,6.9,False,False,False,2,True,3,70,Precaución
3.4,93,12.0,3118,nieve,9.5,276,135,7.6,-9.3,13.2,641,cubierto,moderada,nevada,1009,1000,-152.0,2.6,True,False,True,11,False,2,35,Peligro
28.0,58,21.7,6668,nublado,0.5,269,0,21.7,-0.4,26.0,2172,nublado,ninguna,seca,1003,500,2180.0,20.1,False,False,False,4,True,4,93,Precaución
12.1,81,17.5,4896,lluvia_ligera,6.2,198,315,15.6,-7.9,21.0,987,nublado,leve,humeda,1010,1000,892.0,9.3,False,False,False,0,True,7,197,Precaución
9.0,94,7.9,1852,niebla,0.8,285,0,7.6,2.0,8.7,391,cubierto,ninguna,humeda,1007,2000,1760.0,8.8,True,False,False,20,False,11,307,Precaución
13.2,75,35.7,3481,granizo,14.6,333,225,34.0,-11.0,50.0,1732,cubierto,severa,mojada,1000,2000,2264.0,8.3,False,True,True,22,True,10,296,Peligro
2.7,82,21.5,1635,nieve,9.1,214,90,17.8,-12.0,25.8,1884,cubierto,leve,nevada,1002,0,-1476.0,-1.1,False,False,False,14,False,11,307,Peligro
34.1,41,3.8,8974,despejado,0.0,61,270,1.8,-3.3,5.7,13235,despejado,ninguna,seca,1018,500,2912.0,26.6,False,False,False,22,True,10,297,Seguro
10.6,93,2.3,905,niebla,1.7,303,225,2.2,0.5,3.2,216,cubierto,ninguna,mojada,1011,1000,712.0,8.8,False,False,False,19,False,12,350,Precaución
20.9,52,12.8,9551,despejado,0.0,8,270,12.7,-1.8,15.4,11907,despejado,leve,seca,1012,1000,1948.0,10.9,False,False,False,0,True,2,37,Seguro
26.6,54,19.1,7600,nublado,0.1,270,270,0.0,19.1,24.8,1528,dispersas,leve,seca,1010,2000,3872.0,15.0,False,False,False,11,False,4,98,Seguro
26.9,49,3.3,9263,despejado,0.0,60,270,1.6,-2.9,4.6,11216,despejado,leve,seca,1017,2000,3908.0,16.0,False,False,False,14,False,11,320,Seguro
27.8,73,21.0,8592,nublado,0.5,26,180,9.2,-18.9,31.5,1779,dispersas,leve,humeda,1019,0,1536.0,25.6,False,False,False,7,False,5,130,Seguro
22.2,67,17.8,6758,nublado,1.8,268,90,0.6,-17.8,26.7,2501,dispersas,leve,seca,1002,500,1484.0,15.5,False,False,False,4,True,5,136,Seguro
17.0,87,48.4,3746,granizo,18.9,233,225,6.7,47.9,62.9,1928,cubierto,severa,mojada,1020,2500,3340.0,14.1,False,True,False,11,False,9,247,Peligro
18.3,35,15.7,8986,despejado,0.0,54,90,9.2,12.7,17.3,8162,despejado,ninguna,seca,1019,1000,1636.0,4.7,False,False,False,3,True,10,278,Seguro
16.4,92,0.1,1881,niebla,0.0,97,0,0.1,-0.0,0.1,196,cubierto,ninguna,mojada,1018,0,168.0,16.2,False,False,False,5,True,10,270,Precaución
19.3,29,8.7,8130,despejado,0.0,127,90,5.2,6.9,11.3,5238,despejado,ninguna,seca,1023,500,1136.0,8.3,False,False,False,23,True,12,355,Seguro
9.8,85,18.1,6994,lluvia_ligera,7.3,200,315,16.4,-7.6,19.9,1930,cubierto,leve,humeda,1008,2500,2476.0,5.8,False,False,False,11,False,8,236,Precaución
21.5,77,16.5,5019,lluvia_ligera,2.9,334,225,15.6,-5.4,24.8,1391,cubierto,leve,humeda,1001,2000,3260.0,16.7,False,False,False,11,False,6,161,Precaución
22.8,55,3.3,8096,despejado,0.0,329,90,2.8,-1.7,4.3,6864,despejado,ninguna,seca,1023,2000,3416.0,14.3,False,False,False,21,True,12,357,Seguro
14.7,77,10.0,5734,lluvia_ligera,7.1,198,0,3.1,-9.5,11.0,1689,cubierto,leve,humeda,1006,2500,3064.0,11.7,False,False,False,0,True,1,25,Seguro
9.8,75,14.2,3195,lluvia_ligera,2.1,78,0,13.9,3.0,15.6,1656,nublado,leve,humeda,1006,1000,616.0,5.8,False,False,False,20,False,5,141,Precaución
14.4,50,8.4,7056,nublado,2.0,96,225,6.5,-5.3,10.1,1607,nublado,ninguna,seca,1011,500,548.0,6.1,False,False,False,10,False,2,50,Seguro
19.1,26,19.8,9437,despejado,0.0,109,270,6.4,-18.7,23.8,7338,despejado,leve,seca,1016,2000,2972.0,9.1,False,False,False,9,False,11,304,Seguro
16.1,50,24.0,6573,nublado,0.6,325,45,23.6,4.2,26.4,1579,dispersas,leve,humeda,1020,1000,1372.0,8.0,False,False,False,19,False,10,296,Precaución
28.5,30,19.0,9820,despejado,0.0,121,180,16.3,9.8,26.6,8178,despejado,leve,seca,1025,1000,2860.0,22.3,False,False,False,22,True,7,206,Seguro
18.9,71,25.9,4097,lluvia_ligera,2.9,136,315,0.5,-25.9,31.1,2258,nublado,leve,mojada,1010,500,1088.0,15.5,False,False,False,18,False,6,170,Precaución
29.2,52,8.8,9679,despejado,0.0,38,180,5.4,-6.9,11.4,7433,despejado,leve,seca,1018,500,2324.0,21.5,False,False,False,22,True,3,89,Seguro
17.6,58,20.6,7421,nublado,1.4,92,270,0.7,-20.6,24.7,1856,nublado,leve,humeda,1017,1000,1552.0,7.5,False,False,False,2,True,12,358,Seguro
10.4,92,7.9,1007,niebla,0.5,352,180,1.1,-7.8,11.1,419,cubierto,ninguna,humeda,1003,1000,688.0,10.1,False,False,False,17,False,6,167,Precaución
22.1,56,14.9,6551,nublado,0.8,17,180,4.4,-14.2,22.4,2823,dispersas,ninguna,humeda,1019,2500,3952.0,12.1,False,False,False,10,False,7,200,Seguro
-0.0,94,16.1,3620,nieve,8.4,100,315,9.2,-13.2,22.5,1655,cubierto,leve,nevada,1017,2500,1300.0,-0.4,True,False,False,23,True,7,205,Precaución
12.4,98,11.8,918,niebla,1.9,96,315,7.4,-9.2,13.0,165,cubierto,ninguna,mojada,1018,2000,2168.0,11.1,False,False,False,9,False,2,48,Peligro
8.0,73,16.7,4523,lluvia_ligera,6.6,292,270,6.3,15.5,23.4,1643,cubierto,leve,mojada,1012,1000,400.0,5.3,True,False,False,14,False,8,215,Precaución
14.8,71,19.3,7035,nublado,0.2,266,45,12.7,-14.6,29.0,1895,dispersas,leve,seca,1017,2000,2456.0,12.0,False,False,False,1,True,1,2,Seguro
13.0,100,1.0,1535,niebla,0.7,149,135,0.2,1.0,1.4,416,cubierto,ninguna,mojada,1019,0,-240.0,11.3,False,False,False,14,False,3,65,Precaución
14.9,74,16.2,4593,lluvia_ligera,4.9,259,90,3.1,-15.9,21.1,1024,cubierto,moderada,mojada,1015,2500,3088.0,10.0,False,False,False,19,False,12,347,Precaución
17.5,69,13.4,6821,nublado,0.3,98,180,13.3,1.9,16.1,1630,dispersas,ninguna,seca,1011,0,300.0,4.8,False,False,False,18,False,5,141,Seguro
-5.5,93,18.4,3775,nieve,17.6,312,0,13.7,12.3,27.6,404,cubierto,moderada,nevada,1008,1000,-1220.0,-6.6,False,False,False,6,False,5,133,Peligro
19.7,98,43.9,2023,lluvia_fuerte,13.0,245,225,15.0,41.3,61.5,974,cubierto,moderada,mojada,998,1000,1804.0,18.0,False,False,True,7,False,2,56,Peligro
-5.3,93,11.5,1456,nieve,10.1,118,0,10.2,-5.4,15.0,1678,cubierto,moderada,contaminada,1018,1000,-1196.0,-7.2,False,False,False,11,False,5,122,Peligro
28.0,40,14.6,8679,despejado,0.0,206,225,4.8,13.8,20.4,6459,despejado,ninguna,seca,1022,2000,4040.0,21.6,False,False,False,10,False,4,94,Seguro
26.3,55,11.4,7595,nublado,0.4,132,90,7.6,8.5,16.0,3677,nublado,leve,seca,1004,500,1976.0,19.9,False,False,False,18,False,5,137,Seguro
18.7,86,25.3,6211,lluvia_ligera,5.1,211,0,13.0,-21.7,32.9,2017,nublado,leve,mojada,1000,0,444.0,15.2,False,False,False,10,False,3,61,Precaución
14.6,93,5.9,853,niebla,0.4,130,0,4.5,-3.8,7.1,604,cubierto,ninguna,mojada,1014,500,572.0,14.3,False,False,False,11,False,5,149,Precaución
24.5,60,14.0,6240,nublado,2.0,269,90,0.2,-14.0,21.0,2275,dispersas,leve,seca,1009,2000,3620.0,15.8,False,False,False,17,False,7,196,Seguro
9.3,97,3.2,1193,niebla,0.6,75,135,2.8,1.6,4.2,701,cubierto,ninguna,mojada,1012,1000,556.0,7.9,True,False,False,18,False,12,359,Precaución
13.0,88,25.7,3070,lluvia_ligera,7.8,313,315,0.9,25.7,36.0,2151,cubierto,leve,humeda,1017,2500,2860.0,10.8,False,False,False,4,True,8,238,Precaución
7.9,99,5.4,1963,niebla,1.0,288,270,1.7,5.1,7.6,637,cubierto,ninguna,mojada,1008,1000,388.0,6.9,True,False,False,13,False,2,38,Precaución
11.9,96,2.8,1804,niebla,1.2,244,90,1.2,-2.5,3.6,192,cubierto,ninguna,humeda,1004,500,248.0,11.3,False,False,False,3,True,5,144,Precaución
9.8,95,1.3,1068,niebla,1.3,137,135,0.0,1.3,1.8,781,cubierto,ninguna,humeda,1016,1000,616.0,8.0,True,False,False,15,False,8,234,Precaución
23.0,68,12.1,8168,nublado,0.1,207,225,3.7,11.5,15.7,1989,dispersas,leve,humeda,1001,2000,3440.0,13.5,False,False,False,2,True,2,47,Seguro
24.6,45,19.9,9819,despejado,0.0,92,45,14.6,13.6,21.9,10274,despejado,leve,seca,1017,500,1772.0,16.8,False,False,False,19,False,2,56,Seguro
17.8,84,13.1,3294,lluvia_ligera,2.9,316,0,9.1,9.4,17.0,1185,nublado,leve,humeda,1003,500,956.0,15.3,False,False,False,15,False,3,82,Seguro
17.7,52,16.2,8475,despejado,0.0,318,270,12.0,10.8,24.3,8477,despejado,leve,seca,1024,2000,2804.0,5.7,False,False,False,15,False,1,29,Seguro
18.0,63,23.0,7891,nublado,1.7,100,135,13.2,18.8,29.9,2798,dispersas,ninguna,humeda,1005,1000,1600.0,5.7,False,False,False,9,False,7,182,Seguro
19.9,75,9.0,7289,nublado,2.0,291,0,8.4,3.2,13.5,2920,nublado,ninguna,humeda,1015,2500,3688.0,15.9,False,False,False,8,False,5,129,Seguro
6.5,92,1.6,717,niebla,1.1,274,180,1.6,-0.1,1.9,213,cubierto,ninguna,mojada,1013,2500,2080.0,4.7,True,False,False,22,True,5,147,Peligro
18.8,57,15.3,8511,nublado,1.6,211,0,7.9,-13.1,21.4,2613,nublado,leve,humeda,1005,500,1076.0,10.9,False,False,False,20,False,8,234,Seguro
34.6,43,9.3,8995,despejado,0.0,90,0,9.3,0.0,12.1,6276,despejado,ninguna,seca,1017,0,2352.0,24.3,False,False,False,3,True,2,41,Seguro
11.2,89,24.0,1904,lluvia_fuerte,19.3,27,315,22.8,7.4,33.6,817,cubierto,moderada,mojada,982,1000,784.0,7.2,False,True,False,8,False,2,51,Peligro
10.4,76,27.2,3034,lluvia_ligera,4.5,218,0,16.7,-21.4,32.6,2370,cubierto,leve,mojada,1003,1000,688.0,8.0,False,False,False,22,True,10,297,Precaución
-0.9,80,21.9,1770,nieve,13.3,343,270,20.9,6.4,26.3,1137,cubierto,moderada,nevada,1002,0,-1908.0,-3.3,False,False,False,15,False,12,337,Peligro
7.4,88,37.6,2104,tormenta,16.2,83,270,4.6,-37.3,52.6,433,cubierto,moderada,contaminada,999,1000,328.0,4.1,False,True,False,10,False,4,93,Peligro
23.7,71,14.8,7265,nublado,1.8,42,225,0.8,-14.8,17.8,2662,dispersas,leve,humeda,1014,2000,3524.0,21.1,False,False,False,2,True,7,184,Seguro
-2.7,77,25.8,2689,nieve,9.0,120,225,24.9,-6.7,31.0,987,cubierto,leve,contaminada,1004,500,-1504.0,-4.8,False,False,False,9,False,8,238,Peligro
21.5,82,37.6,3214,granizo,29.3,26,315,35.6,12.2,52.6,908,cubierto,severa,mojada,1017,0,780.0,17.4,False,True,False,16,False,3,64,Peligro
10.6,96,7.6,1872,niebla,1.4,89,90,0.1,7.6,11.4,292,cubierto,ninguna,humeda,1015,0,-528.0,10.5,False,False,False,8,False,3,76,Precaución
14.1,79,23.5,3311,lluvia_ligera,7.2,170,0,4.1,-23.1,28.2,2483,nublado,moderada,humeda,1020,1000,1132.0,9.6,False,False,False,10,False,11,323,Precaución
15.9,94,5.3,535,niebla,0.9,183,315,3.9,-3.5,7.4,577,cubierto,ninguna,humeda,1017,500,728.0,15.1,False,False,False,18,False,2,41,Peligro
16.6,51,13.8,8382,despejado,0.0,330,180,6.9,-12.0,17.9,12986,despejado,leve,seca,1020,2000,2672.0,6.6,False,False,False,10,False,11,325,Seguro
16.6,79,18.1,6414,lluvia_ligera,2.0,109,315,7.9,-16.3,25.3,1387,nublado,leve,mojada,1005,0,192.0,13.7,False,False,False,21,True,11,325,Seguro
17.1,83,48.2,2862,granizo,24.3,259,180,47.3,9.2,57.8,705,cubierto,severa,mojada,1019,2500,3352.0,12.9,False,True,False,14,False,12,356,Peligro
-4.3,87,18.0,1730,nieve,19.3,294,135,6.5,-16.8,19.8,485,cubierto,leve,contaminada,1009,500,-1696.0,-6.7,False,False,False,8,False,9,250,Peligro
10.1,97,12.0,1629,niebla,2.0,303,180,10.1,-6.5,14.4,434,cubierto,ninguna,humeda,1001,2500,2512.0,8.2,False,False,False,3,True,8,222,Precaución
13.0,84,18.9,6945,lluvia_ligera,3.4,308,315,2.3,18.8,22.7,1820,cubierto,moderada,humeda,1020,2000,2240.0,8.3,False,False,False,16,False,4,114,Seguro
-6.6,91,12.7,1746,nieve,5.2,336,0,5.2,11.6,17.8,1997,cubierto,leve,nevada,1000,500,-1972.0,-7.4,False,False,False,15,False,11,322,Precaución
7.2,96,39.1,1383,lluvia_fuerte,23.6,0,180,0.0,-39.1,43.0,740,cubierto,moderada,mojada,990,1000,304.0,6.4,True,False,False,15,False,6,177,Peligro
25.2,41,8.5,8074,despejado,0.0,22,90,7.9,3.2,10.2,11269,despejado,leve,seca,1022,0,1224.0,17.2,False,False,False,18,False,1,10,Seguro
14.7,83,11.3,5464,lluvia_ligera,4.0,162,180,3.5,10.7,15.8,1742,nublado,moderada,mojada,1007,2500,3064.0,12.3,False,False,False,8,False,7,196,Seguro
11.5,90,16.4,3268,lluvia_ligera,6.2,231,0,12.7,-10.3,21.3,2230,nublado,leve,humeda,1000,500,200.0,7.4,False,False,False,12,False,5,132,Precaución
31.9,33,4.9,9349,despejado,0.0,226,225,0.1,4.9,6.4,5367,despejado,ninguna,seca,1029,2500,5128.0,25.7,False,False,False,16,False,3,66,Seguro
15.5,98,2.0,1141,niebla,0.5,141,135,0.2,2.0,2.4,326,cubierto,ninguna,mojada,1010,2000,2540.0,14.6,False,False,False,11,False,6,157,Precaución
11.3,94,33.9,933,tormenta,21.5,336,0,13.8,31.0,47.5,833,cubierto,severa,contaminada,992,0,-444.0,10.2,False,True,True,5,True,8,226,Peligro
25.0,61,17.1,8577,nublado,0.4,305,225,16.8,3.0,20.5,3314,nublado,ninguna,seca,1002,500,1820.0,16.4,False,False,False,11,False,4,99,Seguro
28.2,49,6.8,8061,despejado,0.0,199,270,6.4,2.2,8.8,14567,despejado,ninguna,seca,1020,2000,4064.0,14.8,False,False,False,1,True,5,146,Seguro
24.3,65,11.3,8441,nublado,0.1,328,180,6.0,-9.6,13.6,1672,dispersas,ninguna,humeda,1009,1000,2356.0,11.0,False,False,False,6,False,12,361,Seguro
20.1,74,9.5,8967,nublado,1.1,140,45,9.5,-0.8,12.3,2288,nublado,ninguna,humeda,1020,1000,1852.0,18.1,False,False,False,21,True,4,102,Seguro
13.9,72,13.7,8969,nublado,0.9,315,0,9.7,9.7,16.4,1894,nublado,ninguna,humeda,1001,2000,2348.0,11.6,False,False,False,13,False,6,167,Seguro
29.8,49,18.6,8532,despejado,0.0,179,135,12.9,13.4,20.5,5997,despejado,ninguna,seca,1029,500,2396.0,17.4,False,False,False,7,False,3,66,Seguro
19.0,80,14.1,6690,lluvia_ligera,7.0,113,45,13.1,5.3,16.9,1166,cubierto,leve,mojada,1020,1000,1720.0,14.6,False,False,False,22,True,2,32,Precaución
9.6,93,10.1,801,niebla,0.1,218,45,1.2,-10.0,14.1,700,cubierto,ninguna,mojada,1001,0,-648.0,8.9,True,False,False,1,True,9,241,Precaución
5.7,98,53.6,1072,tormenta,22.8,9,45,31.5,43.4,75.0,477,cubierto,moderada,contaminada,1000,2000,1364.0,5.2,True,True,False,12,False,9,261,Peligro
18.7,84,29.3,3019,granizo,26.5,292,135,11.4,-27.0,41.0,1504,cubierto,severa,contaminada,1004,2500,3544.0,14.5,False,True,False,18,False,1,27,Peligro
16.7,60,9.1,7944,nublado,0.2,316,225,9.1,-0.2,11.8,1648,nublado,leve,seca,1014,2000,2684.0,6.2,False,False,False,1,True,2,41,Seguro
23.3,72,45.2,4623,granizo,15.5,347,315,24.0,38.3,54.2,1300,cubierto,severa,contaminada,1012,2500,4096.0,18.6,False,True,False,6,False,7,186,Peligro
32.8,54,5.2,9231,despejado,0.0,46,180,3.7,-3.6,7.3,6182,despejado,ninguna,seca,1020,0,2136.0,19.0,False,False,False,10,False,3,74,Seguro
16.7,99,11.9,1125,niebla,1.8,219,315,11.8,-1.2,15.5,638,cubierto,ninguna,humeda,1017,500,824.0,15.8,False,False,False,18,False,9,266,Precaución
16.7,81,37.8,1946,granizo,19.0,337,45,35.0,14.2,49.1,953,cubierto,severa,mojada,1000,0,204.0,11.7,False,True,False,12,False,8,219,Peligro
-5.9,81,28.9,2049,nieve,10.0,146,315,5.5,-28.4,31.8,1069,cubierto,moderada,contaminada,1019,2500,592.0,-10.2,False,False,False,6,False,4,95,Peligro
14.9,93,8.5,1912,niebla,0.8,254,270,2.3,8.2,12.8,169,cubierto,ninguna,mojada,1004,2000,2468.0,14.8,False,False,False,19,False,6,164,Precaución
-0.4,88,25.0,1687,nieve,13.5,128,180,19.7,15.4,35.0,878,cubierto,leve,contaminada,1020,2500,1252.0,-4.7,False,False,True,6,False,11,312,Peligro
6.8,97,10.2,1413,niebla,1.5,122,315,2.3,-9.9,13.3,359,cubierto,ninguna,humeda,1013,2500,2116.0,5.8,True,False,False,0,True,5,136,Peligro
10.3,93,9.5,1588,niebla,1.6,213,225,2.0,9.3,13.3,481,cubierto,ninguna,humeda,1006,1000,676.0,9.0,False,False,False,11,False,6,168,Precaución
11.1,99,5.2,1327,niebla,1.1,273,270,0.3,5.2,6.2,573,cubierto,ninguna,humeda,1013,1000,772.0,10.4,False,False,False,10,False,2,34,Precaución
14.0,89,38.2,1869,tormenta,34.6,69,270,13.7,-35.7,42.0,875,cubierto,severa,mojada,1001,2000,2360.0,9.0,False,True,True,7,False,12,357,Peligro
12.3,95,4.5,1524,niebla,0.6,89,135,3.2,3.1,5.4,529,cubierto,ninguna,humeda,1019,500,296.0,11.9,False,False,False,22,True,6,155,Precaución
12.1,78,44.0,1544,granizo,22.7,321,315,4.6,43.8,52.8,1566,cubierto,severa,contaminada,1014,1000,892.0,7.6,False,True,False,17,False,11,313,Peligro
14.4,95,8.4,1721,niebla,0.8,251,135,7.5,-3.7,10.9,609,cubierto,ninguna,humeda,1004,2500,3028.0,14.0,False,False,False,16,False,12,332,Precaución
12.1,96,5.9,920,niebla,1.8,131,0,4.5,-3.9,7.7,513,cubierto,ninguna,mojada,1003,500,272.0,11.1,False,False,False,23,True,2,42,Precaución
16.8,97,11.1,1863,niebla,0.7,4,270,11.1,-0.8,12.2,595,cubierto,ninguna,mojada,1012,2000,2696.0,15.2,False,False,False,19,False,11,306,Precaución
24.7,71,11.8,7763,nublado,1.1,324,180,6.9,-9.5,15.3,3568,dispersas,ninguna,humeda,1012,2500,4264.0,22.6,False,False,False,9,False,7,184,Seguro
33.3,54,9.6,9727,despejado,0.0,266,180,9.6,0.7,13.4,14685,despejado,ninguna,seca,1020,2500,5296.0,22.7,False,False,False,22,True,10,273,Seguro
19.5,67,18.6,8182,nublado,1.8,96,315,11.7,-14.5,20.5,3351,nublado,leve,seca,1012,500,1160.0,11.6,False,False,False,2,True,2,56,Seguro
31.1,52,12.4,9449,despejado,0.0,79,225,6.9,-10.3,13.6,9132,despejado,leve,seca,1013,2500,5032.0,16.5,False,False,False,9,False,7,197,Seguro
14.1,99,2.4,1705,niebla,1.5,315,270,1.7,1.7,3.6,378,cubierto,ninguna,mojada,1014,0,-108.0,13.9,False,False,False,20,False,10,290,Precaución
17.0,98,11.6,1490,niebla,1.4,228,90,7.8,-8.6,13.9,392,cubierto,ninguna,humeda,1020,500,860.0,15.1,False,False,False,7,False,11,304,Precaución
29.7,44,16.1,8565,despejado,0.0,122,315,3.6,-15.7,24.2,6032,despejado,leve,seca,1017,500,2384.0,24.0,False,False,False,19,False,4,105,Seguro
1.5,83,11.6,1049,nieve,19.7,172,135,7.0,9.3,15.1,406,cubierto,moderada,nevada,1008,500,-1000.0,-0.8,True,False,False,23,True,5,143,Peligro
23.9,55,6.3,6815,nublado,0.7,217,315,6.2,-0.9,7.6,3936,nublado,ninguna,seca,1018,2500,4168.0,16.2,False,False,False,20,False,7,205,Seguro
15.5,74,7.1,8221,nublado,0.3,168,45,6.0,-3.9,9.2,3645,dispersas,ninguna,seca,1010,1000,1300.0,13.1,False,False,False,13,False,11,305,Seguro
17.1,97,27.4,1298,lluvia_fuerte,20.3,310,270,17.6,21.0,32.9,623,cubierto,moderada,contaminada,1002,1000,1492.0,15.6,False,False,False,11,False,7,205,Peligro
0.2,81,11.1,3995,nieve,10.6,313,135,0.4,-11.1,15.5,1299,cubierto,moderada,nevada,1009,500,-1156.0,-4.0,False,False,False,23,True,8,237,Precaución
19.4,69,18.3,7892,nublado,0.2,164,45,16.0,-8.9,20.1,3273,nublado,ninguna,seca,1018,1000,1768.0,14.2,False,False,False,3,True,12,348,Seguro
17.0,60,25.0,6870,nublado,1.5,103,315,13.2,-21.2,30.0,2032,nublado,ninguna,seca,1005,2000,2720.0,5.4,False,False,False,1,True,9,267,Seguro
34.1,45,6.4,8545,despejado,0.0,235,180,5.2,3.7,7.0,9640,despejado,ninguna,seca,1022,2000,4772.0,27.0,False,False,False,23,True,3,74,Seguro
14.6,97,0.5,918,niebla,0.2,138,315,0.0,-0.5,0.6,560,cubierto,ninguna,mojada,1011,2000,2432.0,13.9,False,False,False,6,False,9,243,Precaución
20.0,57,9.9,7423,nublado,1.0,83,90,1.2,9.8,10.9,2452,nublado,leve,seca,1010,500,1220.0,8.9,False,False,False,22,True,9,250,Seguro
12.5,99,2.4,1092,niebla,1.7,18,135,2.1,-1.1,2.9,717,cubierto,ninguna,humeda,1016,2500,2800.0,12.4,False,False,False,6,False,3,64,Precaución
9.6,75,19.0,3723,lluvia_ligera,6.5,237,45,4.0,-18.6,26.6,2074,cubierto,moderada,humeda,1001,2500,2452.0,5.6,False,False,False,3,True,3,88,Precaución
14.2,97,4.7,1810,niebla,1.9,224,315,4.7,-0.1,6.1,772,cubierto,ninguna,mojada,1005,1000,1144.0,12.7,False,False,False,7,False,12,352,Precaución
18.1,28,5.8,8324,despejado,0.0,37,0,3.5,4.6,7.5,14341,despejado,leve,seca,1024,0,372.0,9.6,False,False,False,14,False,11,329,Seguro
11.5,95,6.9,1886,niebla,0.0,71,225,3.0,-6.2,7.6,444,cubierto,ninguna,humeda,1019,1000,820.0,11.0,False,False,False,20,False,1,23,Precaución
21.0,70,25.8,4766,lluvia_ligera,6.8,101,315,14.4,-21.4,33.5,1261,cubierto,leve,humeda,1012,1000,1960.0,13.5,False,False,False,20,False,1,26,Precaución
2.5,82,16.5,2191,nieve,6.3,59,135,16.0,4.0,19.8,582,cubierto,moderada,nevada,1010,2000,980.0,-1.2,False,False,False,0,True,6,160,Peligro
9.0,99,6.6,2040,niebla,0.0,303,225,6.5,1.4,9.2,731,cubierto,ninguna,mojada,1015,500,-100.0,8.5,False,False,False,11,False,11,308,Precaución
24.4,68,6.4,7630,nublado,0.8,127,225,6.3,-0.9,7.7,3426,dispersas,leve,seca,1012,500,1748.0,16.6,False,False,False,0,True,3,88,Seguro
17.3,98,3.8,1879,niebla,0.2,283,225,3.2,2.0,4.2,212,cubierto,ninguna,humeda,1020,0,276.0,16.2,False,False,False,3,True,12,342,Precaución
23.7,66,20.0,8942,nublado,1.5,143,180,12.0,16.0,28.0,2087,nublado,leve,seca,1005,2500,4144.0,14.3,False,False,False,7,False,7,183,Seguro
10.4,97,5.9,2346,niebla,1.7,181,315,4.2,-4.1,8.3,529,cubierto,ninguna,mojada,1016,0,-552.0,10.0,False,False,False,9,False,10,295,Precaución
14.3,61,17.9,8000,nublado,1.2,96,0,17.8,-1.9,25.1,3693,dispersas,leve,seca,1003,2000,2396.0,-0.5,False,False,False,6,False,1,27,Seguro
14.1,74,24.0,8295,nublado,1.8,3,45,16.1,17.8,33.6,3111,nublado,ninguna,humeda,1019,2000,2372.0,9.2,False,False,False,23,True,5,130,Seguro
13.2,90,28.7,4765,lluvia_ligera,2.1,237,225,6.0,28.1,34.4,1849,cubierto,leve,humeda,1006,2000,2264.0,8.4,False,False,False,12,False,2,52,Precaución
13.2,96,49.2,2534,tormenta,29.0,158,180,18.4,45.6,64.0,284,cubierto,moderada,mojada,986,500,404.0,12.1,False,True,True,12,False,11,301,Peligro
9.7,95,1.1,2133,niebla,0.5,277,225,0.9,0.7,1.3,682,cubierto,ninguna,mojada,1019,1000,604.0,9.5,True,False,False,7,False,1,5,Precaución
14.0,70,15.1,8608,nublado,1.5,352,45,12.1,9.1,16.6,2986,dispersas,leve,humeda,1004,500,500.0,-0.9,False,False,False,8,False,12,330,Seguro
22.5,81,27.2,4959,granizo,12.1,202,45,10.6,-25.0,38.1,1392,cubierto,severa,contaminada,1007,1000,2140.0,18.2,False,True,False,2,True,9,262,Peligro
16.3,51,6.7,6529,nublado,0.1,132,180,5.0,4.5,10.1,1834,nublado,leve,humeda,1015,2500,3256.0,6.9,False,False,False,18,False,5,141,Seguro
23.6,88,32.6,2030,granizo,15.1,47,225,1.1,-32.6,39.1,1930,cubierto,severa,contaminada,1007,2500,4132.0,19.8,False,True,True,6,False,5,123,Peligro
24.7,81,45.8,3337,granizo,26.4,156,225,42.8,16.4,55.0,1348,cubierto,severa,mojada,1017,2500,4264.0,22.5,False,True,False,18,False,4,109,Peligro
20.2,25,17.1,9168,despejado,0.0,30,0,8.5,14.8,23.9,6289,despejado,ninguna,seca,1028,1000,1864.0,7.0,False,False,False,2,True,2,41,Seguro
32.8,44,1.5,9902,despejado,0.0,196,135,1.3,0.7,2.1,12519,despejado,ninguna,seca,1030,500,2756.0,20.6,False,False,False,4,True,1,17,Seguro
8.5,80,21.6,5039,lluvia_ligera,7.9,150,0,10.8,-18.7,30.2,2495,nublado,moderada,humeda,1019,2000,1700.0,4.4,False,False,False,2,True,6,171,Precaución
14.9,72,12.6,4776,lluvia_ligera,5.8,191,90,12.4,-2.4,18.9,1626,cubierto,leve,mojada,1016,500,608.0,12.8,False,True,False,0,True,11,321,Peligro
33.1,25,5.1,9710,despejado,0.0,56,45,1.0,5.0,6.1,7449,despejado,leve,seca,1013,0,2172.0,25.7,False,False,False,20,False,11,319,Seguro
24.2,42,1.7,8198,despejado,0.0,128,180,1.3,1.0,2.4,11617,despejado,leve,seca,1014,2000,3584.0,11.7,False,False,False,15,False,12,343,Seguro
27.5,55,23.9,8580,nublado,0.1,284,180,23.2,-5.8,28.7,1747,dispersas,leve,seca,1000,1000,2740.0,19.6,False,False,False,20,False,10,292,Precaución
8.6,73,12.6,4013,lluvia_ligera,2.5,302,90,6.7,-10.7,17.6,1526,nublado,moderada,mojada,1011,0,-768.0,6.2,True,False,False,0,True,3,63,Precaución
1.7,94,24.3,3986,nieve,8.7,208,270,21.5,11.4,34.0,957,cubierto,moderada,contaminada,1005,500,-976.0,1.0,True,False,False,18,False,7,193,Peligro
14.1,95,7.3,1707,niebla,1.1,46,180,5.3,-5.1,8.8,541,cubierto,ninguna,mojada,1018,500,512.0,13.3,False,False,False,5,True,7,203,Precaución
16.2,95,3.7,1129,niebla,1.5,56,270,2.1,-3.1,4.1,487,cubierto,ninguna,humeda,1020,2000,2624.0,14.5,False,False,False,19,False,7,183,Precaución
23.1,30,3.0,8938,despejado,0.0,125,45,3.0,0.5,4.2,11889,despejado,leve,seca,1030,1000,2212.0,10.5,False,False,False,13,False,6,174,Seguro
14.9,98,1.8,2395,niebla,1.6,85,225,1.2,-1.4,2.7,151,cubierto,ninguna,mojada,1019,500,608.0,14.7,False,False,False,17,False,7,188,Precaución
7.5,96,0.6,2048,niebla,0.7,109,270,0.2,-0.6,0.7,549,cubierto,ninguna,humeda,1013,0,-900.0,7.1,True,False,False,4,True,7,205,Precaución
1.8,95,15.0,2312,nieve,7.0,218,225,1.8,14.9,19.5,1963,cubierto,leve,contaminada,1002,2000,896.0,1.8,True,False,False,3,True,6,165,Peligro
2.5,92,34.6,1432,nieve,16.4,106,180,33.3,9.5,45.0,954,cubierto,leve,nevada,1006,2500,1600.0,1.6,True,False,False,20,False,7,184,Peligro
16.5,89,40.1,3819,lluvia_fuerte,14.4,266,270,2.8,40.0,44.1,1040,cubierto,severa,contaminada,1003,1000,1420.0,12.6,False,True,False,6,False,11,307,Peligro
21.1,90,25.9,6485,lluvia_ligera,2.3,273,180,25.9,-1.4,36.3,1620,cubierto,leve,mojada,1018,2000,3212.0,16.5,False,False,False,14,False,11,317,Peligro
15.9,70,10.1,6279,lluvia_ligera,3.6,183,135,7.5,6.8,13.1,1255,cubierto,moderada,humeda,1013,0,108.0,2.0,False,False,False,21,True,10,283,Seguro
18.9,57,20.6,7146,nublado,1.8,214,0,11.5,-17.1,28.8,3036,nublado,leve,humeda,1003,2000,2948.0,10.9,False,False,False,12,False,2,35,Seguro
19.6,87,10.2,6501,lluvia_ligera,6.0,298,225,9.8,3.0,14.3,1338,cubierto,moderada,humeda,1004,2500,3652.0,16.2,False,False,False,8,False,2,40,Precaución
15.0,66,11.5,7263,nublado,1.9,321,45,11.4,1.2,13.8,2424,dispersas,leve,humeda,1020,1000,1240.0,1.9,False,False,False,3,True,10,299,Seguro
24.3,29,19.6,8837,despejado,0.0,295,315,6.7,18.4,27.4,12951,despejado,ninguna,seca,1019,0,1116.0,17.8,False,False,False,5,True,4,101,Seguro
12.1,70,27.6,3467,lluvia_ligera,6.2,161,180,9.0,26.1,33.1,1686,cubierto,leve,humeda,1002,2500,2752.0,3.5,False,False,False,10,False,5,141,Precaución
31.4,29,9.4,9718,despejado,0.0,232,270,5.8,7.4,11.3,9825,despejado,ninguna,seca,1017,0,1968.0,17.9,False,False,False,19,False,6,172,Seguro
6.7,100,1.7,2362,niebla,1.0,109,180,1.6,0.6,2.0,795,cubierto,ninguna,humeda,1001,500,-376.0,6.0,True,False,False,1,True,1,6,Precaución
25.3,63,21.0,8877,nublado,0.3,32,90,17.8,11.1,25.2,2127,dispersas,leve,humeda,1007,0,1236.0,13.2,False,False,False,11,False,1,13,Precaución
33.7,53,12.4,8999,despejado,0.0,3,315,9.2,8.3,14.9,5942,despejado,leve,seca,1021,0,2244.0,28.6,False,False,False,23,True,4,96,Seguro
33.8,55,6.0,9847,despejado,0.0,14,225,3.1,-5.1,7.2,14172,despejado,ninguna,seca,1021,2000,4736.0,19.3,False,False,False,20,False,11,321,Seguro
9.9,96,1.4,1210,niebla,0.2,120,180,1.2,0.7,1.8,668,cubierto,ninguna,mojada,1018,500,8.0,9.0,True,False,False,12,False,11,317,Precaución
24.6,54,9.0,6532,nublado,1.1,358,315,6.1,6.6,10.8,2146,dispersas,leve,seca,1002,500,1772.0,10.8,False,False,False,15,False,1,26,Seguro
8.4,74,29.4,4382,lluvia_ligera,5.7,355,180,2.6,-29.3,35.3,1358,nublado,leve,mojada,1007,0,-792.0,3.6,False,False,False,16,False,5,131,Precaución
17.5,95,35.4,3803,lluvia_fuerte,16.2,304,90,19.8,-29.3,49.6,1285,cubierto,moderada,mojada,985,2000,2780.0,16.0,False,False,False,5,True,6,155,Peligro
28.2,31,17.7,8617,despejado,0.0,94,0,17.7,-1.2,24.8,10038,despejado,ninguna,seca,1023,0,1584.0,16.0,False,False,False,4,True,12,351,Seguro
23.3,86,28.0,4288,granizo,17.6,77,270,6.3,-27.3,42.0,1111,cubierto,severa,contaminada,1010,2000,3476.0,18.3,False,True,True,14,False,3,74,Peligro
22.4,27,6.2,8780,despejado,0.0,262,0,6.1,-0.9,8.1,5142,despejado,leve,seca,1012,2500,3988.0,14.2,False,False,False,10,False,10,290,Seguro
33.5,54,4.8,9263,despejado,0.0,77,0,4.7,1.1,5.8,8565,despejado,ninguna,seca,1024,500,2840.0,19.2,False,False,False,18,False,1,7,Seguro
4.7,94,30.6,3563,nieve,6.2,340,45,27.7,12.9,36.7,875,cubierto,moderada,nevada,1011,1000,4.0,3.2,True,False,True,7,False,12,353,Peligro
20.6,42,5.2,9460,despejado,0.0,122,135,1.2,5.1,7.3,13645,despejado,ninguna,seca,1012,0,672.0,12.1,False,False,False,20,False,3,88,Seguro
9.3,81,16.5,6298,lluvia_ligera,5.8,231,180,12.8,10.4,19.8,1203,nublado,leve,humeda,1010,2500,2416.0,5.0,False,False,False,5,True,4,107,Precaución
20.9,76,21.1,4193,lluvia_ligera,2.3,169,225,17.5,11.8,23.2,1660,nublado,leve,humeda,1015,0,708.0,15.9,False,False,False,6,False,8,210,Precaución
7.4,92,3.0,2264,niebla,1.0,251,180,2.8,1.0,3.9,166,cubierto,ninguna,mojada,1001,500,-292.0,7.1,True,False,False,18,False,6,156,Precaución
19.8,36,14.6,9487,despejado,0.0,84,0,14.5,1.5,20.4,13979,despejado,leve,seca,1021,2500,3676.0,12.1,False,False,False,4,True,2,36,Seguro
15.0,56,23.3,7667,nublado,1.5,33,45,4.8,22.8,32.6,3615,nublado,ninguna,seca,1012,500,620.0,2.2,False,False,False,16,False,10,292,Seguro
16.8,93,36.1,2282,tormenta,19.6,227,225,1.3,36.1,43.3,522,cubierto,moderada,mojada,991,2500,3316.0,15.8,False,True,False,11,False,12,335,Peligro
24.4,41,18.1,9175,despejado,0.0,180,45,12.8,-12.8,21.7,10431,despejado,leve,seca,1011,2500,4228.0,11.9,False,False,False,23,True,10,289,Seguro
15.8,73,14.2,4594,lluvia_ligera,5.7,181,225,9.9,10.2,19.9,1878,nublado,leve,mojada,1015,1000,1336.0,10.8,False,False,False,0,True,10,294,Precaución
14.7,84,28.1,3070,lluvia_ligera,6.7,328,270,23.8,14.9,30.9,2121,cubierto,leve,humeda,1011,2500,3064.0,11.9,False,False,False,3,True,5,140,Precaución
14.9,76,18.5,4971,lluvia_ligera,3.7,293,135,6.9,-17.2,27.8,1804,nublado,leve,mojada,1011,1000,1228.0,11.2,False,False,False,13,False,10,277,Seguro
4.3,83,31.8,3598,nieve,14.1,104,225,27.3,-16.4,38.2,822,cubierto,moderada,nevada,1007,2000,1196.0,1.2,False,False,False,15,False,2,48,Peligro
16.4,98,4.2,1604,niebla,0.8,64,45,1.4,4.0,5.5,216,cubierto,ninguna,humeda,1005,500,788.0,14.7,False,False,False,7,False,9,266,Precaución
22.2,52,11.5,9389,despejado,0.0,218,270,9.1,7.1,17.2,7418,despejado,leve,seca,1013,1000,2104.0,7.5,False,False,False,5,True,1,27,Seguro
9.3,96,4.8,1794,niebla,2.0,187,135,3.8,3.0,5.3,762,cubierto,ninguna,humeda,1014,1000,556.0,8.0,True,False,False,5,True,10,284,Precaución
11.0,92,37.3,1322,lluvia_fuerte,21.5,304,180,30.9,-20.9,52.2,1480,cubierto,moderada,mojada,985,2000,2000.0,9.1,False,False,False,12,False,6,169,Peligro
34.0,55,16.6,9640,despejado,0.0,71,225,7.3,-14.9,21.6,9625,despejado,leve,seca,1015,1000,3520.0,22.7,False,False,False,9,False,12,336,Seguro
21.5,60,18.5,6738,nublado,1.8,38,135,18.4,-2.3,20.4,3384,dispersas,ninguna,seca,1014,2000,3260.0,11.7,False,False,False,17,False,3,77,Seguro
19.7,74,22.4,5517,lluvia_ligera,2.5,173,270,22.2,-2.7,26.9,1670,nublado,leve,humeda,1015,1000,1804.0,17.4,False,False,False,5,True,3,78,Precaución
-0.8,76,34.3,3635,nieve,15.1,153,225,32.6,10.6,41.2,1474,cubierto,moderada,contaminada,1017,2000,584.0,-3.5,False,False,False,7,False,6,154,Peligro
14.8,52,22.5,8060,nublado,0.2,110,270,7.7,-21.1,27.0,3281,nublado,leve,humeda,1004,2000,2456.0,4.2,False,False,False,18,False,3,61,Seguro
19.7,80,25.7,5129,lluvia_ligera,7.2,112,270,9.6,-23.8,38.5,2226,cubierto,leve,mojada,1013,0,564.0,15.5,False,False,False,11,False,10,281,Precaución
10.7,95,47.2,2448,tormenta,33.9,306,90,27.7,-38.2,70.8,712,cubierto,moderada,contaminada,1003,1000,724.0,9.5,False,True,False,0,True,2,47,Peligro
30.3,37,15.3,9183,despejado,0.0,98,270,2.1,-15.2,21.4,5242,despejado,leve,seca,1026,2500,4936.0,24.5,False,False,False,18,False,10,275,Seguro
17.1,96,5.1,545,niebla,0.4,221,180,3.3,3.8,7.1,363,cubierto,ninguna,humeda,1018,1000,1492.0,15.1,False,False,False,19,False,9,264,Peligro
27.3,43,15.6,8527,despejado,0.0,37,270,12.5,-9.4,20.3,9412,despejado,ninguna,seca,1019,2000,3956.0,13.6,False,False,False,21,True,7,191,Seguro
27.1,59,7.9,8311,nublado,1.5,35,0,4.5,6.5,11.1,3424,nublado,ninguna,humeda,1019,2000,3932.0,18.3,False,False,False,7,False,6,171,Seguro
17.0,58,9.4,6899,nublado,0.5,345,45,8.1,4.7,11.3,1607,nublado,leve,humeda,1008,2000,2720.0,3.7,False,False,False,21,True,8,235,Seguro
7.0,99,11.9,2422,niebla,0.4,111,90,4.3,11.1,16.7,168,cubierto,ninguna,humeda,1016,2000,1520.0,5.6,True,False,False,18,False,3,86,Precaución
10.3,90,17.4,3356,lluvia_ligera,6.3,13,315,14.8,9.2,24.4,2179,cubierto,moderada,mojada,1020,2500,2536.0,5.9,False,False,False,6,False,11,309,Precaución
0.2,76,28.2,1903,nieve,14.6,306,45,27.9,-4.4,36.7,953,cubierto,leve,contaminada,1001,2000,704.0,-4.5,False,False,False,23,True,7,207,Peligro
14.3,89,35.7,3570,lluvia_fuerte,19.7,46,45,0.6,35.7,42.8,932,cubierto,moderada,mojada,993,500,536.0,11.7,False,False,False,17,False,7,188,Peligro
4.2,92,33.1,2528,nieve,5.1,328,90,28.1,-17.5,36.4,534,cubierto,leve,contaminada,1018,1000,-56.0,2.3,True,False,False,19,False,4,92,Peligro
15.8,54,19.3,8002,nublado,1.4,315,0,13.6,13.6,29.0,3247,dispersas,leve,humeda,1013,1000,1336.0,10.2,False,False,False,16,False,3,66,Seguro
20.4,61,6.4,8154,nublado,1.1,22,225,2.5,-5.9,9.6,3579,dispersas,leve,humeda,1008,0,648.0,11.8,False,False,False,2,True,6,177,Seguro
14.2,95,42.1,2403,lluvia_fuerte,19.5,107,315,19.8,-37.2,63.2,1227,cubierto,moderada,mojada,990,0,-96.0,12.4,False,False,False,4,True,12,331,Peligro
32.3,34,6.5,8978,despejado,0.0,80,225,3.7,-5.3,7.8,9145,despejado,ninguna,seca,1012,500,2696.0,21.0,False,False,False,16,False,5,125,Seguro
31.0,47,6.4,8861,despejado,0.0,87,225,4.3,-4.8,7.7,6647,despejado,leve,seca,1024,2000,4400.0,25.3,False,False,False,5,True,11,308,Seguro
27.3,72,20.7,8260,nublado,0.9,2,180,0.7,-20.7,22.8,2332,dispersas,leve,humeda,1014,1000,2716.0,23.8,False,False,False,11,False,4,100,Seguro
13.1,72,21.4,6673,lluvia_ligera,4.3,359,135,14.9,-15.4,27.8,2219,nublado,leve,humeda,1020,2500,2872.0,9.4,False,False,False,5,True,7,195,Precaución
32.0,25,10.7,9049,despejado,0.0,328,225,10.4,-2.4,12.8,13882,despejado,leve,seca,1013,1000,3280.0,24.6,False,False,False,14,False,3,85,Seguro
13.5,86,23.5,4948,lluvia_ligera,3.9,105,315,11.7,-20.4,28.2,981,nublado,moderada,mojada,1000,2000,2300.0,10.5,False,False,False,19,False,4,99,Precaución
-1.6,79,14.1,1926,nieve,5.5,113,0,13.0,-5.5,19.7,1965,cubierto,leve,contaminada,1002,500,-1372.0,-6.4,False,False,False,14,False,11,316,Peligro
24.0,31,14.8,9270,despejado,0.0,258,315,12.4,8.1,22.2,13544,despejado,ninguna,seca,1012,2000,3560.0,16.9,False,False,False,4,True,8,237,Seguro
20.8,75,18.5,7685,nublado,1.8,28,135,17.7,-5.4,25.9,3897,dispersas,leve,seca,1010,2000,3176.0,17.3,False,False,False,21,True,3,85,Seguro
26.2,48,4.0,9345,despejado,0.0,164,225,3.5,1.9,6.0,12303,despejado,leve,seca,1011,2000,3824.0,14.4,False,False,False,13,False,5,142,Seguro
8.2,98,5.7,2363,niebla,0.5,10,180,1.0,-5.6,7.4,541,cubierto,ninguna,humeda,1001,0,-816.0,7.4,True,False,False,0,True,8,235,Precaución
21.7,69,10.8,8578,nublado,0.5,250,0,10.1,-3.7,14.0,3228,dispersas,ninguna,humeda,1008,2000,3284.0,8.9,False,False,False,3,True,5,125,Seguro
14.8,59,12.4,8193,nublado,1.4,260,180,12.2,2.2,17.4,1532,nublado,leve,humeda,1005,2000,2456.0,3.8,False,False,False,10,False,7,191,Seguro
14.6,89,26.6,5993,lluvia_ligera,3.5,66,315,24.8,-9.5,34.6,1142,cubierto,leve,mojada,1016,1000,1192.0,11.5,False,False,False,8,False,12,347,Precaución
14.1,89,37.3,2813,granizo,10.4,52,45,4.5,37.0,44.8,601,cubierto,severa,mojada,1014,0,-108.0,11.4,False,True,True,4,True,1,8,Peligro
21.3,46,10.6,8495,despejado,0.0,84,135,8.2,6.7,12.7,12863,despejado,leve,seca,1029,500,1376.0,9.1,False,False,False,18,False,2,34,Seguro
15.2,35,7.0,8615,despejado,0.0,163,180,2.0,6.7,9.1,7738,despejado,leve,seca,1015,500,644.0,4.6,False,False,False,3,True,3,75,Seguro
-3.1,76,34.4,2352,nieve,17.1,71,90,11.2,32.5,44.7,406,cubierto,moderada,contaminada,1016,1000,-932.0,-8.0,False,False,False,7,False,7,189,Peligro
7.7,100,11.5,1214,niebla,1.9,307,90,6.9,-9.2,15.0,560,cubierto,ninguna,mojada,1002,1000,364.0,6.7,True,False,False,7,False,2,54,Precaución
21.8,59,22.2,6381,nublado,0.1,203,315,20.6,-8.3,26.6,2666,nublado,leve,humeda,1015,500,1436.0,15.1,False,False,False,10,False,2,44,Precaución
19.7,77,14.7,4161,lluvia_ligera,2.5,239,270,7.6,12.6,17.6,1748,nublado,leve,mojada,1003,0,564.0,16.6,False,False,False,12,False,2,57,Seguro
20.7,78,11.1,5552,lluvia_ligera,3.4,328,180,5.9,-9.4,13.3,2300,nublado,moderada,humeda,1006,500,1304.0,18.4,False,False,False,21,True,12,349,Seguro
25.4,44,3.4,9185,despejado,0.0,315,0,2.4,2.4,4.1,14451,despejado,leve,seca,1016,500,1868.0,14.7,False,False,False,16,False,1,9,Seguro
6.5,100,3.5,1842,niebla,0.1,117,270,1.6,-3.1,3.9,124,cubierto,ninguna,humeda,1014,2500,2080.0,5.1,True,False,False,4,True,5,125,Precaución
8.4,92,5.8,1009,niebla,0.4,101,225,4.8,-3.2,8.1,315,cubierto,ninguna,humeda,1003,2500,2308.0,7.2,True,False,False,3,True,6,179,Precaución
19.1,77,28.5,6021,lluvia_ligera,2.7,85,135,21.8,18.3,34.2,2416,cubierto,leve,mojada,1004,500,1112.0,15.9,False,False,False,9,False,6,152,Precaución
20.3,84,15.0,4169,lluvia_ligera,5.7,49,180,11.3,-9.8,18.0,1533,cubierto,leve,humeda,1018,2000,3116.0,18.1,False,False,False,14,False,4,96,Precaución
5.5,98,1.5,1850,niebla,0.7,282,225,1.3,0.8,1.7,527,cubierto,ninguna,humeda,1007,1000,100.0,3.7,True,False,False,2,True,9,255,Precaución
24.3,35,5.9,9787,despejado,0.0,286,0,5.7,1.6,7.1,6405,despejado,ninguna,seca,1013,0,1116.0,10.0,False,False,False,4,True,5,140,Seguro
11.2,100,5.9,2291,niebla,2.0,203,0,2.3,-5.4,7.7,342,cubierto,ninguna,mojada,1017,1000,784.0,9.4,False,False,False,4,True,2,59,Precaución
10.8,98,33.2,3840,lluvia_fuerte,22.2,8,135,26.5,-20.0,43.2,749,cubierto,severa,mojada,984,0,-504.0,10.7,False,True,True,11,False,7,185,Peligro
10.6,100,8.0,2124,niebla,0.1,105,45,6.9,4.0,10.4,692,cubierto,ninguna,mojada,1005,2500,2572.0,10.5,False,False,False,8,False,7,185,Precaución
25.6,50,16.1,6006,nublado,1.3,200,315,14.6,-6.8,19.3,1610,dispersas,leve,humeda,1013,0,1272.0,12.9,False,False,False,13,False,4,118,Seguro
18.2,82,27.9,3612,lluvia_ligera,4.3,59,90,14.4,23.9,39.1,2018,nublado,leve,humeda,1016,0,384.0,14.2,False,False,False,23,True,6,160,Precaución
16.3,65,18.2,7087,nublado,1.6,163,270,17.4,-5.3,23.7,1812,dispersas,ninguna,seca,1015,0,156.0,10.2,False,False,False,13,False,5,143,Seguro
25.0,52,0.1,8051,despejado,0.0,178,135,0.1,0.1,0.1,11595,despejado,ninguna,seca,1021,2500,4300.0,17.8,False,False,False,18,False,12,339,Seguro
19.8,36,18.3,9114,despejado,0.0,350,45,15.0,10.5,25.6,14087,despejado,leve,seca,1010,2000,3056.0,9.5,False,False,False,0,True,3,78,Seguro
9.3,100,3.9,849,niebla,2.0,109,315,1.7,-3.5,5.1,722,cubierto,ninguna,humeda,1003,1000,556.0,8.2,True,False,False,4,True,2,32,Precaución
10.3,94,10.5,2347,niebla,1.6,90,0,10.5,0.0,12.6,107,cubierto,ninguna,mojada,1004,0,-564.0,9.5,False,False,False,5,True,8,234,Precaución
22.1,39,11.4,8607,despejado,0.0,29,135,11.0,-3.1,16.0,7281,despejado,ninguna,seca,1022,2000,3332.0,8.0,False,False,False,9,False,4,94,Seguro
15.0,100,0.9,1585,niebla,0.4,97,45,0.7,0.6,1.2,583,cubierto,ninguna,humeda,1007,0,0.0,13.5,False,False,False,5,True,11,321,Precaución
23.1,38,10.1,8473,despejado,0.0,13,315,8.6,5.4,13.1,6388,despejado,ninguna,seca,1023,500,1592.0,11.1,False,False,False,22,True,11,306,Seguro
16.6,92,1.0,1970,niebla,1.6,241,135,1.0,-0.3,1.2,572,cubierto,ninguna,humeda,1018,2500,3292.0,15.2,False,False,False,14,False,5,135,Precaución
17.8,93,5.0,1596,niebla,0.4,135,270,3.5,-3.5,5.5,304,cubierto,ninguna,humeda,1009,2000,2816.0,17.4,False,False,False,7,False,9,266,Precaución
13.5,86,11.0,6876,lluvia_ligera,3.2,46,135,11.0,0.2,15.4,2041,nublado,leve,humeda,1001,2000,2300.0,11.0,False,False,False,15,False,9,263,Seguro
18.9,79,47.1,1864,granizo,18.4,218,90,37.1,-29.0,56.5,912,cubierto,severa,contaminada,1010,0,468.0,16.8,False,True,False,7,False,7,181,Peligro
13.2,93,0.2,1439,niebla,0.0,20,0,0.1,0.2,0.3,688,cubierto,ninguna,humeda,1006,500,404.0,11.2,False,False,False,2,True,12,331,Precaución
16.3,66,6.4,8916,nublado,1.8,249,180,6.0,2.3,8.3,2352,nublado,ninguna,humeda,1004,2500,3256.0,10.5,False,False,False,13,False,10,285,Seguro
22.9,48,6.5,8306,despejado,0.0,261,225,3.8,5.3,7.8,8927,despejado,ninguna,seca,1029,500,1568.0,15.2,False,False,False,7,False,6,153,Seguro
16.3,68,17.2,8107,nublado,0.5,62,225,5.0,-16.4,24.1,3599,nublado,leve,seca,1016,1000,1396.0,5.8,False,False,False,13,False,8,233,Seguro
12.4,100,2.6,1091,niebla,1.5,204,225,0.9,2.4,3.9,732,cubierto,ninguna,mojada,1013,500,308.0,11.4,False,False,False,9,False,4,119,Precaución
8.4,97,11.0,1640,niebla,1.0,70,225,4.6,-10.0,15.4,598,cubierto,ninguna,humeda,1000,2000,1688.0,6.5,True,False,False,19,False,10,289,Precaución
24.7,61,12.3,6180,nublado,0.1,219,225,1.3,12.2,17.2,3439,dispersas,ninguna,humeda,1008,0,1164.0,14.4,False,False,False,8,False,3,78,Seguro
27.8,55,16.6,8665,despejado,0.0,27,135,15.8,-5.1,19.9,10952,despejado,ninguna,seca,1025,2000,4016.0,16.3,False,False,False,7,False,1,17,Seguro
14.2,79,29.0,3000,lluvia_ligera,6.2,215,45,5.0,-28.6,37.7,821,nublado,moderada,mojada,1010,2500,3004.0,11.3,False,False,False,19,False,2,45,Precaución
19.8,64,6.5,6330,nublado,0.6,319,135,0.5,-6.5,8.5,2107,dispersas,ninguna,humeda,1019,2500,3676.0,11.9,False,False,False,16,False,11,310,Seguro
16.0,87,19.0,4335,lluvia_ligera,3.2,196,180,5.2,18.3,20.9,959,nublado,leve,humeda,1011,0,120.0,11.2,False,False,False,15,False,9,259,Precaución
18.0,76,23.2,5335,lluvia_ligera,7.1,193,270,22.6,5.2,27.8,1428,cubierto,leve,humeda,1000,500,980.0,15.5,False,True,False,11,False,1,6,Peligro
18.2,72,8.7,7623,nublado,0.8,131,135,0.6,8.7,11.3,1854,dispersas,ninguna,seca,1009,2500,3484.0,15.7,False,False,False,20,False,11,323,Seguro
24.4,32,0.4,9029,despejado,0.0,337,315,0.1,0.4,0.5,5479,despejado,ninguna,seca,1015,2000,3608.0,12.5,False,False,False,23,True,5,137,Seguro
5.8,97,2.0,1452,niebla,0.1,322,0,1.2,1.6,3.0,687,cubierto,ninguna,humeda,1000,2000,1376.0,3.9,True,False,False,6,False,7,188,Precaución
20.7,73,25.3,1842,granizo,26.4,47,45,0.9,25.3,27.8,887,cubierto,severa,contaminada,1007,2500,3784.0,17.8,False,True,False,10,False,12,333,Peligro
7.9,97,8.1,1737,niebla,0.5,289,0,7.7,2.6,8.9,608,cubierto,ninguna,mojada,1007,2000,1628.0,7.4,True,False,False,1,True,3,88,Precaución
16.2,37,10.7,8885,despejado,0.0,223,0,7.3,-7.8,15.0,7687,despejado,leve,seca,1015,2500,3244.0,1.3,False,False,False,6,False,9,257,Seguro
23.4,73,23.1,7150,nublado,0.8,4,270,23.0,-1.6,27.7,1761,dispersas,leve,humeda,1014,500,1628.0,19.4,False,False,False,19,False,8,217,Precaución
1.1,81,27.4,2046,nieve,13.6,294,45,25.6,-9.8,35.6,1157,cubierto,moderada,contaminada,1010,2500,1432.0,-2.2,False,False,False,14,False,11,320,Peligro
10.2,94,4.7,1943,niebla,0.6,41,225,0.3,-4.7,5.6,202,cubierto,ninguna,humeda,1016,500,44.0,9.7,False,False,False,18,False,7,196,Precaución
21.0,75,10.1,8460,nublado,0.4,181,225,7.0,7.3,13.1,3290,dispersas,ninguna,seca,1007,0,720.0,16.9,False,False,False,13,False,8,223,Seguro
14.5,87,12.3,4352,lluvia_ligera,7.6,89,135,8.8,8.5,14.8,1112,nublado,leve,humeda,1003,1000,1180.0,10.7,False,False,False,21,True,5,128,Precaución
5.3,97,31.5,1042,tormenta,28.7,270,90,0.0,-31.5,34.7,297,cubierto,severa,mojada,992,1000,76.0,5.2,True,True,False,18,False,10,289,Peligro
18.0,41,1.7,9673,despejado,0.0,93,180,1.7,0.1,2.0,8364,despejado,leve,seca,1017,2000,2840.0,9.8,False,False,False,17,False,8,225,Seguro
10.7,100,6.4,2025,niebla,1.7,164,180,1.8,6.2,8.3,353,cubierto,ninguna,humeda,1001,2000,1964.0,9.7,False,False,False,16,False,8,220,Precaución
7.1,91,47.9,2993,tormenta,28.7,121,135,11.6,46.5,57.5,880,cubierto,severa,mojada,1000,2500,2152.0,5.7,True,True,False,3,True,5,145,Peligro
28.2,54,19.1,9539,despejado,0.0,229,0,14.4,-12.5,24.8,7167,despejado,leve,seca,1030,0,1584.0,19.4,False,False,False,22,True,1,12,Seguro
13.1,50,15.0,6975,nublado,0.3,27,45,4.6,14.3,18.0,2703,nublado,leve,humeda,1004,2000,2252.0,4.9,False,False,False,1,True,4,93,Seguro
17.0,99,11.7,1984,niebla,1.0,98,225,9.3,-7.0,16.4,226,cubierto,ninguna,humeda,1003,0,240.0,16.6,False,False,False,10,False,1,14,Precaución
-3.0,94,34.9,3009,nieve,7.2,326,315,6.7,34.3,48.9,1813,cubierto,leve,contaminada,1009,2000,320.0,-3.3,False,False,False,0,True,3,67,Peligro
16.3,94,3.6,2170,niebla,1.3,358,135,2.5,-2.6,4.7,728,cubierto,ninguna,mojada,1003,500,776.0,15.0,False,False,False,18,False,4,118,Precaución
22.7,72,14.7,7309,nublado,0.1,42,180,9.8,-10.9,19.1,1516,dispersas,leve,seca,1019,2000,3404.0,19.0,False,False,False,22,True,8,230,Seguro
12.4,94,39.5,1653,tormenta,25.7,340,45,35.8,16.7,55.3,876,cubierto,severa,contaminada,983,500,308.0,10.9,False,True,False,9,False,4,91,Peligro
20.1,48,15.9,8833,despejado,0.0,354,315,10.0,12.4,23.9,5696,despejado,ninguna,seca,1018,0,612.0,7.1,False,False,False,17,False,5,121,Seguro
12.4,52,16.4,8722,nublado,0.4,244,180,14.7,7.2,24.6,3736,nublado,leve,humeda,1005,2500,2788.0,3.3,False,False,False,17,False,1,21,Seguro
17.7,50,8.5,6897,nublado,0.6,316,180,5.9,-6.1,11.1,1629,nublado,leve,humeda,1010,1000,1564.0,10.3,False,False,False,21,True,12,361,Seguro
17.3,74,15.9,6608,lluvia_ligera,4.2,243,315,15.1,4.9,19.1,1699,cubierto,leve,mojada,1008,2000,2756.0,15.0,False,False,False,19,False,4,94,Precaución
31.2,37,8.2,8501,despejado,0.0,172,270,8.1,-1.1,11.5,6024,despejado,leve,seca,1019,500,2564.0,21.5,False,False,False,14,False,12,353,Seguro
16.8,73,8.0,6772,nublado,0.9,97,0,7.9,-1.0,12.0,2581,dispersas,ninguna,seca,1017,2000,2696.0,12.5,False,False,False,8,False,8,232,Seguro
9.3,99,4.9,1536,niebla,0.5,160,90,4.6,1.7,6.9,488,cubierto,ninguna,mojada,1012,500,-64.0,8.7,True,False,False,14,False,1,5,Precaución
20.9,60,14.9,6192,nublado,0.8,191,180,2.8,14.6,16.4,3361,nublado,leve,seca,1001,0,708.0,14.5,False,False,False,10,False,12,353,Seguro
15.2,50,12.9,7342,nublado,0.6,45,90,9.1,9.1,15.5,2931,dispersas,leve,humeda,1016,0,24.0,5.1,False,False,False,0,True,6,162,Seguro
9.9,83,28.3,3423,lluvia_ligera,4.3,190,0,4.9,-27.9,36.8,2404,nublado,leve,mojada,1018,500,8.0,7.4,True,False,False,3,True,6,163,Precaución
9.3,97,4.0,1553,niebla,1.5,295,90,1.7,-3.6,5.2,666,cubierto,ninguna,mojada,1011,1000,556.0,7.7,True,False,False,14,False,9,256,Precaución
13.3,97,30.1,1962,lluvia_fuerte,11.2,161,180,9.8,28.5,45.2,1209,cubierto,severa,contaminada,1003,0,-204.0,13.1,False,True,False,13,False,1,19,Peligro
12.6,95,9.8,1697,niebla,0.0,10,225,5.6,-8.0,10.8,480,cubierto,ninguna,humeda,1000,2000,2192.0,11.3,False,False,False,20,False,10,289,Precaución
16.4,92,9.7,1570,niebla,0.6,87,225,6.5,-7.2,11.6,793,cubierto,ninguna,humeda,1016,0,168.0,15.6,False,False,False,11,False,11,318,Precaución
15.0,96,3.8,557,niebla,1.2,178,90,3.8,0.1,5.3,231,cubierto,ninguna,mojada,1020,1000,1240.0,14.2,False,False,False,13,False,6,177,Peligro
13.5,96,9.9,965,niebla,1.4,91,270,0.2,-9.9,12.9,731,cubierto,ninguna,mojada,1018,2500,2920.0,11.7,False,False,False,9,False,3,71,Precaución
9.4,98,8.3,1445,niebla,0.7,185,315,6.4,-5.3,12.5,757,cubierto,ninguna,mojada,1004,2500,2428.0,8.1,True,False,False,15,False,6,155,Precaución
10.1,99,33.1,2261,tormenta,25.9,312,180,24.6,-22.1,43.0,865,cubierto,severa,contaminada,994,0,-588.0,9.4,False,True,True,5,True,3,85,Peligro
16.4,73,27.6,4969,granizo,15.2,187,225,17.0,21.7,38.6,1687,cubierto,severa,mojada,1004,500,788.0,12.0,False,True,False,6,False,5,136,Peligro
10.9,100,53.4,838,tormenta,24.2,259,45,29.9,-44.3,64.1,776,cubierto,severa,mojada,991,0,-492.0,9.1,False,True,False,11,False,5,146,Peligro
5.9,97,2.3,1896,niebla,0.9,203,225,0.9,2.1,3.2,363,cubierto,ninguna,humeda,1006,500,-472.0,4.0,True,False,False,19,False,6,163,Precaución
18.1,53,18.2,9583,despejado,0.0,99,225,14.7,-10.7,21.8,9300,despejado,ninguna,seca,1016,1000,1612.0,8.7,False,False,False,9,False,1,10,Seguro
30.9,40,4.7,9183,despejado,0.0,316,270,3.4,3.3,7.1,14200,despejado,ninguna,seca,1015,500,2528.0,20.6,False,False,False,3,True,11,326,Seguro
8.1,87,44.0,3322,lluvia_fuerte,19.4,280,180,43.3,-7.6,57.2,1318,cubierto,moderada,mojada,994,1000,412.0,5.6,True,True,False,9,False,3,83,Peligro
23.8,64,16.0,8238,nublado,1.1,134,180,11.5,11.1,22.4,2901,nublado,leve,seca,1013,500,1676.0,15.1,False,False,False,3,True,8,219,Seguro
17.9,97,2.1,829,niebla,0.8,192,45,1.1,-1.8,2.7,510,cubierto,ninguna,humeda,1015,2500,3448.0,16.6,False,False,False,19,False,8,222,Precaución
14.6,75,25.2,5069,lluvia_ligera,3.9,190,0,4.4,-24.8,35.3,987,nublado,moderada,humeda,1009,1000,1192.0,11.0,False,False,False,12,False,4,110,Precaución
14.9,74,38.2,2966,granizo,30.0,139,180,25.1,28.8,42.0,1710,cubierto,severa,contaminada,1017,1000,1228.0,11.5,False,True,True,3,True,4,117,Peligro
5.5,96,53.0,2119,tormenta,19.8,303,270,28.9,44.4,63.6,367,cubierto,severa,contaminada,994,2000,1340.0,3.7,True,True,True,19,False,12,364,Peligro
16.8,53,0.1,9341,despejado,0.0,310,90,0.1,-0.1,0.1,13101,despejado,ninguna,seca,1029,1000,1456.0,3.2,False,False,False,23,True,12,347,Seguro
18.4,26,18.1,9680,despejado,0.0,312,270,12.1,13.5,25.3,6594,despejado,leve,seca,1012,0,408.0,12.3,False,False,False,19,False,11,316,Seguro
14.6,93,9.4,1302,niebla,0.3,93,135,6.3,7.0,10.3,262,cubierto,ninguna,humeda,1003,2500,3052.0,14.2,False,False,False,23,True,12,340,Precaución
3.1,79,21.0,3099,nieve,17.7,259,315,17.4,11.7,25.2,1042,cubierto,moderada,nevada,1001,2500,1672.0,-1.8,False,False,False,1,True,5,126,Peligro
4.7,82,16.8,2404,nieve,19.6,358,45,12.3,11.5,23.5,1327,cubierto,leve,nevada,1017,1000,4.0,0.6,False,False,False,17,False,11,324,Peligro
33.4,47,0.8,9455,despejado,0.0,349,270,0.8,0.2,1.2,8586,despejado,ninguna,seca,1025,2500,5308.0,19.4,False,False,False,6,False,3,83,Seguro
34.0,36,2.3,8254,despejado,0.0,79,135,1.9,1.3,2.5,14606,despejado,leve,seca,1030,500,2900.0,20.4,False,False,False,8,False,4,106,Seguro
23.9,87,45.8,4711,granizo,19.0,187,270,45.5,5.6,55.0,738,cubierto,severa,mojada,1015,500,1688.0,19.5,False,True,False,1,True,7,184,Peligro
7.5,88,21.1,1479,lluvia_fuerte,10.2,197,315,18.6,-9.9,27.4,771,cubierto,moderada,mojada,983,0,-900.0,2.8,False,True,False,16,False,11,324,Peligro
9.0,75,27.8,5191,lluvia_ligera,7.2,52,45,3.4,27.6,41.7,1981,cubierto,moderada,humeda,1017,1000,520.0,5.2,False,False,False,2,True,7,181,Precaución
11.6,95,4.0,860,niebla,0.1,116,315,1.3,-3.8,5.6,723,cubierto,ninguna,humeda,1008,2500,2692.0,9.8,False,False,False,12,False,10,274,Precaución
16.2,80,23.2,6750,lluvia_ligera,6.8,3,90,23.2,1.2,27.8,1741,cubierto,moderada,humeda,1004,500,764.0,11.6,False,False,False,5,True,7,189,Precaución
25.4,66,11.9,7162,nublado,1.8,6,270,11.8,-1.2,17.9,2695,nublado,leve,seca,1003,500,1868.0,17.5,False,False,False,17,False,3,78,Seguro
18.1,63,19.9,8557,nublado,1.1,340,225,18.0,-8.4,21.9,2210,dispersas,leve,humeda,1018,2500,3472.0,7.4,False,False,False,23,True,4,100,Seguro
13.7,66,7.9,6192,nublado,0.9,162,315,3.6,-7.0,11.9,1631,nublado,leve,humeda,1001,1000,1084.0,7.3,False,False,False,7,False,12,355,Seguro
15.5,44,12.2,9034,despejado,0.0,319,315,0.9,12.2,18.3,6872,despejado,ninguna,seca,1013,2500,3160.0,9.1,False,False,False,22,True,12,330,Seguro
15.9,87,29.6,4811,lluvia_ligera,7.2,330,0,14.8,25.6,38.5,992,nublado,leve,mojada,1003,1000,1348.0,12.2,False,False,False,22,True,11,329,Precaución
24.8,70,9.7,6044,nublado,1.3,20,225,4.1,-8.8,11.6,1823,nublado,ninguna,seca,1006,2500,4276.0,16.3,False,False,False,4,True,8,230,Seguro
12.6,82,11.4,6749,lluvia_ligera,7.5,231,225,1.2,11.3,12.5,929,cubierto,moderada,mojada,1016,500,332.0,10.0,False,False,False,11,False,9,245,Precaución
17.6,40,7.7,8642,despejado,0.0,43,315,7.7,0.3,10.8,11151,despejado,ninguna,seca,1021,1000,1552.0,8.3,False,False,False,0,True,5,138,Seguro
16.5,74,49.7,2381,granizo,23.2,291,225,45.4,20.2,59.6,1134,cubierto,severa,contaminada,1017,2500,3280.0,13.6,False,True,False,0,True,11,313,Peligro
13.3,75,23.6,6113,nublado,1.5,72,135,21.0,10.7,28.3,2747,dispersas,leve,seca,1004,500,416.0,9.4,False,False,False,11,False,11,311,Precaución
17.5,89,25.9,3973,lluvia_ligera,2.5,192,180,5.4,25.3,31.1,1778,cubierto,moderada,humeda,1005,2000,2780.0,14.0,False,False,False,8,False,3,83,Precaución
16.1,96,36.6,2632,lluvia_fuerte,19.4,275,180,36.5,-3.2,54.9,974,cubierto,severa,mojada,981,2000,2612.0,15.0,False,True,False,7,False,5,126,Peligro
17.5,89,20.0,6273,lluvia_ligera,5.2,72,0,19.0,6.2,28.0,1194,nublado,leve,mojada,1012,1000,1540.0,14.0,False,False,False,13,False,11,305,Precaución
18.2,87,27.1,5083,lluvia_ligera,3.1,93,270,1.4,-27.1,40.7,2283,cubierto,moderada,humeda,1018,500,1004.0,15.1,False,False,False,20,False,2,59,Precaución
18.2,69,9.2,6890,nublado,0.2,349,225,7.6,-5.1,11.0,2638,dispersas,leve,humeda,1010,500,1004.0,11.2,False,False,False,15,False,9,256,Seguro
11.5,71,20.1,6245,lluvia_ligera,3.3,181,315,14.5,-14.0,26.1,1534,nublado,moderada,humeda,1001,2500,2680.0,9.0,False,False,False,7,False,8,222,Precaución
-4.3,83,15.9,3481,nieve,5.1,146,315,3.0,-15.6,23.9,1234,cubierto,moderada,nevada,1008,2500,784.0,-9.0,False,False,False,10,False,5,132,Precaución
5.8,95,30.7,3445,lluvia_fuerte,21.1,219,0,19.3,-23.9,39.9,1189,cubierto,moderada,contaminada,1003,2500,1996.0,5.4,True,True,True,8,False,2,59,Peligro
27.9,54,8.4,7952,nublado,0.3,314,45,8.4,-0.1,10.9,1721,dispersas,leve,seca,1020,500,2168.0,21.5,False,False,False,4,True,2,31,Seguro
27.9,42,6.8,8398,despejado,0.0,114,90,2.8,6.2,7.5,8354,despejado,ninguna,seca,1028,2500,4648.0,14.4,False,False,False,7,False,12,361,Seguro
16.8,98,11.5,1655,niebla,1.8,188,225,6.9,9.2,17.2,755,cubierto,ninguna,mojada,1009,2500,3316.0,16.7,False,False,False,14,False,11,303,Precaución
23.2,85,28.0,4080,granizo,22.2,7,225,17.2,-22.1,30.8,990,cubierto,severa,mojada,1003,2000,3464.0,18.4,False,True,False,20,False,3,79,Peligro
30.2,46,14.4,8294,despejado,0.0,221,90,10.9,-9.4,15.8,14046,despejado,leve,seca,1017,2500,4924.0,19.9,False,False,False,10,False,1,9,Seguro
19.5,88,23.5,1781,lluvia_fuerte,16.4,66,0,21.5,9.6,32.9,1035,cubierto,severa,contaminada,988,0,540.0,14.8,False,False,False,4,True,1,14,Peligro
17.3,76,23.2,4530,lluvia_ligera,7.4,334,180,10.2,-20.9,27.8,1636,nublado,leve,humeda,1016,0,276.0,13.2,False,False,False,12,False,10,298,Precaución
14.7,93,6.1,1135,niebla,0.1,249,0,5.7,-2.2,7.3,759,cubierto,ninguna,mojada,1007,0,-36.0,13.7,False,False,False,16,False,6,155,Precaución
19.3,85,37.9,4204,granizo,13.8,184,90,37.8,-2.6,56.8,1806,cubierto,severa,contaminada,1010,2000,2996.0,16.6,False,True,True,15,False,7,205,Peligro
32.2,41,6.6,8779,despejado,0.0,197,270,6.3,1.9,7.9,7761,despejado,ninguna,seca,1012,2000,4544.0,20.0,False,False,False,7,False,6,174,Seguro
13.6,96,10.5,2402,niebla,0.2,298,180,9.3,-4.9,13.7,748,cubierto,ninguna,humeda,1008,2000,2312.0,13.1,False,False,False,2,True,4,99,Precaución
9.7,85,26.0,6014,lluvia_ligera,6.8,250,315,23.6,11.0,39.0,1435,nublado,leve,humeda,1015,1000,604.0,6.0,False,False,False,13,False,2,47,Peligro
29.8,25,19.1,9720,despejado,0.0,230,90,12.3,-14.6,26.7,13420,despejado,leve,seca,1010,0,1776.0,17.0,False,False,False,7,False,4,104,Seguro
12.9,69,9.4,8156,nublado,1.0,90,135,6.6,6.6,10.3,2858,dispersas,ninguna,humeda,1004,2500,2848.0,0.9,False,False,False,4,True,2,57,Seguro
16.6,96,42.6,2043,tormenta,34.4,322,45,42.3,5.2,55.4,525,cubierto,severa,contaminada,984,2500,3292.0,16.5,False,True,False,10,False,1,28,Peligro
5.2,98,11.9,2465,niebla,1.0,144,135,1.9,11.8,16.7,434,cubierto,ninguna,mojada,1002,2500,1924.0,5.0,True,False,False,17,False,2,58,Precaución
14.1,56,17.1,6344,nublado,1.1,329,270,14.7,8.8,18.8,3850,dispersas,leve,humeda,1016,2000,2372.0,6.9,False,False,False,8,False,7,185,Seguro
33.5,43,5.0,9439,despejado,0.0,157,315,1.9,-4.6,6.0,8006,despejado,leve,seca,1023,500,2840.0,26.4,False,False,False,6,False,6,155,Seguro
10.4,97,8.0,1845,niebla,0.9,337,135,3.0,-7.4,11.2,334,cubierto,ninguna,mojada,1015,500,68.0,9.5,False,False,False,22,True,10,282,Precaución
5.5,93,38.7,1870,lluvia_fuerte,14.0,243,315,36.8,12.0,54.2,1484,cubierto,moderada,contaminada,998,2000,1340.0,5.2,True,False,False,8,False,6,173,Peligro
19.1,75,7.6,6728,nublado,1.2,21,270,7.1,-2.7,9.1,3486,nublado,leve,humeda,1011,0,492.0,16.4,False,False,False,16,False,11,312,Seguro
8.2,99,7.3,1607,niebla,0.1,342,270,6.9,2.3,8.8,346,cubierto,ninguna,mojada,1002,2000,1664.0,6.6,True,False,False,20,False,4,96,Precaución
27.3,55,2.8,9722,despejado,0.0,139,90,2.1,1.8,3.9,9037,despejado,leve,seca,1028,500,2096.0,12.9,False,False,False,17,False,11,316,Seguro
24.1,69,23.1,6993,nublado,1.2,27,225,7.1,-22.0,27.7,3028,dispersas,leve,humeda,1000,2000,3572.0,11.0,False,False,False,16,False,8,236,Seguro
12.6,50,21.1,7689,nublado,1.1,46,315,21.1,-0.4,25.3,1911,nublado,leve,humeda,1016,0,-288.0,2.2,False,False,False,16,False,2,50,Precaución
17.5,42,13.0,9200,despejado,0.0,172,90,12.9,1.8,14.3,7685,despejado,leve,seca,1029,2500,3400.0,4.0,False,False,False,11,False,7,195,Seguro
11.2,79,23.5,4565,lluvia_ligera,4.0,42,315,23.5,1.2,28.2,1982,nublado,leve,humeda,1012,2500,2644.0,7.8,False,False,False,15,False,9,267,Precaución
33.9,35,2.3,8629,despejado,0.0,271,45,1.7,-1.6,2.8,9395,despejado,ninguna,seca,1018,2000,4748.0,20.4,False,False,False,9,False,3,77,Seguro
20.8,47,1.6,9892,despejado,0.0,245,0,1.5,-0.7,1.9,12247,despejado,leve,seca,1027,1000,1936.0,6.5,False,False,False,22,True,5,140,Seguro
8.7,78,22.4,6373,lluvia_ligera,5.4,296,270,9.8,20.1,24.6,1339,cubierto,moderada,humeda,1007,0,-756.0,4.5,False,False,False,8,False,8,222,Precaución
31.4,37,14.7,9367,despejado,0.0,334,0,6.4,13.2,22.0,12166,despejado,leve,seca,1011,2000,4448.0,22.5,False,False,False,18,False,7,182,Seguro
8.3,86,22.1,5110,lluvia_ligera,2.1,10,225,12.7,-18.1,26.5,1165,cubierto,leve,mojada,1003,500,-184.0,3.5,False,False,False,14,False,6,158,Precaución
20.7,27,14.3,9986,despejado,0.0,325,180,8.2,-11.7,21.5,7079,despejado,ninguna,seca,1026,1000,1924.0,12.7,False,False,False,20,False,10,276,Seguro
12.0,100,11.5,2444,niebla,1.5,208,315,11.0,-3.4,13.8,545,cubierto,ninguna,humeda,1007,1000,880.0,11.6,False,False,False,15,False,3,80,Precaución
12.5,97,2.8,2294,niebla,0.3,211,45,0.7,-2.7,3.4,776,cubierto,ninguna,humeda,1017,2500,2800.0,10.7,False,False,False,5,True,11,321,Precaución
17.2,51,8.1,7070,nublado,2.0,171,90,8.0,1.3,8.9,3560,dispersas,ninguna,humeda,1006,500,884.0,7.2,False,False,False,0,True,4,98,Seguro
12.4,92,1.6,929,niebla,0.2,179,180,0.0,1.6,2.1,435,cubierto,ninguna,mojada,1014,2500,2788.0,12.3,False,False,False,5,True,4,101,Precaución
17.7,94,4.8,2177,niebla,0.8,256,315,4.1,2.5,6.2,288,cubierto,ninguna,humeda,1012,0,324.0,17.1,False,False,False,2,True,1,6,Precaución
34.0,25,15.2,8770,despejado,0.0,105,0,14.7,-3.9,19.8,10038,despejado,ninguna,seca,1011,500,2900.0,21.9,False,False,False,2,True,1,23,Seguro
-3.8,94,27.4,1370,nieve,19.6,105,0,26.5,-7.1,38.4,1182,cubierto,moderada,contaminada,1010,2000,224.0,-4.1,False,False,False,1,True,4,98,Peligro
15.9,36,14.3,9000,despejado,0.0,268,90,0.5,-14.3,18.6,8416,despejado,ninguna,seca,1014,2000,2588.0,4.6,False,False,False,0,True,10,296,Seguro
18.6,98,44.8,3264,lluvia_fuerte,11.8,209,315,43.1,-12.3,53.8,1055,cubierto,moderada,mojada,986,2500,3532.0,18.5,False,False,False,0,True,2,38,Peligro
21.7,55,8.7,8664,nublado,1.1,50,315,8.7,-0.8,10.4,3732,dispersas,ninguna,seca,1015,1000,2044.0,14.3,False,False,False,8,False,12,348,Seguro
18.9,75,13.9,6569,nublado,0.6,306,315,2.2,13.7,18.1,3474,nublado,ninguna,seca,1002,0,468.0,14.4,False,False,False,10,False,1,10,Seguro
19.4,59,18.2,8429,nublado,1.0,274,225,13.7,11.9,23.7,2042,dispersas,ninguna,humeda,1013,1000,1768.0,12.0,False,False,False,17,False,11,306,Seguro
12.3,83,21.6,6873,lluvia_ligera,2.4,229,270,14.2,16.3,28.1,1058,nublado,leve,mojada,1003,1000,916.0,7.4,False,False,False,18,False,2,45,Precaución
12.4,70,13.9,7651,nublado,1.2,225,180,9.8,9.8,16.7,2083,dispersas,leve,seca,1001,500,308.0,6.5,False,False,False,10,False,1,13,Seguro
18.9,89,29.4,5003,lluvia_ligera,3.7,282,225,24.7,16.0,41.2,1661,cubierto,leve,humeda,1015,500,1088.0,16.5,False,False,False,14,False,9,250,Precaución
21.5,86,19.7,4450,lluvia_ligera,3.3,120,0,17.1,-9.8,27.6,943,cubierto,leve,mojada,1014,0,780.0,18.4,False,False,False,13,False,12,349,Precaución
17.4,92,6.6,1636,niebla,0.3,293,225,6.1,2.5,8.6,142,cubierto,ninguna,humeda,1002,1000,1528.0,17.0,False,False,False,23,True,6,177,Precaución
32.7,47,16.8,8589,despejado,0.0,218,90,13.2,-10.3,20.2,5234,despejado,ninguna,seca,1010,2500,5224.0,26.3,False,False,False,16,False,2,57,Seguro
9.4,94,0.8,1413,niebla,1.9,132,315,0.0,-0.8,1.1,338,cubierto,ninguna,humeda,1011,1000,568.0,8.3,True,False,False,16,False,5,134,Precaución
11.6,99,1.0,928,niebla,1.4,220,135,1.0,0.1,1.5,523,cubierto,ninguna,mojada,1018,1000,832.0,10.4,False,False,False,3,True,10,294,Precaución
20.9,70,25.8,4788,lluvia_ligera,3.7,123,90,14.1,21.6,31.0,2109,cubierto,leve,humeda,1017,0,708.0,7.4,False,False,False,0,True,6,154,Precaución
17.2,76,43.9,2676,granizo,16.4,45,0,31.0,31.0,57.1,1822,cubierto,severa,mojada,1001,500,884.0,13.9,False,True,False,5,True,1,19,Peligro
-0.2,75,19.4,3718,nieve,7.4,123,135,4.0,19.0,23.3,1087,cubierto,leve,nevada,1019,2500,1276.0,-2.2,False,False,False,22,True,7,200,Precaución
28.3,47,18.7,9395,despejado,0.0,97,0,18.6,-2.3,26.2,14239,despejado,leve,seca,1023,0,1596.0,15.5,False,False,False,20,False,12,341,Seguro
22.7,73,21.2,6911,nublado,1.7,41,225,1.5,-21.1,29.7,3860,nublado,leve,humeda,1015,0,924.0,19.3,False,False,False,17,False,1,6,Seguro
16.5,58,24.0,8270,nublado,1.4,122,90,12.7,20.4,28.8,3902,dispersas,leve,humeda,1000,1000,1420.0,7.9,False,False,False,5,True,7,192,Seguro
17.9,91,46.7,2557,tormenta,19.0,302,270,24.7,39.6,56.0,923,cubierto,severa,mojada,984,2000,2828.0,17.8,False,True,True,6,False,3,75,Peligro
7.1,93,35.4,876,tormenta,26.7,4,270,35.3,-2.5,46.0,359,cubierto,severa,contaminada,988,2500,2152.0,6.2,True,True,True,22,True,2,31,Peligro
17.9,42,17.2,9489,despejado,0.0,90,135,12.2,12.2,25.8,10627,despejado,leve,seca,1026,2000,2828.0,3.5,False,False,False,20,False,1,27,Seguro
15.6,67,8.4,7644,nublado,1.9,46,315,8.4,-0.1,12.6,3313,nublado,leve,humeda,1015,0,72.0,4.6,False,False,False,6,False,11,304,Seguro
13.2,87,40.5,3305,lluvia_fuerte,21.4,33,135,39.6,-8.4,56.7,852,cubierto,severa,mojada,981,1000,1024.0,9.4,False,False,False,16,False,1,20,Peligro
15.7,72,26.3,4837,lluvia_ligera,3.0,12,90,25.7,5.5,36.8,2362,cubierto,leve,humeda,1007,2000,2564.0,13.6,False,True,False,7,False,5,120,Peligro
14.1,72,20.2,5961,lluvia_ligera,2.3,252,0,19.2,-6.2,26.3,2111,cubierto,moderada,humeda,1003,2000,2372.0,11.9,False,False,False,8,False,3,61,Precaución
18.9,69,17.9,7783,nublado,0.0,329,225,17.4,-4.3,19.7,3983,dispersas,leve,humeda,1010,1000,1708.0,8.0,False,False,False,7,False,2,34,Seguro
15.5,97,0.7,961,niebla,1.1,259,315,0.6,0.4,1.0,287,cubierto,ninguna,mojada,1004,2000,2540.0,13.7,False,False,False,15,False,9,249,Precaución
12.2,57,6.8,6271,nublado,0.2,68,90,2.5,6.3,8.2,3448,nublado,leve,humeda,1015,1000,904.0,5.9,False,False,False,21,True,10,277,Seguro
9.8,98,7.9,2345,niebla,0.1,4,270,7.9,-0.6,10.3,207,cubierto,ninguna,mojada,1010,1000,616.0,8.5,True,False,False,3,True,4,96,Peligro
15.6,35,14.5,9060,despejado,0.0,81,90,2.3,14.3,20.3,5222,despejado,leve,seca,1024,2500,3172.0,6.6,False,False,False,3,True,12,357,Seguro
26.1,65,7.0,7974,nublado,1.0,317,135,0.2,-7.0,10.5,3877,nublado,ninguna,seca,1009,2000,3812.0,21.0,False,False,False,6,False,9,253,Seguro
17.9,95,10.4,2490,niebla,0.6,283,45,8.8,-5.5,11.4,549,cubierto,ninguna,mojada,1003,2000,2828.0,16.0,False,False,False,11,False,4,90,Precaución
18.0,98,26.7,3603,lluvia_fuerte,12.6,231,225,2.8,26.6,34.7,590,cubierto,moderada,contaminada,1001,1000,1600.0,17.6,False,False,False,1,True,2,48,Peligro
18.1,53,14.4,8949,nublado,0.0,146,225,14.1,2.7,17.3,2153,nublado,ninguna,seca,1010,500,992.0,7.7,False,False,False,9,False,4,113,Seguro
16.9,92,53.1,1205,tormenta,30.8,81,225,31.2,-43.0,79.7,411,cubierto,severa,contaminada,983,0,228.0,16.5,False,True,False,6,False,11,327,Peligro
20.3,53,12.4,7906,nublado,1.0,213,135,12.1,2.6,16.1,3964,nublado,ninguna,seca,1007,2000,3116.0,9.1,False,False,False,23,True,5,141,Seguro
20.3,60,7.7,6697,nublado,0.3,196,135,6.7,3.7,8.5,1709,dispersas,leve,humeda,1004,2000,3116.0,6.7,False,False,False,15,False,4,93,Seguro
16.7,94,1.1,1282,niebla,1.0,213,0,0.6,-0.9,1.4,794,cubierto,ninguna,humeda,1013,1000,1444.0,14.9,False,False,False,10,False,8,230,Precaución
-7.3,81,18.4,1641,nieve,14.9,12,0,3.8,18.0,23.9,1459,cubierto,moderada,nevada,1005,1000,-1436.0,-12.3,False,False,False,21,True,10,289,Peligro
14.8,51,8.8,7506,nublado,1.8,15,270,8.5,-2.3,9.7,3058,nublado,ninguna,humeda,1018,2500,3076.0,5.0,False,False,False,18,False,2,34,Seguro
23.4,70,37.0,2556,granizo,11.4,117,135,11.4,35.2,48.1,1797,cubierto,severa,mojada,1011,2500,4108.0,13.0,False,True,False,22,True,5,135,Peligro
15.3,72,15.1,5072,lluvia_ligera,5.6,56,135,14.8,2.9,22.6,1516,cubierto,moderada,humeda,1017,500,656.0,10.4,False,False,False,2,True,2,36,Precaución
17.6,31,13.1,8179,despejado,0.0,17,180,3.8,-12.5,19.6,14215,despejado,leve,seca,1026,1000,1552.0,9.0,False,False,False,17,False,3,88,Seguro
14.5,73,12.1,8220,nublado,0.4,7,270,12.0,-1.5,16.9,2604,dispersas,leve,seca,1003,500,560.0,11.3,False,False,False,23,True,1,17,Seguro
24.6,49,9.9,9109,despejado,0.0,282,225,8.3,5.4,14.9,11693,despejado,ninguna,seca,1012,0,1152.0,19.2,False,False,False,14,False,11,311,Seguro
15.6,93,11.9,2159,niebla,1.3,235,0,9.7,-6.8,16.7,654,cubierto,ninguna,humeda,1000,500,692.0,15.0,False,False,False,5,True,9,256,Precaución
23.2,64,19.6,8748,nublado,0.6,151,45,18.8,-5.4,29.4,3162,nublado,leve,humeda,1017,2500,4084.0,12.6,False,False,False,10,False,1,6,Seguro
19.6,88,27.4,2395,granizo,24.9,85,225,17.6,-21.0,32.9,884,cubierto,severa,contaminada,1006,500,1172.0,14.7,False,True,False,18,False,1,8,Peligro
18.3,82,27.0,6074,lluvia_ligera,4.3,175,135,17.4,20.7,29.7,1908,cubierto,leve,mojada,1016,2500,3496.0,15.1,False,False,False,14,False,11,311,Precaución
11.7,84,28.9,3603,lluvia_ligera,3.5,196,225,14.0,25.3,40.5,2033,nublado,leve,humeda,1002,2500,2704.0,7.0,False,False,False,13,False,3,85,Precaución
33.8,25,3.0,8884,despejado,0.0,299,90,1.5,-2.6,4.2,5080,despejado,ninguna,seca,1020,2500,5356.0,22.1,False,False,False,4,True,10,299,Seguro
25.6,57,14.0,6018,nublado,1.5,310,180,10.7,-9.0,19.6,2307,nublado,ninguna,humeda,1004,2000,3752.0,18.6,False,False,False,15,False,9,240,Seguro
19.4,71,24.5,8140,nublado,1.1,6,135,19.0,-15.4,31.9,1811,dispersas,leve,seca,1006,2500,3628.0,16.5,False,False,False,8,False,12,365,Seguro
20.4,88,18.3,6196,lluvia_ligera,7.1,249,180,17.1,6.6,20.1,2412,cubierto,leve,mojada,1013,500,1268.0,18.1,False,False,False,4,True,1,16,Precaución
12.6,70,23.7,6810,nublado,0.5,217,180,14.3,18.9,33.2,1648,dispersas,ninguna,humeda,1005,500,332.0,2.2,False,False,False,17,False,6,152,Seguro
7.2,95,5.1,1942,niebla,1.2,144,135,0.8,5.0,5.6,195,cubierto,ninguna,mojada,1007,500,-316.0,5.5,True,False,False,15,False,12,356,Precaución
14.5,96,10.4,1726,niebla,1.8,35,270,8.5,-6.0,13.5,667,cubierto,ninguna,humeda,1008,2500,3040.0,13.8,False,False,False,0,True,11,327,Precaución
14.1,64,24.7,8982,nublado,0.1,119,135,6.8,23.7,34.6,2915,nublado,leve,seca,1010,0,-108.0,-0.1,False,False,False,17,False,2,51,Seguro
15.4,93,9.5,1118,niebla,0.9,26,90,8.5,4.2,12.3,770,cubierto,ninguna,mojada,1002,2500,3148.0,13.8,False,False,False,23,True,12,330,Precaución
22.1,65,14.6,6874,nublado,0.5,139,90,11.0,9.6,19.0,3681,nublado,leve,humeda,1000,2000,3332.0,16.1,False,False,False,5,True,5,142,Seguro
17.8,52,19.8,9903,despejado,0.0,137,45,19.8,-0.7,29.7,7460,despejado,ninguna,seca,1024,0,336.0,7.1,False,False,False,4,True,3,84,Seguro
19.3,55,16.8,9958,despejado,0.0,322,45,16.7,2.0,23.5,5816,despejado,leve,seca,1018,0,516.0,9.3,False,False,False,7,False,2,49,Seguro
18.7,29,7.9,8714,despejado,0.0,20,45,3.3,7.2,8.7,9333,despejado,ninguna,seca,1015,500,1064.0,4.8,False,False,False,19,False,1,18,Seguro
15.0,99,42.7,3448,lluvia_fuerte,16.8,105,135,21.3,37.0,55.5,1439,cubierto,moderada,mojada,982,2500,3100.0,14.6,False,False,False,9,False,10,293,Peligro
10.9,97,0.9,2281,niebla,1.8,103,315,0.5,-0.8,1.2,280,cubierto,ninguna,mojada,1018,2500,2608.0,10.3,False,False,False,4,True,10,282,Precaución
20.2,67,13.7,7827,nublado,0.5,161,225,12.3,6.0,19.2,2256,nublado,leve,seca,1009,0,624.0,10.9,False,False,False,21,True,6,162,Seguro
12.4,72,44.0,4256,granizo,16.1,275,270,3.8,43.8,52.8,1407,cubierto,severa,contaminada,1003,500,308.0,9.8,False,True,False,16,False,6,157,Peligro
13.1,90,20.7,3521,lluvia_fuerte,16.8,236,315,20.3,3.9,26.9,1079,cubierto,moderada,mojada,995,2000,2252.0,9.5,False,False,False,19,False,10,295,Peligro
16.8,66,17.7,6105,nublado,1.2,287,0,16.9,5.2,21.2,2893,nublado,leve,seca,1020,0,216.0,6.9,False,False,False,0,True,4,114,Seguro
18.4,55,16.6,6142,nublado,0.5,30,45,4.3,16.0,18.3,2075,nublado,leve,humeda,1019,1000,1648.0,3.7,False,False,False,6,False,1,27,Seguro
26.6,67,6.1,8679,nublado,1.6,97,225,4.8,-3.8,8.5,3948,nublado,leve,seca,1011,0,1392.0,12.8,False,False,False,10,False,3,62,Seguro
0.3,88,18.7,3158,nieve,19.6,26,45,6.1,17.7,20.6,1305,cubierto,leve,contaminada,1012,2000,716.0,-3.1,False,False,False,12,False,9,250,Precaución
22.0,79,37.0,4412,granizo,11.0,237,225,7.7,36.2,44.4,787,cubierto,severa,contaminada,1017,2000,3320.0,18.5,False,True,False,9,False,10,294,Peligro
9.1,83,11.6,3750,lluvia_ligera,5.0,92,225,8.5,-7.9,15.1,1896,nublado,leve,mojada,1013,2500,2392.0,4.3,False,False,False,16,False,12,333,Seguro
17.6,85,20.0,3654,lluvia_ligera,6.0,171,315,11.8,-16.2,22.0,888,nublado,moderada,mojada,1001,2500,3412.0,15.1,False,False,False,0,True,9,249,Precaución
26.6,51,10.1,8403,despejado,0.0,79,180,9.9,-1.9,13.1,13120,despejado,ninguna,seca,1027,0,1392.0,21.4,False,False,False,7,False,8,226,Seguro
12.6,96,5.9,1128,niebla,1.3,325,45,5.8,1.0,8.3,445,cubierto,ninguna,humeda,1003,0,-288.0,11.5,False,False,False,17,False,12,352,Precaución
11.6,86,26.1,1634,lluvia_fuerte,20.0,112,0,24.2,-9.8,39.2,860,cubierto,moderada,contaminada,994,500,212.0,9.2,False,True,False,9,False,5,125,Peligro
6.1,100,21.4,2785,lluvia_fuerte,12.2,99,135,12.6,17.3,32.1,1231,cubierto,moderada,contaminada,986,1000,172.0,5.8,True,False,False,22,True,10,292,Peligro
15.3,82,13.5,5952,lluvia_ligera,2.2,191,135,11.2,7.5,18.9,2120,nublado,moderada,mojada,1006,500,656.0,12.9,False,False,False,4,True,11,328,Precaución
14.3,88,10.9,5747,lluvia_ligera,4.0,144,225,10.8,1.7,13.1,1326,nublado,leve,humeda,1016,500,536.0,10.2,False,False,False,20,False,4,105,Seguro
20.0,56,9.5,7012,nublado,0.8,275,225,7.3,6.1,12.3,1728,dispersas,ninguna,humeda,1001,1000,1840.0,12.9,False,False,False,23,True,6,172,Seguro
14.2,98,9.8,2318,niebla,1.0,190,225,5.6,8.0,13.7,721,cubierto,ninguna,mojada,1014,2500,3004.0,12.8,False,False,False,7,False,11,305,Precaución
18.1,87,18.3,3161,lluvia_ligera,7.7,292,90,6.9,-17.0,27.5,1338,nublado,moderada,humeda,1013,2500,3472.0,15.1,False,False,False,9,False,9,254,Precaución
15.3,92,8.8,1816,niebla,0.8,191,90,8.6,-1.7,11.4,517,cubierto,ninguna,humeda,1018,500,656.0,14.0,False,False,False,6,False,10,297,Precaución
30.4,51,10.5,9527,despejado,0.0,237,45,2.2,-10.3,14.7,6028,despejado,leve,seca,1013,500,2468.0,17.6,False,False,False,9,False,9,247,Seguro
30.3,37,9.3,9870,despejado,0.0,334,0,4.1,8.4,11.2,14426,despejado,ninguna,seca,1027,0,1836.0,21.5,False,False,False,0,True,7,197,Seguro
20.1,73,15.5,7051,nublado,0.3,297,315,4.8,14.7,21.7,2965,nublado,ninguna,humeda,1007,2500,3712.0,16.4,False,False,False,11,False,3,87,Seguro
16.8,65,10.5,8094,nublado,0.4,240,180,9.1,5.3,12.6,2304,dispersas,leve,humeda,1018,2000,2696.0,10.9,False,False,False,3,True,3,75,Seguro
27.5,31,4.1,9817,despejado,0.0,87,225,2.7,-3.0,5.7,13106,despejado,leve,seca,1029,500,2120.0,17.4,False,False,False,11,False,1,28,Seguro
3.1,76,20.5,1087,nieve,19.0,164,225,17.9,9.9,24.6,694,cubierto,moderada,contaminada,1003,2000,1052.0,-1.4,False,False,False,1,True,9,243,Peligro
-7.7,86,11.3,3820,nieve,9.6,102,270,2.3,-11.1,15.8,1096,cubierto,leve,contaminada,1001,1000,-1484.0,-10.2,False,False,False,8,False,2,46,Precaución
16.6,96,23.1,1667,lluvia_fuerte,21.0,96,180,23.0,2.4,30.0,923,cubierto,moderada,mojada,991,2500,3292.0,14.7,False,True,False,18,False,12,362,Peligro
18.4,35,3.9,9457,despejado,0.0,356,135,2.6,-2.9,5.5,13921,despejado,ninguna,seca,1022,0,408.0,13.0,False,False,False,22,True,11,321,Seguro
16.2,94,36.2,1980,lluvia_fuerte,17.4,6,135,28.1,-22.8,54.3,530,cubierto,moderada,contaminada,984,2000,2624.0,14.5,False,False,True,18,False,8,216,Peligro
10.2,100,1.7,1402,niebla,1.7,277,225,1.3,1.0,2.2,377,cubierto,ninguna,mojada,1019,2500,2524.0,9.5,False,False,False,7,False,3,63,Precaución
18.3,87,14.7,5099,lluvia_ligera,6.2,76,225,7.6,-12.6,17.6,1180,cubierto,leve,mojada,1000,1000,1636.0,14.9,False,False,False,17,False,4,100,Precaución
14.4,93,36.5,1643,lluvia_fuerte,13.6,304,315,7.0,35.8,43.8,1430,cubierto,moderada,mojada,987,1000,1168.0,13.0,False,True,False,22,True,8,233,Peligro
19.6,78,27.4,6948,lluvia_ligera,6.9,151,315,7.6,-26.3,30.1,2065,nublado,leve,mojada,1020,1000,1792.0,15.5,False,False,False,10,False,2,48,Precaución
22.1,27,0.3,8865,despejado,0.0,24,90,0.3,0.1,0.3,8677,despejado,ninguna,seca,1030,500,1472.0,15.2,False,False,False,7,False,10,280,Seguro
3.6,76,18.8,1288,nieve,12.1,275,225,14.4,12.1,22.6,1265,cubierto,leve,nevada,1010,500,-748.0,0.4,False,False,False,22,True,12,332,Peligro
12.2,85,22.3,5529,lluvia_ligera,6.5,157,315,8.4,-20.7,26.8,1524,nublado,leve,humeda,1018,0,-336.0,7.5,False,False,False,17,False,4,99,Seguro
16.1,76,37.5,1955,granizo,12.4,73,270,11.0,-35.9,45.0,1850,cubierto,severa,mojada,1017,500,752.0,13.2,False,True,True,17,False,5,143,Peligro
31.5,43,3.1,8844,despejado,0.0,346,135,1.6,-2.7,4.7,13368,despejado,ninguna,seca,1030,2000,4460.0,18.2,False,False,False,14,False,9,267,Seguro
17.1,87,35.9,2985,granizo,22.2,217,45,5.0,-35.6,53.8,732,cubierto,severa,contaminada,1016,500,872.0,14.5,False,True,True,16,False,9,268,Peligro
12.8,73,29.2,3861,lluvia_ligera,5.3,92,270,1.0,-29.2,35.0,2274,cubierto,moderada,humeda,1001,2000,2216.0,8.4,False,False,False,20,False,11,309,Precaución
12.0,75,11.7,7783,nublado,1.4,160,270,11.0,-4.0,15.2,3370,dispersas,leve,seca,1016,2000,2120.0,7.9,False,False,False,6,False,5,136,Seguro
25.1,60,19.5,6121,nublado,1.7,276,180,19.4,-2.0,25.4,3890,nublado,leve,seca,1014,500,1832.0,17.7,False,False,False,6,False,7,206,Seguro
9.3,71,19.9,3850,lluvia_ligera,2.6,220,90,15.2,-12.8,25.9,2062,cubierto,moderada,mojada,1007,0,-684.0,7.3,True,False,False,5,True,4,92,Precaución
21.7,79,17.1,5757,lluvia_ligera,5.1,74,270,4.7,-16.4,23.9,2386,cubierto,leve,mojada,1010,2000,3284.0,17.8,False,False,False,18,False,7,208,Seguro
24.1,72,23.1,6642,nublado,1.1,294,225,21.6,8.3,25.4,3711,dispersas,leve,humeda,1010,1000,2332.0,19.3,False,False,False,7,False,12,360,Precaución
19.9,73,6.2,7761,nublado,0.2,163,135,2.9,5.5,8.7,3326,dispersas,leve,seca,1019,0,588.0,16.2,False,False,False,23,True,6,164,Seguro
26.8,63,18.3,6283,nublado,0.6,112,90,6.9,17.0,23.8,3760,dispersas,ninguna,humeda,1006,2000,3896.0,14.6,False,False,False,19,False,11,315,Seguro
15.5,92,5.7,501,niebla,1.6,86,225,3.7,-4.3,8.6,118,cubierto,ninguna,mojada,1000,0,60.0,14.3,False,False,False,20,False,9,255,Peligro
24.1,79,33.4,4417,granizo,16.6,64,225,10.9,-31.6,43.4,1760,cubierto,severa,mojada,1003,500,1712.0,19.2,False,True,False,6,False,5,144,Peligro
19.2,56,22.3,6034,nublado,0.3,48,45,1.2,22.3,33.5,3099,nublado,ninguna,seca,1011,2500,3604.0,6.5,False,False,False,20,False,1,20,Seguro
20.9,39,15.7,9195,despejado,0.0,289,225,14.1,6.9,18.8,7935,despejado,ninguna,seca,1027,1000,1948.0,8.3,False,False,False,20,False,1,10,Seguro
12.8,85,12.6,3745,lluvia_ligera,6.4,35,225,2.2,-12.4,16.4,2194,nublado,leve,humeda,1009,2500,2836.0,8.3,False,False,False,12,False,12,349,Seguro
10.1,100,6.2,1981,niebla,0.4,85,0,6.2,0.5,8.1,209,cubierto,ninguna,mojada,1013,1000,652.0,8.8,False,False,False,15,False,4,95,Precaución
11.4,87,22.1,6674,lluvia_ligera,7.4,48,315,22.1,-1.2,28.7,2437,nublado,leve,mojada,1009,0,-432.0,7.1,False,False,False,18,False,2,49,Precaución
21.9,75,10.8,8158,nublado,1.4,183,90,10.8,-0.6,14.0,3615,nublado,ninguna,seca,1020,500,1448.0,17.2,False,False,False,7,False,5,142,Seguro
19.4,77,33.1,2876,granizo,17.1,220,90,25.4,-21.3,46.3,993,cubierto,severa,contaminada,1003,2500,3628.0,14.7,False,True,False,7,False,8,211,Peligro
19.8,73,12.2,5057,lluvia_ligera,3.8,148,90,10.3,6.5,13.4,931,cubierto,moderada,humeda,1010,500,1196.0,16.1,False,False,False,2,True,8,238,Precaución
15.9,39,3.7,9157,despejado,0.0,95,315,2.4,-2.8,5.6,11121,despejado,ninguna,seca,1013,2500,3208.0,9.2,False,False,False,7,False,3,64,Seguro
23.8,47,4.3,8113,despejado,0.0,35,180,2.5,-3.5,5.6,14305,despejado,leve,seca,1015,500,1676.0,17.0,False,False,False,19,False,1,29,Seguro
30.4,40,7.1,8696,despejado,0.0,82,45,4.3,5.7,10.6,13740,despejado,ninguna,seca,1020,2500,4948.0,16.1,False,False,False,23,True,7,185,Seguro
14.7,75,20.5,6112,nublado,0.2,41,0,13.4,15.5,24.6,2511,nublado,leve,seca,1008,1000,1204.0,12.1,False,False,False,21,True,8,215,Seguro
11.5,86,31.4,3945,lluvia_fuerte,18.9,208,180,14.7,27.7,40.8,894,cubierto,severa,contaminada,993,2000,2060.0,6.8,False,True,False,19,False,10,293,Peligro
14.5,96,52.9,1258,tormenta,16.8,208,45,15.5,-50.6,68.8,829,cubierto,severa,mojada,996,0,-60.0,13.2,False,True,False,16,False,12,358,Peligro
19.9,85,18.7,3618,lluvia_ligera,4.1,10,45,10.7,15.3,26.2,1158,cubierto,leve,mojada,1006,0,588.0,17.4,False,False,False,22,True,5,144,Precaución
17.9,59,14.1,8925,nublado,1.4,355,90,14.0,-1.2,15.5,2866,dispersas,leve,humeda,1000,2500,3448.0,10.8,False,False,False,18,False,3,88,Seguro
25.7,39,18.4,9948,despejado,0.0,175,0,1.6,-18.3,23.9,8801,despejado,ninguna,seca,1014,2500,4384.0,11.0,False,False,False,7,False,4,90,Seguro
11.2,92,10.8,1691,niebla,0.6,270,0,10.8,0.0,11.9,248,cubierto,ninguna,humeda,1008,500,164.0,10.4,False,False,False,8,False,8,212,Precaución
4.7,79,12.1,3630,nieve,17.1,217,315,12.0,-1.7,15.7,1333,cubierto,moderada,nevada,1007,500,-616.0,1.4,False,False,False,0,True,10,296,Peligro
13.7,84,17.3,6611,lluvia_ligera,7.4,122,45,16.9,3.9,20.8,1251,cubierto,leve,humeda,1002,0,-156.0,9.1,False,False,False,21,True,4,111,Precaución
7.5,96,5.0,1183,niebla,1.1,48,135,5.0,0.3,6.0,777,cubierto,ninguna,humeda,1013,0,-900.0,7.0,True,False,False,14,False,6,162,Precaución
24.9,31,10.4,8454,despejado,0.0,88,315,7.6,-7.1,11.4,14235,despejado,leve,seca,1017,1000,2428.0,18.5,False,False,False,15,False,2,30,Seguro
16.8,70,14.3,4870,lluvia_ligera,7.9,247,225,5.4,13.3,17.2,1294,cubierto,leve,humeda,1001,1000,1456.0,6.5,False,False,False,12,False,12,351,Precaución
9.5,100,5.4,1792,niebla,1.4,299,225,5.2,1.5,6.5,274,cubierto,ninguna,humeda,1018,500,-40.0,7.5,True,False,False,13,False,6,178,Precaución
8.3,72,26.1,4840,lluvia_ligera,4.8,342,135,11.8,-23.3,39.2,2421,nublado,leve,mojada,1015,2500,2296.0,4.9,False,False,False,9,False,2,57,Precaución
15.7,96,1.4,954,niebla,1.3,157,225,1.3,0.5,2.1,472,cubierto,ninguna,mojada,1006,2500,3184.0,14.7,False,False,False,16,False,1,22,Precaución
14.7,53,6.4,8047,nublado,0.6,132,180,4.8,4.3,9.0,3414,nublado,ninguna,humeda,1002,0,-36.0,6.2,False,False,False,4,True,7,197,Seguro
5.5,100,44.4,1121,tormenta,30.6,222,225,2.3,44.3,66.6,989,cubierto,severa,contaminada,983,500,-520.0,4.0,True,True,False,19,False,1,6,Peligro
-3.5,94,25.6,1973,nieve,6.1,70,90,8.8,24.1,38.4,1197,cubierto,leve,contaminada,1003,500,-1600.0,-4.6,False,False,False,0,True,5,144,Peligro
13.8,90,32.8,1607,tormenta,34.2,253,90,9.6,-31.4,42.6,528,cubierto,severa,mojada,998,2000,2336.0,8.8,False,True,True,11,False,5,130,Peligro
16.8,92,6.2,2424,niebla,1.5,206,180,2.7,5.6,8.1,589,cubierto,ninguna,mojada,1000,2000,2696.0,14.9,False,False,False,15,False,3,63,Precaución
12.6,65,19.6,7713,nublado,1.1,102,270,4.1,-19.2,25.5,2417,nublado,ninguna,seca,1001,1000,952.0,-2.2,False,False,False,22,True,12,335,Seguro
13.6,99,8.5,1730,niebla,0.8,351,180,1.3,-8.4,9.4,724,cubierto,ninguna,humeda,1014,2500,2932.0,13.1,False,False,False,5,True,12,354,Precaución
10.6,88,20.1,5397,lluvia_ligera,3.7,170,225,16.5,11.5,30.2,1630,cubierto,moderada,humeda,1003,0,-528.0,6.7,False,False,False,10,False,2,52,Precaución
12.6,88,23.7,5724,lluvia_ligera,5.7,41,90,17.9,15.5,33.2,1819,nublado,leve,humeda,1015,0,-288.0,9.7,False,False,False,20,False,12,344,Precaución
11.9,73,16.2,5696,lluvia_ligera,3.2,283,90,3.6,-15.8,19.4,2218,nublado,leve,mojada,1020,2000,2108.0,7.4,False,False,False,23,True,11,322,Seguro
21.1,51,7.4,8303,nublado,0.3,76,315,6.3,-3.8,10.4,2945,dispersas,ninguna,seca,1008,2500,3832.0,9.6,False,False,False,6,False,9,245,Seguro
15.8,91,37.2,2081,lluvia_fuerte,17.6,22,90,34.5,13.9,44.6,814,cubierto,moderada,mojada,984,1000,1336.0,15.5,False,False,False,14,False,10,283,Peligro
2.9,80,16.3,2145,nieve,10.7,142,315,2.0,-16.2,21.2,858,cubierto,leve,contaminada,1007,2500,1648.0,0.9,True,False,False,7,False,10,289,Peligro
17.9,93,0.3,2331,niebla,1.7,27,270,0.3,-0.1,0.4,557,cubierto,ninguna,humeda,1014,1000,1588.0,17.1,False,False,False,10,False,11,329,Precaución
21.0,65,11.2,7860,nublado,0.0,249,180,10.5,4.0,12.3,3736,nublado,leve,humeda,1014,500,1340.0,13.1,False,False,False,16,False,11,324,Seguro
21.3,80,23.1,3910,lluvia_ligera,4.1,237,180,19.4,12.6,30.0,2324,cubierto,leve,mojada,1020,2500,3856.0,17.6,False,False,False,19,False,2,37,Precaución
19.4,73,23.6,8411,nublado,1.3,293,45,21.9,-8.8,30.7,2731,dispersas,ninguna,humeda,1002,0,528.0,16.9,False,False,False,13,False,12,360,Precaución
13.0,100,53.2,2917,tormenta,21.3,77,315,45.1,-28.2,58.5,368,cubierto,severa,contaminada,984,0,-240.0,12.5,False,True,False,1,True,9,241,Peligro
12.7,95,4.8,2010,niebla,0.3,147,0,2.6,-4.0,5.3,757,cubierto,ninguna,humeda,1000,500,344.0,12.6,False,False,False,21,True,4,99,Precaución
23.5,52,13.5,8043,despejado,0.0,355,135,8.7,-10.3,17.6,11142,despejado,ninguna,seca,1010,500,1640.0,11.3,False,False,False,21,True,10,298,Seguro
6.5,100,1.1,1195,niebla,1.3,286,315,0.5,1.0,1.2,659,cubierto,ninguna,mojada,1018,2000,1460.0,4.7,True,False,False,15,False,5,134,Precaución
9.7,80,18.4,4748,lluvia_ligera,5.6,75,45,9.2,15.9,25.8,1101,nublado,leve,humeda,1015,2000,1844.0,5.2,False,False,False,15,False,4,100,Precaución
25.8,63,20.3,7147,nublado,2.0,312,180,15.1,-13.6,26.4,2464,nublado,leve,seca,1005,0,1296.0,17.2,False,False,False,19,False,2,49,Precaución
18.0,54,7.1,6429,nublado,0.7,14,180,1.7,-6.9,10.6,3761,dispersas,leve,humeda,1020,1000,1600.0,7.1,False,False,False,7,False,6,169,Seguro
24.4,60,7.6,8343,nublado,0.3,48,90,5.1,5.6,11.4,2698,nublado,ninguna,humeda,1017,2000,3608.0,11.2,False,False,False,4,True,5,147,Seguro
26.7,61,24.6,8429,nublado,0.8,199,135,22.1,10.8,32.0,1855,nublado,leve,humeda,1008,2500,4504.0,21.1,False,False,False,22,True,11,311,Precaución
-7.2,80,10.6,2836,nieve,13.4,75,180,10.2,-2.7,14.8,517,cubierto,moderada,contaminada,1002,1000,-1424.0,-10.9,False,False,False,23,True,1,15,Peligro
26.6,52,10.1,9315,despejado,0.0,86,90,0.7,10.1,14.1,7992,despejado,ninguna,seca,1021,500,2012.0,21.1,False,False,False,22,True,3,89,Seguro
9.2,76,15.5,6481,lluvia_ligera,6.3,175,225,11.9,10.0,20.2,1476,cubierto,moderada,humeda,1017,2000,1784.0,6.8,True,False,False,7,False,2,30,Precaución
11.3,75,19.8,4237,lluvia_ligera,5.0,356,225,14.9,-13.0,23.8,1055,nublado,leve,mojada,1005,500,176.0,7.5,False,False,False,8,False,5,133,Precaución
21.1,58,11.1,6757,nublado,0.6,96,0,11.0,-1.2,13.3,2014,nublado,ninguna,seca,1001,2000,3212.0,12.7,False,False,False,6,False,7,191,Seguro
13.5,95,11.1,1901,niebla,0.8,86,180,11.1,-0.8,13.3,215,cubierto,ninguna,mojada,1009,1000,1060.0,13.3,False,False,False,10,False,3,61,Precaución
7.6,94,44.4,2939,lluvia_fuerte,22.7,46,225,0.8,-44.4,53.3,931,cubierto,moderada,contaminada,992,1000,352.0,7.2,True,False,False,1,True,5,135,Peligro
22.8,62,16.2,6799,nublado,1.6,112,225,14.9,-6.3,19.4,1634,nublado,leve,seca,1007,2000,3416.0,10.8,False,False,False,17,False,7,181,Seguro
17.4,82,16.9,5747,lluvia_ligera,3.3,229,270,11.1,12.8,23.7,1716,nublado,moderada,humeda,1000,1000,1528.0,15.3,False,False,False,23,True,7,195,Precaución
17.1,54,14.1,7973,nublado,1.7,270,225,10.0,10.0,15.5,2160,dispersas,leve,seca,1014,0,252.0,8.3,False,False,False,2,True,4,99,Seguro
12.0,100,8.3,2007,niebla,1.1,234,225,1.3,8.2,10.0,430,cubierto,ninguna,mojada,1013,2500,2740.0,10.3,False,False,False,22,True,12,332,Precaución
6.1,92,41.3,2138,tormenta,31.6,187,0,5.0,-41.0,57.8,407,cubierto,severa,mojada,995,2500,2032.0,5.9,True,True,False,13,False,8,230,Peligro
-2.0,75,11.3,1807,nieve,9.2,228,0,8.4,-7.6,17.0,1952,cubierto,leve,nevada,1015,500,-1420.0,-6.5,False,False,False,18,False,6,162,Precaución
9.8,94,26.7,1500,lluvia_fuerte,17.3,148,0,14.1,-22.6,40.0,1248,cubierto,severa,contaminada,998,1000,616.0,9.3,True,True,False,8,False,10,296,Peligro
23.8,61,16.2,6408,nublado,0.4,237,90,8.8,-13.6,21.1,3731,dispersas,leve,humeda,1005,0,1056.0,9.2,False,False,False,7,False,2,35,Seguro
15.5,98,30.3,2286,tormenta,19.1,15,315,26.2,15.2,36.4,980,cubierto,severa,contaminada,998,2500,3160.0,14.3,False,True,False,9,False,10,298,Peligro
24.5,34,15.2,8950,despejado,0.0,122,270,8.1,-12.9,19.8,13347,despejado,leve,seca,1018,2500,4240.0,16.4,False,False,False,8,False,11,326,Seguro
20.5,87,10.5,4389,lluvia_ligera,6.7,206,0,4.6,-9.4,12.6,1561,cubierto,moderada,humeda,1019,1000,1900.0,18.1,False,False,False,8,False,12,339,Precaución
5.6,95,4.9,2071,niebla,1.2,128,180,3.9,3.0,6.4,204,cubierto,ninguna,humeda,1020,2000,1352.0,4.2,True,False,False,22,True,3,69,Precaución
11.6,93,4.1,2475,niebla,1.9,63,180,3.7,-1.9,5.3,480,cubierto,ninguna,mojada,1006,2500,2692.0,10.3,False,False,False,2,True,5,145,Precaución
18.8,34,18.8,9535,despejado,0.0,193,0,4.2,-18.3,26.3,5835,despejado,leve,seca,1030,1000,1696.0,7.8,False,False,False,11,False,6,168,Seguro
27.2,51,8.0,6763,nublado,0.7,277,45,6.3,-4.9,11.2,2708,nublado,leve,humeda,1002,500,2084.0,13.7,False,False,False,5,True,8,218,Seguro
20.9,73,23.6,7177,nublado,1.7,83,225,14.5,-18.6,30.7,3690,nublado,leve,humeda,1007,500,1328.0,16.2,False,False,False,8,False,12,350,Seguro
11.9,89,21.1,5802,lluvia_ligera,5.6,134,225,21.1,-0.4,29.5,2225,nublado,moderada,humeda,1008,2500,2728.0,7.7,False,False,False,22,True,8,228,Precaución
21.5,75,27.5,3090,lluvia_ligera,6.7,40,180,17.7,-21.1,35.8,1601,nublado,leve,humeda,1019,2500,3880.0,17.4,False,False,False,18,False,6,161,Precaución
12.8,96,8.4,2336,niebla,0.7,142,45,8.3,-1.0,11.8,480,cubierto,ninguna,humeda,1017,0,-264.0,11.0,False,False,False,7,False,11,327,Precaución
15.6,88,16.7,6889,lluvia_ligera,2.6,196,135,14.6,8.1,18.4,2155,nublado,leve,humeda,1018,1000,1312.0,11.5,False,False,False,9,False,8,210,Seguro
11.5,89,18.0,5821,lluvia_ligera,7.0,171,90,17.8,2.8,23.4,1393,cubierto,leve,mojada,1001,1000,820.0,8.8,False,False,False,17,False,9,244,Precaución
19.0,74,7.3,7956,nublado,0.7,34,270,6.1,-4.1,9.5,2658,dispersas,leve,seca,1000,2500,3580.0,15.1,False,False,False,8,False,11,306,Seguro
20.3,80,22.5,4101,lluvia_ligera,2.2,144,180,13.2,18.2,24.8,1061,nublado,moderada,mojada,1004,500,1256.0,16.1,False,False,False,0,True,2,55,Precaución
11.5,79,11.7,5720,lluvia_ligera,5.3,139,45,11.7,-0.8,16.4,1179,nublado,leve,humeda,1019,500,200.0,7.2,False,False,False,14,False,6,167,Precaución
11.7,96,6.3,2049,niebla,1.3,75,0,6.1,1.6,8.8,506,cubierto,ninguna,mojada,1013,2500,2704.0,11.3,False,False,False,0,True,11,308,Precaución
17.3,74,27.0,3036,lluvia_ligera,5.4,241,45,7.4,-26.0,35.1,1607,cubierto,moderada,humeda,1008,1000,1516.0,14.2,False,False,False,18,False,3,87,Precaución
19.3,72,16.3,5853,lluvia_ligera,5.7,273,45,12.1,-10.9,21.2,1329,cubierto,moderada,mojada,1012,2000,2996.0,16.2,False,False,False,12,False,10,294,Precaución
10.5,94,49.1,823,tormenta,30.2,71,315,44.1,-21.5,68.7,613,cubierto,severa,contaminada,980,500,80.0,10.1,False,True,True,22,True,5,132,Peligro
29.6,28,13.3,8665,despejado,0.0,175,0,1.2,-13.2,16.0,8966,despejado,ninguna,seca,1013,1000,2992.0,17.5,False,False,False,19,False,7,197,Seguro
16.2,50,3.7,9005,despejado,0.0,233,90,2.2,-3.0,4.1,7072,despejado,leve,seca,1029,500,764.0,5.4,False,False,False,22,True,9,240,Seguro
17.9,88,24.9,3573,lluvia_ligera,5.1,272,180,24.9,-0.9,32.4,2323,nublado,leve,humeda,1020,2500,3448.0,15.4,False,False,False,11,False,3,60,Precaución
18.7,72,24.8,4568,lluvia_ligera,4.7,315,270,17.5,17.5,32.2,2182,cubierto,leve,mojada,1006,1000,1684.0,13.8,False,False,False,23,True,5,126,Precaución
23.0,74,41.2,2736,granizo,17.9,224,45,0.7,-41.2,53.6,791,cubierto,severa,mojada,1014,2000,3440.0,19.9,False,True,False,6,False,8,238,Peligro
31.9,46,18.7,9624,despejado,0.0,58,315,18.2,-4.2,22.4,11997,despejado,ninguna,seca,1019,2000,4508.0,21.1,False,False,False,6,False,2,47,Seguro
12.9,92,47.8,1927,tormenta,23.5,238,45,10.8,-46.6,66.9,585,cubierto,severa,contaminada,999,2000,2228.0,11.7,False,True,True,0,True,9,262,Peligro
24.0,69,24.7,6412,nublado,1.6,270,0,24.7,0.0,29.6,2836,nublado,ninguna,humeda,1001,2000,3560.0,14.3,False,False,False,9,False,2,34,Precaución
5.3,97,10.1,1229,niebla,1.3,298,180,8.9,-4.7,14.1,619,cubierto,ninguna,humeda,1016,2000,1316.0,5.0,True,False,False,7,False,3,69,Precaución
27.2,69,17.2,6529,nublado,1.2,170,135,9.9,14.1,24.1,1581,dispersas,leve,seca,1017,0,1464.0,15.7,False,False,False,16,False,4,108,Seguro
34.4,51,8.2,9108,despejado,0.0,344,45,7.2,4.0,12.3,14822,despejado,ninguna,seca,1013,2000,4808.0,28.0,False,False,False,4,True,1,4,Seguro
14.1,99,5.5,1884,niebla,1.8,91,180,5.5,0.1,7.2,574,cubierto,ninguna,humeda,1018,500,512.0,12.4,False,False,False,20,False,11,310,Precaución
20.3,70,15.7,6766,lluvia_ligera,4.2,138,315,0.8,-15.7,23.5,1065,nublado,leve,humeda,1009,500,1256.0,12.3,False,False,False,17,False,5,139,Seguro
30.2,29,9.1,9268,despejado,0.0,46,0,6.5,6.3,12.7,14242,despejado,leve,seca,1024,0,1824.0,20.1,False,False,False,22,True,1,16,Seguro
16.7,69,10.7,6385,nublado,1.7,181,225,7.4,7.7,16.0,2941,dispersas,leve,humeda,1013,0,204.0,3.7,False,False,False,17,False,5,145,Seguro
17.8,55,19.2,7531,nublado,1.7,250,315,17.4,8.1,25.0,1918,nublado,leve,humeda,1013,1000,1576.0,5.6,False,False,False,16,False,2,31,Seguro
20.2,30,13.4,8526,despejado,0.0,36,270,10.8,-7.9,18.8,11057,despejado,leve,seca,1025,2000,3104.0,13.5,False,False,False,0,True,8,228,Seguro
18.2,31,3.4,8368,despejado,0.0,274,180,3.4,-0.2,4.4,14570,despejado,leve,seca,1029,2000,2864.0,5.1,False,False,False,11,False,7,185,Seguro
17.5,97,8.5,1856,niebla,0.8,154,135,2.8,8.0,10.2,203,cubierto,ninguna,mojada,1005,2000,2780.0,15.9,False,False,False,15,False,12,333,Precaución
10.5,76,12.1,5525,lluvia_ligera,5.8,350,0,2.1,11.9,16.9,2271,cubierto,leve,humeda,1017,1000,700.0,6.7,False,False,False,4,True,3,64,Seguro
10.3,100,4.1,1907,niebla,0.4,267,180,4.1,0.2,4.9,438,cubierto,ninguna,humeda,1020,500,56.0,9.3,False,False,False,14,False,6,164,Precaución
3.9,93,20.7,1029,nieve,17.2,137,45,20.7,-0.7,22.8,454,cubierto,moderada,nevada,1018,0,-1332.0,3.0,True,False,False,10,False,11,307,Peligro
11.1,88,26.9,3936,lluvia_ligera,6.3,309,90,16.9,-20.9,35.0,2455,nublado,leve,humeda,1011,2000,2012.0,9.0,False,False,False,16,False,12,356,Precaución
10.4,80,19.0,5191,lluvia_ligera,4.0,305,45,18.7,-3.3,26.6,2049,nublado,leve,humeda,1011,0,-552.0,5.7,False,False,False,10,False,2,46,Precaución
24.7,51,24.0,6396,nublado,1.9,253,270,7.0,23.0,33.6,2035,nublado,ninguna,seca,1008,1000,2404.0,15.8,False,False,False,15,False,9,250,Seguro
19.3,65,17.3,8617,nublado,1.5,11,270,17.0,-3.3,24.2,2440,nublado,leve,humeda,1017,2500,3616.0,9.4,False,False,False,15,False,11,310,Seguro
7.7,93,1.9,1473,niebla,0.7,189,0,0.3,-1.9,2.1,611,cubierto,ninguna,mojada,1017,0,-876.0,7.3,True,False,False,22,True,2,57,Precaución
15.8,88,42.4,4294,granizo,22.1,46,315,42.4,-0.7,63.6,1853,cubierto,severa,mojada,1017,2500,3196.0,12.0,False,True,False,2,True,5,129,Peligro
3.3,87,17.0,3902,nieve,12.9,116,315,5.5,-16.1,20.4,1124,cubierto,leve,nevada,1008,2000,1076.0,1.0,True,False,False,13,False,12,338,Peligro
17.6,36,15.8,8487,despejado,0.0,8,270,15.6,-2.2,19.0,14647,despejado,leve,seca,1014,2000,2792.0,7.3,False,False,False,23,True,2,33,Seguro
17.4,74,27.3,6109,lluvia_ligera,7.4,37,180,16.4,-21.8,32.8,1886,nublado,moderada,mojada,1007,2500,3388.0,14.0,False,False,False,10,False,7,192,Precaución
29.6,32,1.7,9970,despejado,0.0,161,0,0.6,-1.6,2.0,7264,despejado,leve,seca,1017,1000,2992.0,17.7,False,False,False,22,True,6,170,Seguro
-7.8,81,12.3,1208,nieve,10.7,218,315,12.2,-1.5,13.5,1475,cubierto,moderada,nevada,1013,0,-2736.0,-10.7,False,False,False,8,False,7,187,Peligro
7.2,96,5.4,2140,niebla,1.1,184,135,4.1,3.5,7.6,605,cubierto,ninguna,humeda,1006,500,-316.0,7.1,True,False,False,20,False,8,229,Precaución
16.0,88,39.3,2361,lluvia_fuerte,12.0,350,315,22.5,32.2,58.9,1021,cubierto,severa,contaminada,995,500,740.0,11.6,False,False,False,2,True,8,235,Peligro
23.7,56,16.3,6188,nublado,1.4,282,225,13.7,8.9,17.9,2261,nublado,leve,seca,1014,2000,3524.0,16.8,False,False,False,10,False,6,154,Seguro
21.8,53,17.0,8547,despejado,0.0,182,315,12.4,-11.6,20.4,14754,despejado,leve,seca,1020,0,816.0,16.3,False,False,False,20,False,12,346,Seguro
11.5,85,44.0,2811,granizo,28.3,288,0,41.8,13.6,61.6,1259,cubierto,severa,contaminada,1000,1000,820.0,7.8,False,True,False,18,False,10,297,Peligro
9.1,86,14.9,3486,lluvia_ligera,5.5,88,180,14.9,-0.5,22.4,1672,nublado,leve,mojada,1001,0,-708.0,6.7,True,False,False,9,False,3,77,Precaución
17.7,62,8.4,7068,nublado,0.4,49,225,0.6,-8.4,10.9,3098,dispersas,leve,seca,1015,2000,2804.0,6.6,False,False,False,10,False,5,137,Seguro
14.4,79,13.8,6455,lluvia_ligera,4.7,115,135,4.7,13.0,17.9,1501,nublado,moderada,mojada,1004,1000,1168.0,10.7,False,False,False,12,False,12,352,Seguro
18.4,79,25.5,5002,lluvia_ligera,2.4,296,135,8.3,-24.1,30.6,2238,nublado,leve,mojada,1004,500,1028.0,15.9,False,False,False,6,False,3,82,Seguro
11.0,70,20.6,3331,lluvia_ligera,6.6,132,135,1.1,20.6,26.8,2399,nublado,moderada,mojada,1015,500,140.0,-0.2,False,False,False,11,False,6,174,Precaución
13.9,73,15.3,8692,nublado,0.1,313,45,15.3,-0.5,16.8,2877,nublado,leve,seca,1015,1000,1108.0,11.3,False,False,False,17,False,11,318,Seguro
8.1,91,30.6,2848,lluvia_fuerte,20.1,309,225,30.4,3.2,39.8,1080,cubierto,moderada,mojada,1003,0,-828.0,6.7,True,False,False,12,False,1,5,Peligro
7.9,100,40.8,2728,tormenta,28.1,89,270,0.7,-40.8,57.1,304,cubierto,severa,contaminada,998,1000,388.0,6.4,True,True,False,1,True,9,250,Peligro
15.9,81,27.4,3072,lluvia_ligera,2.8,109,45,24.6,12.0,30.1,1591,cubierto,leve,mojada,1020,1000,1348.0,11.8,False,False,False,19,False,2,38,Precaución
8.4,100,4.3,597,niebla,1.5,152,90,3.8,2.0,5.6,227,cubierto,ninguna,mojada,1007,2500,2308.0,7.3,True,False,False,20,False,12,341,Peligro
9.4,94,8.9,2325,niebla,1.0,338,270,8.3,3.3,11.6,585,cubierto,ninguna,humeda,1009,2500,2428.0,8.5,True,False,False,19,False,12,334,Precaución
19.8,51,3.5,8653,despejado,0.0,300,45,3.4,-0.9,4.5,6625,despejado,ninguna,seca,1028,2500,3676.0,13.5,False,False,False,7,False,4,100,Seguro
14.2,59,22.9,6945,nublado,1.4,116,45,21.7,7.5,34.3,3288,dispersas,ninguna,humeda,1008,0,-96.0,2.2,False,False,False,20,False,12,365,Precaución
17.3,73,15.1,8056,nublado,1.6,244,90,6.6,-13.6,18.1,2115,dispersas,leve,humeda,1004,2000,2756.0,15.1,False,False,False,20,False,2,48,Seguro
18.7,67,5.3,7801,nublado,0.4,114,180,4.8,2.2,7.4,2887,nublado,leve,seca,1015,2000,2924.0,8.3,False,False,False,1,True,2,58,Seguro
-5.1,77,14.8,2510,nieve,17.2,22,180,5.5,-13.7,16.3,1500,cubierto,leve,nevada,1009,0,-2412.0,-7.9,False,False,False,22,True,11,314,Peligro
14.6,70,12.3,6696,lluvia_ligera,2.9,124,0,10.2,-6.9,14.8,2238,cubierto,leve,mojada,1012,0,-48.0,6.3,False,True,False,3,True,11,323,Peligro
21.1,72,25.1,4092,granizo,17.3,238,45,5.6,-24.5,32.6,1496,cubierto,severa,mojada,1011,2000,3212.0,17.9,False,True,False,9,False,9,260,Peligro
5.2,93,8.4,1881,niebla,0.5,82,225,5.1,-6.7,12.6,744,cubierto,ninguna,mojada,1013,1000,64.0,5.1,True,False,False,5,True,3,88,Precaución
11.2,93,11.8,1249,niebla,1.0,69,0,11.0,4.2,14.2,665,cubierto,ninguna,mojada,1011,2500,2644.0,10.2,False,False,False,21,True,9,251,Precaución
14.4,71,23.2,7758,nublado,1.8,338,270,21.5,8.7,30.2,2094,dispersas,leve,seca,1019,2500,3028.0,12.4,False,False,False,2,True,4,109,Precaución
23.9,75,39.8,2253,granizo,18.5,353,90,39.5,-4.9,51.7,1390,cubierto,severa,contaminada,1006,2000,3548.0,20.0,False,True,False,2,True,7,203,Peligro
21.4,85,43.0,2377,granizo,19.8,285,0,41.5,11.1,51.6,1169,cubierto,severa,mojada,1000,0,768.0,19.0,False,True,False,11,False,7,204,Peligro
11.2,100,7.2,1490,niebla,1.6,52,270,4.4,-5.7,9.4,604,cubierto,ninguna,mojada,1013,1000,784.0,11.0,False,False,False,8,False,12,355,Precaución
13.3,60,5.7,8875,nublado,0.2,214,90,4.7,-3.2,6.3,1783,nublado,leve,seca,1001,500,416.0,4.3,False,False,False,17,False,10,293,Seguro
14.6,97,4.5,1972,niebla,0.2,26,90,4.0,2.0,5.9,560,cubierto,ninguna,humeda,1003,500,572.0,14.3,False,False,False,3,True,10,287,Precaución
15.2,93,6.7,1238,niebla,1.5,257,270,1.5,6.5,8.7,480,cubierto,ninguna,mojada,1013,500,644.0,14.3,False,False,False,11,False,12,341,Precaución
10.4,100,32.1,1794,tormenta,26.4,137,45,32.1,-1.1,38.5,373,cubierto,moderada,contaminada,984,0,-552.0,10.1,False,True,True,8,False,8,216,Peligro
12.5,92,37.9,2789,tormenta,27.9,357,315,25.4,28.2,53.1,413,cubierto,severa,mojada,997,1000,940.0,10.8,False,True,False,19,False,2,40,Peligro
8.2,77,26.7,5212,lluvia_ligera,2.0,287,135,12.5,-23.6,32.0,1679,cubierto,moderada,mojada,1020,0,-816.0,4.1,False,False,False,3,True,12,336,Precaución
15.8,57,6.4,8930,nublado,1.9,68,0,5.9,2.4,7.7,3947,nublado,leve,seca,1013,2500,3196.0,8.6,False,False,False,11,False,3,64,Seguro
16.8,51,9.5,6301,nublado,1.7,194,225,4.9,8.1,13.3,1950,dispersas,leve,seca,1003,1000,1456.0,3.9,False,False,False,19,False,5,128,Seguro
28.2,53,15.3,8268,despejado,0.0,78,270,3.2,-15.0,18.4,14785,despejado,leve,seca,1029,500,2204.0,16.0,False,False,False,1,True,8,211,Seguro
21.4,85,43.3,1906,granizo,13.1,62,0,38.2,20.3,56.3,1244,cubierto,severa,contaminada,1013,0,768.0,18.7,False,True,False,15,False,6,175,Peligro
19.4,36,0.9,9927,despejado,0.0,80,45,0.5,0.7,1.3,13563,despejado,leve,seca,1013,2500,3628.0,9.0,False,False,False,7,False,10,296,Seguro
19.0,39,8.6,8022,despejado,0.0,300,180,7.4,-4.3,12.0,9429,despejado,ninguna,seca,1029,2500,3580.0,9.3,False,False,False,10,False,8,234,Seguro
23.8,69,8.5,8303,nublado,0.3,187,225,5.2,6.7,11.1,2610,nublado,ninguna,seca,1003,2000,3536.0,12.8,False,False,False,2,True,8,233,Seguro
27.0,70,22.1,8792,nublado,0.9,276,315,13.9,17.2,28.7,3607,nublado,leve,seca,1004,2000,3920.0,18.6,False,False,False,1,True,11,321,Seguro
20.0,55,13.8,7861,nublado,1.3,280,270,2.4,13.6,17.9,3313,dispersas,leve,seca,1003,2500,3700.0,5.9,False,False,False,4,True,1,6,Seguro
25.4,32,8.7,8203,despejado,0.0,83,270,1.1,-8.6,11.3,11450,despejado,ninguna,seca,1030,0,1248.0,19.9,False,False,False,5,True,7,207,Seguro
26.8,60,11.0,8223,nublado,0.1,107,225,9.7,-5.2,13.2,3369,dispersas,leve,seca,1014,2500,4516.0,16.5,False,False,False,3,True,5,146,Seguro
10.3,73,20.6,5532,lluvia_ligera,4.5,58,270,10.9,-17.5,30.9,1950,cubierto,moderada,mojada,1003,0,-564.0,7.9,False,False,False,12,False,9,243,Precaución
8.0,94,37.2,3754,lluvia_fuerte,12.0,287,315,17.5,32.8,48.4,664,cubierto,severa,contaminada,1001,2000,1640.0,6.7,True,False,False,17,False,5,147,Peligro
5.1,97,8.1,1995,niebla,0.7,31,0,4.2,6.9,8.9,679,cubierto,ninguna,humeda,1017,500,-568.0,3.3,True,False,False,18,False,12,351,Precaución
24.7,66,7.9,7143,nublado,1.5,258,135,6.6,-4.3,11.9,1574,dispersas,leve,humeda,1010,2000,3644.0,17.6,False,False,False,7,False,11,311,Seguro
22.2,46,4.0,8283,despejado,0.0,240,180,3.5,2.0,5.6,13522,despejado,ninguna,seca,1026,2000,3344.0,13.9,False,False,False,8,False,11,313,Seguro
21.4,60,11.8,8053,nublado,0.8,114,45,11.0,4.2,13.0,3588,dispersas,leve,humeda,1017,0,768.0,11.4,False,False,False,18,False,12,337,Seguro
18.0,53,24.4,6507,nublado,1.0,114,270,9.9,-22.3,34.2,2244,dispersas,leve,seca,1018,1000,1600.0,12.4,False,False,False,0,True,3,66,Seguro
18.2,85,33.6,3816,granizo,20.0,163,0,9.8,-32.1,37.0,1295,cubierto,severa,contaminada,1008,0,384.0,13.8,False,True,True,15,False,10,272,Peligro
10.5,81,22.1,4745,lluvia_ligera,7.8,305,270,12.7,18.1,24.3,2158,nublado,moderada,mojada,1014,1000,700.0,8.0,False,False,False,9,False,10,282,Precaución
11.3,77,20.8,6241,lluvia_ligera,6.4,319,180,13.6,-15.7,27.0,1269,cubierto,moderada,mojada,1009,2000,2036.0,8.3,False,False,False,8,False,4,111,Precaución
16.2,89,34.4,3624,lluvia_fuerte,18.7,23,180,13.4,-31.7,48.2,809,cubierto,moderada,mojada,984,500,764.0,13.4,False,True,False,3,True,10,295,Peligro
-0.6,91,21.8,1309,nieve,14.8,129,135,2.3,21.7,30.5,1415,cubierto,leve,nevada,1008,2000,608.0,-2.2,False,False,False,15,False,2,57,Peligro
11.3,94,7.7,957,niebla,1.4,302,270,4.1,6.5,9.2,759,cubierto,ninguna,humeda,1013,500,176.0,10.2,False,False,False,10,False,10,274,Precaución
23.9,38,8.9,9775,despejado,0.0,0,90,8.9,0.0,12.5,10454,despejado,leve,seca,1016,1000,2308.0,14.1,False,False,False,20,False,11,324,Seguro
16.3,35,16.7,9551,despejado,0.0,299,135,4.6,-16.1,20.0,7747,despejado,leve,seca,1021,0,156.0,1.4,False,False,False,20,False,9,240,Seguro
14.6,95,0.4,1236,niebla,0.6,25,135,0.4,-0.1,0.6,668,cubierto,ninguna,mojada,1017,1000,1192.0,14.5,False,False,False,15,False,4,97,Precaución
8.5,96,5.7,2285,niebla,1.6,177,135,3.8,4.2,7.4,198,cubierto,ninguna,humeda,1005,500,-160.0,6.6,True,False,False,17,False,2,58,Precaución
15.7,96,11.9,1111,niebla,0.1,352,45,9.5,7.2,14.3,670,cubierto,ninguna,mojada,1010,1000,1324.0,14.5,False,False,False,10,False,4,115,Precaución
23.1,41,6.2,9551,despejado,0.0,302,0,5.3,3.3,8.7,14698,despejado,ninguna,seca,1029,2000,3452.0,17.8,False,False,False,22,True,3,75,Seguro
10.2,99,9.6,1996,niebla,1.1,180,90,9.6,0.0,10.6,786,cubierto,ninguna,humeda,1011,0,-576.0,9.4,False,False,False,23,True,5,137,Precaución
11.4,99,9.4,853,niebla,1.5,56,45,1.8,9.2,13.2,700,cubierto,ninguna,humeda,1017,0,-432.0,11.0,False,False,False,4,True,11,317,Precaución
13.5,94,4.5,1631,niebla,1.6,75,180,4.3,-1.2,6.3,637,cubierto,ninguna,humeda,1020,2000,2300.0,12.9,False,False,False,1,True,2,30,Precaución
15.4,96,5.2,1246,niebla,1.8,276,135,3.3,-4.0,5.7,340,cubierto,ninguna,mojada,1004,1000,1288.0,13.7,False,False,False,22,True,5,127,Precaución
13.9,74,15.6,6174,nublado,0.9,355,0,1.4,15.5,23.4,1823,nublado,leve,seca,1019,2500,2968.0,9.4,False,False,False,18,False,9,264,Seguro
15.1,56,14.2,6781,nublado,1.9,262,0,14.1,-2.0,21.3,3812,dispersas,leve,humeda,1000,500,632.0,2.8,False,False,False,3,True,1,4,Seguro
23.2,75,14.5,6162,nublado,0.6,55,90,8.3,11.9,21.8,3888,dispersas,leve,humeda,1015,500,1604.0,19.9,False,False,False,14,False,7,195,Seguro
13.1,99,3.3,870,niebla,0.8,44,135,3.3,-0.1,4.6,324,cubierto,ninguna,mojada,1009,2500,2872.0,11.2,False,False,False,12,False,4,109,Precaución
21.3,45,8.3,9238,despejado,0.0,72,180,7.9,-2.6,9.1,11410,despejado,leve,seca,1014,1000,1996.0,8.0,False,False,False,10,False,9,242,Seguro
9.4,78,25.6,6310,lluvia_ligera,5.7,173,0,3.1,-25.4,35.8,1603,nublado,leve,humeda,1002,0,-672.0,6.4,False,False,False,15,False,9,258,Precaución
18.5,90,26.3,4269,lluvia_ligera,5.9,339,315,10.7,24.0,31.6,1734,cubierto,moderada,humeda,1020,0,420.0,15.9,False,False,False,10,False,5,143,Precaución
29.5,46,19.2,9024,despejado,0.0,228,225,1.0,19.2,25.0,5566,despejado,ninguna,seca,1030,0,1740.0,16.1,False,False,False,16,False,5,120,Seguro
19.6,48,8.0,8985,despejado,0.0,149,0,4.1,-6.9,9.6,13758,despejado,leve,seca,1028,1000,1792.0,9.5,False,False,False,15,False,3,73,Seguro
13.8,71,11.6,8346,nublado,1.6,356,90,11.6,-0.8,12.8,1692,nublado,leve,seca,1005,2500,2956.0,10.3,False,False,False,10,False,8,234,Seguro
18.7,86,15.6,4322,lluvia_ligera,2.5,334,270,14.0,6.8,18.7,2113,nublado,moderada,mojada,1017,500,1064.0,16.4,False,False,False,3,True,5,139,Precaución
21.8,80,12.8,4717,lluvia_ligera,5.9,53,180,10.2,-7.7,17.9,2036,nublado,moderada,humeda,1010,2000,3296.0,18.4,False,False,False,7,False,4,119,Precaución
24.3,55,21.2,7905,nublado,0.5,305,270,12.2,17.4,27.6,2350,nublado,ninguna,humeda,1013,500,1736.0,18.0,False,False,False,22,True,1,29,Seguro
23.6,52,13.6,6739,nublado,1.1,338,45,12.5,5.3,16.3,2815,dispersas,ninguna,humeda,1019,2000,3512.0,16.9,False,False,False,14,False,7,180,Seguro
18.4,76,15.8,3725,lluvia_ligera,6.8,139,225,15.8,1.1,22.1,1787,cubierto,leve,mojada,1011,2500,3508.0,15.3,False,False,False,3,True,5,149,Precaución
24.2,37,8.9,9361,despejado,0.0,56,0,7.4,5.0,12.5,10766,despejado,ninguna,seca,1030,0,1104.0,17.8,False,False,False,15,False,9,262,Seguro
20.2,64,16.1,6582,nublado,0.2,25,225,5.5,-15.1,20.9,1624,dispersas,leve,seca,1011,2000,3104.0,11.8,False,False,False,7,False,4,108,Seguro
28.4,40,8.0,9509,despejado,0.0,288,135,3.6,-7.1,10.4,5643,despejado,ninguna,seca,1014,2000,4088.0,20.0,False,False,False,4,True,1,10,Seguro
10.6,72,27.3,4906,lluvia_ligera,3.9,321,180,17.2,-21.2,30.0,1059,cubierto,leve,humeda,1016,2000,1952.0,8.2,False,False,False,5,True,4,101,Precaución
11.5,96,42.0,1159,tormenta,20.6,269,0,42.0,-0.7,58.8,340,cubierto,severa,mojada,1005,2500,2680.0,9.9,False,True,False,12,False,7,184,Peligro
15.3,79,23.6,5274,lluvia_ligera,7.6,273,270,1.2,23.6,33.0,2324,nublado,moderada,mojada,1011,500,656.0,12.3,False,False,False,1,True,9,249,Precaución
13.7,100,33.2,2203,lluvia_fuerte,21.6,99,225,26.9,-19.5,36.5,1295,cubierto,severa,mojada,984,2000,2324.0,12.9,False,False,False,10,False,10,283,Peligro
-5.9,83,30.4,3366,nieve,9.3,320,270,23.3,19.5,36.5,1152,cubierto,leve,nevada,1013,2500,592.0,-8.3,False,False,False,18,False,8,215,Peligro
33.7,53,3.7,8744,despejado,0.0,258,315,3.1,2.0,4.4,11056,despejado,ninguna,seca,1030,2500,5344.0,26.1,False,False,False,14,False,12,338,Seguro
12.0,94,9.3,2145,niebla,1.8,263,0,9.2,-1.1,13.0,731,cubierto,ninguna,mojada,1012,2000,2120.0,11.8,False,False,False,9,False,1,26,Precaución
9.7,96,3.0,2342,niebla,0.3,272,90,0.1,-3.0,3.9,222,cubierto,ninguna,humeda,1018,0,-636.0,8.3,True,False,False,6,False,12,345,Precaución
24.4,61,7.7,8104,nublado,1.4,177,180,0.4,7.7,9.2,3496,dispersas,leve,humeda,1006,0,1128.0,16.9,False,False,False,10,False,1,27,Seguro
16.0,84,30.9,3588,granizo,19.6,109,90,10.1,29.2,37.1,1134,cubierto,severa,contaminada,1009,500,740.0,12.4,False,True,True,21,True,2,31,Peligro
5.2,97,9.6,1151,niebla,0.2,215,90,7.9,-5.5,10.6,764,cubierto,ninguna,humeda,1009,0,-1176.0,4.1,True,False,False,0,True,7,204,Precaución
19.7,50,3.3,8586,despejado,0.0,112,90,1.2,3.1,4.9,14430,despejado,ninguna,seca,1010,2500,3664.0,12.6,False,False,False,9,False,3,62,Seguro
19.7,87,25.6,6759,lluvia_ligera,4.7,40,45,2.2,25.5,33.3,1015,cubierto,leve,mojada,1007,2500,3664.0,16.5,False,False,False,17,False,10,280,Precaución
10.8,93,7.4,1742,niebla,1.6,341,90,7.0,-2.4,8.1,651,cubierto,ninguna,mojada,1006,500,116.0,9.5,False,False,False,20,False,1,29,Precaución
13.6,96,1.3,982,niebla,1.6,178,135,0.9,1.0,1.4,365,cubierto,ninguna,mojada,1008,1000,1072.0,13.2,False,False,False,21,True,9,249,Precaución
11.9,100,2.0,1941,niebla,0.6,263,180,2.0,0.2,2.4,686,cubierto,ninguna,mojada,1013,0,-372.0,9.9,False,False,False,20,False,3,65,Precaución
31.7,44,18.3,8096,despejado,0.0,273,90,1.0,-18.3,25.6,8709,despejado,leve,seca,1014,1000,3244.0,22.0,False,False,False,13,False,1,26,Seguro
15.6,93,3.2,2064,niebla,1.8,126,90,1.9,2.6,4.2,261,cubierto,ninguna,mojada,1013,2000,2552.0,15.0,False,False,False,8,False,9,243,Precaución
5.9,92,3.9,1484,niebla,0.1,284,270,0.9,3.8,5.5,308,cubierto,ninguna,mojada,1009,1000,148.0,5.3,True,False,False,16,False,9,269,Peligro
22.0,54,19.0,8494,despejado,0.0,41,90,14.3,12.5,28.5,6435,despejado,ninguna,seca,1029,2000,3320.0,10.6,False,False,False,9,False,7,209,Seguro
19.6,55,15.3,7381,nublado,1.6,21,90,14.3,5.5,19.9,2732,nublado,leve,humeda,1005,2000,3032.0,12.8,False,False,False,16,False,7,204,Seguro
16.2,28,12.4,8182,despejado,0.0,322,90,9.8,-7.6,14.9,6419,despejado,ninguna,seca,1024,2000,2624.0,2.6,False,False,False,2,True,9,245,Seguro
14.3,69,15.3,8484,nublado,0.9,267,90,0.8,-15.3,21.4,2127,nublado,ninguna,humeda,1004,2500,3016.0,1.3,False,False,False,4,True,7,206,Seguro
13.9,95,36.4,2241,tormenta,28.7,260,0,35.8,-6.3,51.0,784,cubierto,severa,contaminada,1005,2500,2968.0,12.2,False,True,True,3,True,8,211,Peligro
8.9,95,41.0,1160,tormenta,28.4,281,45,34.0,-22.9,57.4,302,cubierto,severa,contaminada,990,1000,508.0,8.0,True,True,True,23,True,12,363,Peligro
17.5,70,16.6,4663,lluvia_ligera,5.0,198,135,14.8,7.5,24.9,1734,nublado,leve,humeda,1019,2500,3400.0,3.2,False,False,False,11,False,5,125,Precaución
15.0,90,49.4,2057,granizo,16.0,90,225,34.9,-34.9,74.1,1735,cubierto,severa,mojada,1009,2000,2480.0,10.1,False,True,False,7,False,6,167,Peligro
26.0,52,13.0,8969,despejado,0.0,119,315,3.6,-12.5,18.2,5526,despejado,ninguna,seca,1013,2000,3800.0,19.9,False,False,False,11,False,1,26,Seguro
24.7,27,16.2,9007,despejado,0.0,259,90,3.1,-15.9,17.8,14779,despejado,leve,seca,1014,1000,2404.0,10.5,False,False,False,4,True,3,75,Seguro
7.3,92,7.5,992,niebla,1.2,110,180,7.0,2.6,11.2,472,cubierto,ninguna,humeda,1007,2000,1556.0,6.0,True,False,False,21,True,4,112,Precaución
13.7,95,22.3,1265,lluvia_fuerte,13.8,7,315,17.6,13.7,31.2,1187,cubierto,moderada,contaminada,982,2500,2944.0,12.8,False,True,True,1,True,11,315,Peligro
20.8,85,12.2,4530,lluvia_ligera,5.6,141,315,1.3,-12.1,17.1,823,nublado,leve,humeda,1007,500,1316.0,16.0,False,False,False,5,True,3,66,Precaución
15.7,74,27.3,5892,lluvia_ligera,2.1,121,90,14.1,23.4,35.5,1784,cubierto,moderada,mojada,1010,500,704.0,10.7,False,False,False,22,True,7,194,Precaución
16.8,84,21.2,6936,lluvia_ligera,6.0,162,90,20.2,6.6,25.4,1121,cubierto,leve,humeda,1019,2000,2696.0,13.2,False,False,False,10,False,2,42,Precaución
10.0,94,8.2,2059,niebla,0.9,96,180,8.2,0.9,11.5,645,cubierto,ninguna,humeda,1009,500,20.0,9.1,True,False,False,1,True,5,147,Precaución
12.6,62,22.8,8526,nublado,0.9,95,135,14.7,17.5,31.9,2381,nublado,leve,seca,1014,2000,2192.0,3.5,False,False,False,10,False,12,363,Seguro
17.5,92,0.1,1238,niebla,1.4,343,0,0.0,0.1,0.1,315,cubierto,ninguna,mojada,1017,1000,1540.0,16.2,False,False,False,17,False,6,151,Precaución
13.9,95,8.1,2018,niebla,0.5,254,0,7.8,-2.2,10.5,727,cubierto,ninguna,mojada,1019,2500,2968.0,13.3,False,False,False,4,True,2,49,Precaución
-7.2,88,19.7,3392,nieve,19.2,180,45,13.9,-13.9,27.6,440,cubierto,moderada,contaminada,1013,2500,436.0,-11.4,False,False,True,17,False,11,309,Peligro
14.6,87,29.9,5973,lluvia_ligera,6.6,217,45,4.2,-29.6,32.9,1045,nublado,moderada,mojada,1003,0,-48.0,9.8,False,False,False,21,True,3,71,Precaución
14.9,70,35.2,3475,granizo,19.9,322,135,4.3,-34.9,49.3,694,cubierto,severa,mojada,1005,0,-12.0,3.6,False,True,False,17,False,9,268,Peligro
32.8,28,3.8,9059,despejado,0.0,111,180,3.5,1.4,4.6,10155,despejado,ninguna,seca,1027,500,2756.0,18.9,False,False,False,7,False,5,149,Seguro
8.2,90,52.2,1277,tormenta,16.8,315,90,36.9,-36.9,62.6,602,cubierto,severa,mojada,1001,1000,424.0,3.3,False,True,False,14,False,6,172,Peligro
-7.3,91,11.0,3211,nieve,13.5,201,315,10.0,-4.5,15.4,1069,cubierto,leve,nevada,1018,2500,424.0,-7.5,False,False,True,13,False,5,149,Peligro
12.0,93,7.1,1266,niebla,0.3,202,180,2.7,6.6,8.5,345,cubierto,ninguna,humeda,1016,500,260.0,11.5,False,False,False,7,False,12,331,Precaución
15.0,83,16.2,5501,lluvia_ligera,6.6,166,0,3.9,-15.7,21.1,1530,cubierto,leve,humeda,1020,0,0.0,10.4,False,False,False,13,False,4,99,Seguro
3.7,82,18.6,1885,nieve,7.3,240,90,9.3,-16.1,20.5,1260,cubierto,leve,nevada,1010,2000,1124.0,-0.8,False,False,False,15,False,6,157,Precaución
5.3,93,42.8,1085,lluvia_fuerte,22.5,233,0,34.2,-25.8,51.4,581,cubierto,moderada,mojada,991,500,-544.0,3.4,True,False,False,19,False,8,223,Peligro
4.6,90,24.3,1965,nieve,12.1,264,270,2.5,24.2,26.7,561,cubierto,moderada,nevada,1014,500,-628.0,-0.2,False,False,False,5,True,4,109,Peligro
18.3,65,21.8,8461,nublado,1.7,66,90,8.9,19.9,24.0,3960,dispersas,ninguna,humeda,1017,1000,1636.0,7.4,False,False,False,11,False,3,82,Seguro
19.4,56,14.4,7020,nublado,0.6,170,225,11.8,8.3,17.3,2453,dispersas,ninguna,seca,1008,2000,3008.0,10.6,False,False,False,22,True,4,102,Seguro
12.7,93,10.7,1391,niebla,0.2,143,0,6.4,-8.5,12.8,452,cubierto,ninguna,humeda,1012,2000,2204.0,11.8,False,False,False,3,True,12,344,Precaución
2.0,83,19.0,2853,nieve,11.7,305,90,10.9,-15.6,24.7,1213,cubierto,leve,nevada,1009,0,-1560.0,-0.9,True,False,False,7,False,4,110,Peligro
9.4,96,8.4,903,niebla,1.8,149,0,4.3,-7.2,11.8,680,cubierto,ninguna,humeda,1003,2000,1808.0,8.3,True,False,False,0,True,8,235,Precaución
13.5,84,19.5,4451,lluvia_ligera,6.8,344,45,17.1,9.5,29.2,1374,cubierto,leve,mojada,1019,2000,2300.0,10.5,False,False,False,17,False,11,326,Precaución
23.5,73,27.1,3320,granizo,29.3,260,90,4.7,-26.7,37.9,1996,cubierto,severa,contaminada,1002,2500,4120.0,18.7,False,True,False,8,False,6,156,Peligro
15.4,85,34.3,2729,granizo,25.3,87,90,1.8,34.3,48.0,1141,cubierto,severa,mojada,1013,2000,2528.0,10.8,False,True,True,10,False,7,207,Peligro
20.5,50,17.1,8939,despejado,0.0,167,180,3.8,16.7,25.7,9516,despejado,leve,seca,1016,0,660.0,11.3,False,False,False,6,False,9,261,Seguro
23.7,42,14.7,9042,despejado,0.0,356,225,11.1,-9.6,19.1,6426,despejado,leve,seca,1016,0,1044.0,9.0,False,False,False,18,False,10,274,Seguro
18.5,53,16.7,9714,despejado,0.0,16,315,14.6,8.1,18.4,5944,despejado,ninguna,seca,1021,500,1040.0,10.8,False,False,False,14,False,9,259,Seguro
27.5,63,14.5,7655,nublado,1.0,291,45,13.2,-5.9,18.9,2197,nublado,ninguna,humeda,1012,0,1500.0,21.7,False,False,False,15,False,7,180,Seguro
-1.4,79,24.4,3591,nieve,18.2,61,225,6.7,-23.5,29.3,805,cubierto,leve,contaminada,1017,2000,512.0,-5.6,False,False,True,4,True,1,18,Peligro
14.8,98,6.0,2391,niebla,1.5,56,180,5.0,-3.4,8.4,498,cubierto,ninguna,humeda,1004,500,596.0,14.1,False,False,False,0,True,12,351,Precaución
18.3,55,12.4,8838,despejado,0.0,187,135,9.8,7.6,14.9,6651,despejado,leve,seca,1012,0,396.0,5.2,False,False,False,15,False,6,176,Seguro
20.6,82,20.9,6595,lluvia_ligera,5.3,342,135,9.5,-18.6,23.0,1121,cubierto,leve,mojada,1008,2500,3772.0,16.3,False,False,False,23,True,6,162,Precaución
-7.7,80,34.7,1542,nieve,12.7,205,0,14.7,-31.4,48.6,1484,cubierto,moderada,contaminada,1003,1000,-1484.0,-12.4,False,False,False,10,False,11,303,Peligro
-4.5,77,16.6,3361,nieve,14.4,290,270,5.7,15.6,19.9,1416,cubierto,moderada,contaminada,1008,0,-2340.0,-9.2,False,False,True,21,True,3,60,Peligro
28.4,40,10.2,8742,despejado,0.0,87,270,0.5,-10.2,12.2,10017,despejado,ninguna,seca,1015,1000,2848.0,23.2,False,False,False,20,False,4,114,Seguro
27.0,37,8.0,9665,despejado,0.0,239,0,6.9,-4.1,12.0,5460,despejado,leve,seca,1023,500,2060.0,12.8,False,False,False,13,False,5,149,Seguro
19.4,72,10.7,3657,lluvia_ligera,4.0,149,135,2.6,10.4,15.0,1414,cubierto,leve,mojada,1014,2000,3008.0,17.3,False,False,False,3,True,12,360,Precaución
20.8,73,19.8,6288,nublado,0.5,84,225,12.5,-15.4,25.7,2373,dispersas,leve,seca,1016,2000,3176.0,16.3,False,False,False,21,True,3,62,Seguro
10.1,94,5.5,746,niebla,1.4,352,90,5.4,-0.8,6.1,571,cubierto,ninguna,mojada,1006,2000,1892.0,8.9,False,False,False,10,False,7,186,Peligro
15.4,94,2.0,1482,niebla,0.7,62,45,0.6,1.9,2.4,641,cubierto,ninguna,mojada,1012,1000,1288.0,14.9,False,False,False,18,False,4,102,Precaución
16.5,84,19.5,6353,lluvia_ligera,2.1,288,45,17.4,-8.9,23.4,1363,cubierto,leve,mojada,1015,1000,1420.0,13.4,False,False,False,18,False,4,113,Precaución
4.3,93,15.6,1094,nieve,18.8,101,45,12.9,8.7,21.8,1725,cubierto,leve,nevada,1005,0,-1284.0,3.5,True,False,False,13,False,11,308,Peligro
5.1,94,49.9,1747,tormenta,30.9,287,225,44.1,23.4,64.9,761,cubierto,severa,mojada,985,2000,1292.0,3.4,True,True,False,7,False,5,135,Peligro
27.5,44,1.9,8772,despejado,0.0,266,0,1.9,-0.1,2.5,5132,despejado,ninguna,seca,1025,500,2120.0,20.5,False,False,False,17,False,8,238,Seguro
17.6,65,24.7,8865,nublado,1.8,73,90,7.2,23.6,29.6,3076,nublado,leve,seca,1002,1000,1552.0,4.3,False,False,False,17,False,9,240,Seguro
5.8,92,9.2,1718,niebla,1.6,250,180,8.6,3.1,12.0,367,cubierto,ninguna,mojada,1010,500,-484.0,5.1,True,False,False,7,False,5,129,Precaución
23.4,61,12.9,6200,nublado,1.4,231,0,10.0,-8.1,14.2,2565,dispersas,ninguna,humeda,1003,500,1628.0,17.2,False,False,False,1,True,4,114,Seguro
24.2,60,5.1,8128,nublado,0.6,27,45,1.6,4.9,7.6,1586,dispersas,ninguna,seca,1013,500,1724.0,18.0,False,False,False,22,True,9,249,Seguro
18.5,68,6.4,7898,nublado,2.0,98,270,0.9,-6.3,9.0,2636,dispersas,leve,seca,1014,0,420.0,10.0,False,False,False,23,True,6,178,Seguro
20.4,32,8.8,9213,despejado,0.0,351,180,1.4,-8.7,11.4,13581,despejado,leve,seca,1023,2500,3748.0,8.8,False,False,False,17,False,1,9,Seguro
4.1,87,25.3,3134,nieve,9.3,224,90,18.2,-17.6,30.4,1623,cubierto,leve,nevada,1016,1000,-68.0,1.5,True,False,False,19,False,9,262,Peligro
12.8,68,14.5,7256,nublado,1.8,214,135,14.2,2.8,18.9,2982,nublado,leve,humeda,1016,2500,2836.0,-0.1,False,False,False,4,True,3,86,Seguro
14.1,84,14.9,4584,lluvia_ligera,3.7,152,90,13.2,7.0,16.4,832,cubierto,leve,mojada,1000,500,512.0,11.3,False,False,False,19,False,5,137,Precaución
33.9,50,18.9,9837,despejado,0.0,98,45,15.1,11.4,24.6,13748,despejado,ninguna,seca,1020,2500,5368.0,25.1,False,False,False,22,True,8,235,Seguro
22.7,55,7.4,6668,nublado,0.7,116,315,2.4,-7.0,9.6,3637,nublado,leve,seca,1017,1000,2164.0,12.1,False,False,False,13,False,8,236,Seguro
16.4,100,44.9,2912,lluvia_fuerte,17.5,234,0,36.3,-26.4,53.9,931,cubierto,moderada,mojada,991,0,168.0,16.3,False,True,False,15,False,11,306,Peligro
16.9,25,13.5,8534,despejado,0.0,312,90,9.0,-10.0,18.9,8500,despejado,leve,seca,1023,2500,3328.0,11.6,False,False,False,16,False,5,124,Seguro
16.2,94,9.3,1498,niebla,0.7,324,90,7.5,-5.5,10.2,281,cubierto,ninguna,mojada,1008,500,764.0,14.7,False,False,False,5,True,10,296,Precaución
24.6,80,44.3,3477,granizo,14.5,180,0,0.0,-44.3,62.0,1040,cubierto,severa,contaminada,1006,0,1152.0,22.4,False,True,False,15,False,2,31,Peligro
7.5,98,4.4,1467,niebla,1.6,19,0,1.4,4.2,4.8,235,cubierto,ninguna,humeda,1009,1000,340.0,6.4,True,False,False,9,False,7,196,Peligro
19.5,47,17.1,9956,despejado,0.0,244,180,15.4,7.5,22.2,11496,despejado,leve,seca,1017,500,1160.0,13.2,False,False,False,12,False,7,189,Seguro
32.9,28,5.0,8492,despejado,0.0,332,90,4.4,-2.3,5.5,14078,despejado,leve,seca,1023,2500,5248.0,19.0,False,False,False,2,True,3,80,Seguro
6.1,93,8.6,1494,niebla,0.5,302,225,8.4,1.9,12.0,606,cubierto,ninguna,humeda,1003,2000,1412.0,5.0,True,False,False,18,False,7,193,Precaución
13.6,92,3.9,2221,niebla,0.3,103,90,0.9,3.8,4.3,593,cubierto,ninguna,humeda,1020,1000,1072.0,13.0,False,False,False,17,False,4,109,Precaución
-2.2,81,32.2,3557,nieve,16.8,332,225,30.8,-9.4,45.1,1735,cubierto,moderada,contaminada,1009,0,-2064.0,-4.3,False,False,False,10,False,7,200,Peligro
15.3,97,0.3,879,niebla,0.3,180,315,0.2,-0.2,0.4,633,cubierto,ninguna,humeda,1008,500,656.0,15.2,False,False,False,6,False,10,271,Precaución
22.6,51,9.7,6770,nublado,0.3,302,135,2.2,-9.5,11.6,2381,dispersas,leve,seca,1019,2000,3392.0,16.9,False,False,False,8,False,5,134,Seguro
19.3,56,19.8,7120,nublado,0.4,165,90,19.1,5.1,29.7,1903,dispersas,ninguna,humeda,1006,0,516.0,7.9,False,False,False,23,True,8,211,Seguro
16.2,86,25.6,2137,granizo,29.2,77,0,24.9,5.8,33.3,1903,cubierto,severa,contaminada,1003,500,764.0,13.9,False,True,False,20,False,12,342,Peligro
3.1,93,10.8,3467,nieve,9.8,72,135,9.6,4.9,15.1,1652,cubierto,leve,nevada,1007,1000,-188.0,1.1,True,False,False,5,True,11,326,Precaución
16.1,100,3.9,1683,niebla,1.4,4,225,2.6,-2.9,5.1,613,cubierto,ninguna,humeda,1010,500,752.0,15.6,False,False,False,19,False,8,230,Precaución
9.4,74,20.1,6406,lluvia_ligera,3.1,67,90,7.9,18.5,26.1,1944,nublado,leve,mojada,1009,1000,568.0,7.0,True,False,False,14,False,11,306,Precaución
15.9,30,8.4,9484,despejado,0.0,64,225,2.7,-7.9,10.9,8848,despejado,ninguna,seca,1020,500,728.0,6.9,False,False,False,9,False,10,272,Seguro
17.4,63,24.2,6383,nublado,1.6,142,315,2.9,-24.0,26.6,2335,nublado,leve,humeda,1007,500,908.0,5.7,False,False,False,6,False,1,7,Seguro
17.7,71,16.9,5688,lluvia_ligera,6.0,303,135,3.5,-16.5,20.3,1519,cubierto,leve,mojada,1014,500,944.0,15.1,False,False,False,7,False,1,10,Seguro
-3.4,84,19.9,1578,nieve,11.2,253,270,5.8,19.0,23.9,1737,cubierto,leve,nevada,1010,0,-2208.0,-7.3,False,False,False,17,False,12,357,Precaución
32.4,53,9.5,8850,despejado,0.0,186,270,9.4,1.0,11.4,14928,despejado,ninguna,seca,1014,0,2088.0,21.4,False,False,False,20,False,7,208,Seguro
17.7,70,15.3,6724,nublado,1.2,306,45,15.1,-2.4,18.4,3552,dispersas,leve,seca,1005,2500,3424.0,5.4,False,False,False,17,False,12,352,Seguro
5.4,98,52.3,2620,tormenta,15.9,234,45,8.2,-51.7,57.5,563,cubierto,severa,contaminada,985,1000,88.0,4.4,True,True,False,16,False,4,108,Peligro
15.3,86,32.9,1820,granizo,27.7,142,270,25.9,-20.3,46.1,938,cubierto,severa,mojada,1017,2000,2516.0,11.8,False,True,False,8,False,12,351,Peligro
7.8,98,10.2,1929,niebla,0.7,138,225,10.2,0.5,13.3,395,cubierto,ninguna,mojada,1010,500,-244.0,7.1,True,False,False,17,False,10,298,Peligro
11.7,93,11.8,2169,niebla,1.8,141,0,7.4,-9.2,15.3,315,cubierto,ninguna,humeda,1001,500,224.0,11.0,False,False,False,9,False,12,358,Precaución
19.6,74,24.3,8095,nublado,0.8,154,90,21.8,10.7,34.0,3760,dispersas,leve,humeda,1007,0,552.0,17.0,False,False,False,11,False,4,114,Precaución
21.7,79,25.8,4363,lluvia_ligera,6.3,67,225,9.7,-23.9,36.1,1247,cubierto,leve,mojada,1015,1000,2044.0,18.8,False,False,False,20,False,3,77,Precaución
-7.7,91,11.1,3428,nieve,5.6,213,180,6.0,9.3,15.5,490,cubierto,leve,contaminada,1006,2500,376.0,-8.0,False,False,False,16,False,9,269,Peligro
12.1,97,48.2,1378,tormenta,28.9,339,90,45.0,-17.3,57.8,884,cubierto,severa,contaminada,981,1000,892.0,11.7,False,True,False,22,True,11,317,Peligro
11.7,97,6.7,1699,niebla,0.4,169,135,3.7,5.6,9.4,511,cubierto,ninguna,humeda,1006,2000,2084.0,10.2,False,False,False,5,True,10,294,Precaución
21.9,77,19.8,5915,lluvia_ligera,3.6,103,225,16.8,-10.5,27.7,954,nublado,leve,mojada,1015,500,1448.0,18.1,False,False,False,19,False,10,291,Precaución
18.2,64,20.3,7145,nublado,1.7,191,135,16.8,11.4,26.4,1986,dispersas,ninguna,humeda,1011,500,1004.0,11.2,False,False,False,16,False,7,206,Precaución
8.4,95,11.1,2134,niebla,1.5,207,45,3.4,-10.6,14.4,120,cubierto,ninguna,humeda,1017,2000,1688.0,6.5,True,False,False,18,False,3,60,Precaución
30.0,37,19.2,8658,despejado,0.0,3,90,19.2,1.0,26.9,10528,despejado,ninguna,seca,1018,0,1800.0,18.1,False,False,False,8,False,5,130,Seguro
15.4,33,4.4,8773,despejado,0.0,137,90,3.2,3.0,5.3,12289,despejado,ninguna,seca,1028,500,668.0,8.7,False,False,False,5,True,5,130,Seguro
6.3,91,48.1,1830,tormenta,21.4,26,0,21.1,43.2,52.9,296,cubierto,severa,contaminada,1004,2000,1436.0,5.1,True,True,True,16,False,12,339,Peligro
24.4,53,19.4,8948,despejado,0.0,96,45,15.1,12.2,27.2,9718,despejado,leve,seca,1030,0,1128.0,18.2,False,False,False,21,True,8,239,Seguro
12.8,84,24.5,6279,lluvia_ligera,5.0,322,225,24.3,-3.0,29.4,1594,cubierto,moderada,mojada,1004,500,356.0,8.8,False,False,False,18,False,3,85,Precaución
33.4,27,19.1,9388,despejado,0.0,19,90,18.1,6.2,22.9,6766,despejado,ninguna,seca,1016,1000,3448.0,25.3,False,False,False,1,True,8,235,Seguro
20.4,32,8.3,9828,despejado,0.0,131,225,8.3,-0.6,11.6,9966,despejado,leve,seca,1018,1000,1888.0,14.0,False,False,False,2,True,2,39,Seguro
11.4,72,15.7,5798,lluvia_ligera,2.5,175,180,1.4,15.6,18.8,1146,nublado,leve,humeda,1009,500,188.0,7.8,False,False,False,4,True,6,177,Seguro
18.5,62,6.5,8526,nublado,1.4,108,90,2.0,6.2,8.5,1805,nublado,leve,humeda,1013,2000,2900.0,11.0,False,False,False,7,False,2,40,Seguro
8.1,78,22.7,6051,lluvia_ligera,5.9,226,225,0.4,22.7,27.2,869,cubierto,leve,mojada,1015,1000,412.0,4.7,False,False,False,20,False,11,309,Precaución
24.8,27,15.2,9286,despejado,0.0,60,90,7.6,13.2,21.3,11626,despejado,leve,seca,1018,0,1176.0,14.8,False,False,False,14,False,10,271,Seguro
18.4,68,14.1,7389,nublado,1.6,228,0,10.5,-9.4,21.1,2323,nublado,ninguna,humeda,1004,0,408.0,10.6,False,False,False,2,True,11,313,Seguro
-7.8,85,14.5,3407,nieve,9.0,156,315,5.2,-13.5,20.3,568,cubierto,leve,nevada,1015,500,-2116.0,-10.9,False,False,False,0,True,4,107,Precaución
24.6,31,0.8,8235,despejado,0.0,289,135,0.4,-0.7,1.0,12132,despejado,ninguna,seca,1013,2500,4252.0,13.4,False,False,False,12,False,2,45,Seguro
6.7,96,0.4,1192,niebla,0.5,92,90,0.0,0.4,0.5,791,cubierto,ninguna,mojada,1002,0,-996.0,4.9,True,False,False,5,True,5,122,Precaución
21.0,76,23.1,5684,lluvia_ligera,4.6,10,45,13.2,18.9,27.7,2336,cubierto,leve,mojada,1010,2500,3820.0,17.0,False,False,False,16,False,9,263,Precaución
20.4,33,14.1,8555,despejado,0.0,270,180,14.1,0.0,21.1,6560,despejado,ninguna,seca,1022,1000,1888.0,13.0,False,False,False,18,False,3,87,Seguro
13.8,53,5.7,8418,nublado,1.0,345,45,4.9,2.9,8.6,1554,dispersas,ninguna,humeda,1006,2000,2336.0,8.7,False,False,False,4,True,6,164,Seguro
23.0,50,23.7,7061,nublado,0.5,320,90,18.2,-15.2,30.8,3874,dispersas,leve,humeda,1019,2500,4060.0,8.3,False,False,False,11,False,9,260,Precaución
22.0,46,13.5,8891,despejado,0.0,33,90,11.3,7.4,18.9,14793,despejado,leve,seca,1016,2000,3320.0,8.0,False,False,False,20,False,2,33,Seguro
17.6,71,18.3,5268,lluvia_ligera,5.5,274,315,12.0,13.8,27.5,1721,nublado,moderada,mojada,1014,500,932.0,14.2,False,False,False,21,True,11,325,Precaución
19.9,39,12.1,8871,despejado,0.0,224,0,8.4,-8.7,15.7,8401,despejado,leve,seca,1024,1000,1828.0,13.1,False,False,False,11,False,1,7,Seguro
29.0,52,0.9,8672,despejado,0.0,224,225,0.0,0.9,1.4,7029,despejado,ninguna,seca,1015,2000,4160.0,18.9,False,False,False,19,False,8,228,Seguro
20.4,73,37.0,2427,granizo,24.1,333,270,33.0,16.8,51.8,522,cubierto,severa,mojada,1008,0,648.0,16.3,False,True,False,16,False,4,118,Peligro
8.1,99,10.0,2472,niebla,0.9,143,45,9.9,-1.4,15.0,158,cubierto,ninguna,humeda,1020,2500,2272.0,7.4,True,False,False,21,True,5,129,Precaución
10.0,98,10.5,2031,niebla,0.7,197,135,9.3,4.9,13.7,647,cubierto,ninguna,humeda,1009,1000,640.0,8.4,True,False,False,16,False,1,12,Precaución
16.9,96,0.1,1639,niebla,1.1,212,135,0.1,0.0,0.1,428,cubierto,ninguna,mojada,1020,1000,1468.0,16.5,False,False,False,15,False,2,30,Precaución
8.4,95,8.1,1930,niebla,1.3,48,180,6.0,-5.4,10.5,767,cubierto,ninguna,mojada,1018,2500,2308.0,8.2,True,False,False,8,False,3,89,Precaución
-1.2,87,15.5,2438,nieve,16.2,232,270,9.5,12.2,21.7,1808,cubierto,leve,nevada,1006,0,-1944.0,-5.9,False,False,False,16,False,2,56,Precaución
9.8,96,9.8,996,niebla,0.4,188,180,1.4,9.7,10.8,626,cubierto,ninguna,humeda,1007,0,-624.0,9.7,True,False,False,1,True,6,171,Precaución
18.6,29,0.7,8178,despejado,0.0,345,90,0.7,-0.2,0.8,14713,despejado,leve,seca,1022,500,1052.0,11.4,False,False,False,9,False,1,24,Seguro
13.7,98,4.2,1862,niebla,1.9,147,45,4.1,-0.9,5.0,533,cubierto,ninguna,humeda,1018,2500,2944.0,13.3,False,False,False,21,True,9,247,Precaución
29.4,43,5.7,9231,despejado,0.0,357,135,3.8,-4.2,7.4,6078,despejado,leve,seca,1025,2000,4208.0,23.1,False,False,False,5,True,7,208,Seguro
12.8,99,42.7,940,tormenta,26.8,144,0,25.1,-34.5,51.2,835,cubierto,severa,contaminada,993,2000,2216.0,12.2,False,True,True,4,True,3,68,Peligro
6.7,95,8.8,1635,niebla,0.4,99,0,8.7,-1.4,12.3,798,cubierto,ninguna,mojada,1011,1000,244.0,6.4,True,False,False,2,True,8,219,Precaución
33.1,46,12.9,8111,despejado,0.0,169,135,7.2,10.7,18.1,10482,despejado,leve,seca,1030,2000,4652.0,21.8,False,False,False,21,True,6,159,Seguro
13.1,92,9.3,1495,niebla,0.0,270,135,6.6,-6.6,13.0,353,cubierto,ninguna,mojada,1008,1000,1012.0,12.7,False,False,False,14,False,12,334,Precaución
14.3,51,9.8,6192,nublado,0.9,337,0,3.8,9.0,10.8,1596,nublado,leve,humeda,1002,2500,3016.0,6.5,False,False,False,20,False,6,150,Seguro
8.0,98,3.8,1860,niebla,1.8,357,315,2.5,2.8,5.7,106,cubierto,ninguna,humeda,1013,1000,400.0,6.6,True,False,False,13,False,1,22,Precaución
24.9,62,22.5,8913,nublado,1.4,12,45,12.3,18.9,27.0,2363,dispersas,leve,humeda,1007,0,1188.0,15.9,False,False,False,4,True,4,109,Seguro
6.4,98,4.0,863,niebla,1.0,227,0,2.9,-2.7,6.0,525,cubierto,ninguna,mojada,1010,1000,208.0,6.1,True,False,False,8,False,2,48,Precaución
20.2,31,2.9,9329,despejado,0.0,169,90,2.8,0.6,3.5,11321,despejado,ninguna,seca,1017,1000,1864.0,13.1,False,False,False,4,True,3,85,Seguro
12.9,88,47.8,2974,granizo,10.9,89,0,47.8,0.8,71.7,560,cubierto,severa,mojada,1005,1000,988.0,8.4,False,True,True,7,False,4,92,Peligro
27.8,57,11.8,7413,nublado,1.3,226,270,8.2,8.5,16.5,3504,dispersas,leve,humeda,1013,2000,4016.0,13.0,False,False,False,1,True,2,41,Seguro
16.1,93,8.4,1918,niebla,1.8,353,315,5.2,6.6,10.1,541,cubierto,ninguna,humeda,1000,2500,3232.0,14.8,False,False,False,5,True,12,350,Precaución
25.7,36,5.6,8065,despejado,0.0,316,0,3.9,4.0,7.8,13903,despejado,leve,seca,1016,2000,3764.0,15.2,False,False,False,10,False,7,197,Seguro
6.0,88,33.3,2112,lluvia_fuerte,16.0,342,135,15.1,-29.7,40.0,1307,cubierto,moderada,mojada,997,1000,160.0,1.7,False,False,True,20,False,10,288,Peligro
24.2,29,2.9,8076,despejado,0.0,182,0,0.1,-2.9,3.5,12477,despejado,ninguna,seca,1015,0,1104.0,11.4,False,False,False,4,True,8,220,Seguro
31.9,37,14.5,9492,despejado,0.0,332,225,13.9,-4.2,16.0,14788,despejado,ninguna,seca,1026,500,2648.0,17.6,False,False,False,17,False,9,244,Seguro
19.2,72,11.2,7001,nublado,0.1,244,0,10.1,-4.9,14.6,2205,dispersas,ninguna,seca,1015,2500,3604.0,15.0,False,False,False,20,False,2,36,Seguro
31.5,37,12.3,8212,despejado,0.0,202,135,11.3,4.8,16.0,7104,despejado,leve,seca,1018,1000,3220.0,25.7,False,False,False,9,False,10,293,Seguro
24.7,71,9.1,6166,nublado,0.9,344,225,8.0,-4.4,10.9,1758,nublado,ninguna,humeda,1015,1000,2404.0,21.0,False,False,False,8,False,9,263,Seguro
17.5,89,44.6,2076,tormenta,18.3,228,225,2.3,44.5,58.0,410,cubierto,moderada,contaminada,988,1000,1540.0,13.6,False,True,False,19,False,7,197,Peligro
13.4,99,45.8,2065,tormenta,16.9,317,135,1.6,-45.8,55.0,746,cubierto,severa,contaminada,984,2500,2908.0,12.7,False,True,False,11,False,6,179,Peligro
15.2,75,29.7,3692,lluvia_ligera,7.0,46,180,21.4,-20.6,35.6,2400,cubierto,leve,humeda,1014,2000,2504.0,12.6,False,False,False,4,True,3,62,Precaución
21.8,88,12.8,3205,lluvia_ligera,7.0,175,315,8.2,-9.8,14.1,2384,nublado,moderada,humeda,1011,2000,3296.0,17.1,False,False,False,5,True,2,38,Precaución
13.6,84,38.0,4080,granizo,16.9,149,90,32.6,19.6,45.6,1316,cubierto,severa,mojada,1010,0,-168.0,9.2,False,True,False,5,True,12,340,Peligro
25.5,26,18.7,8983,despejado,0.0,158,135,7.3,17.2,26.2,10178,despejado,leve,seca,1020,2500,4360.0,19.4,False,False,False,0,True,6,164,Seguro
16.5,94,11.7,2279,niebla,0.7,315,315,0.0,11.7,16.4,671,cubierto,ninguna,mojada,1002,2500,3280.0,14.6,False,False,False,13,False,11,325,Precaución
21.3,75,47.2,2906,granizo,20.1,276,270,4.9,46.9,66.1,1780,cubierto,severa,mojada,1018,500,1376.0,16.4,False,True,False,6,False,12,355,Peligro
27.1,51,9.7,7140,nublado,0.4,21,135,8.9,-3.9,13.6,3371,dispersas,leve,seca,1009,1000,2692.0,21.9,False,False,False,17,False,3,68,Seguro
13.4,50,20.8,8797,nublado,0.8,295,135,7.1,-19.5,31.2,3649,dispersas,leve,seca,1004,2500,2908.0,5.5,False,False,False,4,True,1,9,Seguro
14.9,87,13.1,5877,lluvia_ligera,3.9,3,225,8.8,-9.7,18.3,2375,nublado,leve,mojada,1009,2500,3088.0,12.1,False,True,False,12,False,11,301,Peligro
16.2,88,48.5,1515,tormenta,33.2,89,45,33.7,34.9,67.9,956,cubierto,severa,contaminada,987,2000,2624.0,13.7,False,True,True,16,False,1,17,Peligro
9.9,93,23.3,1859,lluvia_fuerte,24.7,260,90,4.0,-22.9,32.6,743,cubierto,severa,mojada,1004,2500,2488.0,9.3,True,True,False,4,True,6,178,Peligro
22.5,36,10.4,9749,despejado,0.0,91,135,7.2,7.5,11.4,10765,despejado,ninguna,seca,1019,1000,2140.0,15.4,False,False,False,0,True,5,139,Seguro
18.8,87,12.0,5830,lluvia_ligera,2.6,284,90,2.9,-11.6,15.6,1076,cubierto,leve,mojada,1017,2500,3556.0,15.0,False,False,False,1,True,9,256,Seguro
1.3,83,14.1,2720,nieve,17.6,227,0,10.3,-9.6,19.7,999,cubierto,leve,nevada,1012,2000,836.0,-1.2,True,False,False,18,False,4,110,Peligro
9.7,96,9.7,2265,niebla,2.0,207,315,9.2,-3.0,14.5,571,cubierto,ninguna,humeda,1007,0,-636.0,8.4,True,False,False,18,False,4,106,Precaución
8.4,71,14.9,3308,lluvia_ligera,4.3,148,315,3.4,-14.5,20.9,1411,nublado,moderada,humeda,1013,2500,2308.0,4.0,False,False,False,7,False,8,223,Precaución
14.2,75,23.8,6792,nublado,1.3,255,315,20.6,11.9,28.6,3437,nublado,ninguna,humeda,1019,0,-96.0,9.5,False,False,False,18,False,7,191,Precaución
15.1,41,5.0,8332,despejado,0.0,22,270,4.6,-1.9,7.0,12146,despejado,ninguna,seca,1015,500,632.0,9.9,False,False,False,0,True,10,271,Seguro
19.7,77,19.4,3744,lluvia_ligera,4.7,127,45,19.2,2.7,23.3,1124,cubierto,moderada,mojada,1002,2000,3044.0,15.3,False,False,False,8,False,2,36,Precaución
12.9,97,1.4,1429,niebla,0.3,232,90,0.9,-1.1,1.7,360,cubierto,ninguna,mojada,1017,2500,2848.0,12.5,False,False,False,21,True,11,303,Precaución
16.6,85,20.4,5588,lluvia_ligera,5.0,0,180,0.0,-20.4,22.4,2454,nublado,moderada,humeda,1020,0,192.0,12.4,False,False,False,6,False,11,316,Precaución
21.8,82,21.4,3500,lluvia_ligera,2.3,244,315,20.2,7.0,27.8,1478,nublado,leve,humeda,1006,0,816.0,17.1,False,False,False,2,True,12,337,Precaución
18.7,83,10.8,5060,lluvia_ligera,7.2,308,315,1.3,10.7,11.9,1894,nublado,leve,humeda,1020,2500,3544.0,16.3,False,False,False,23,True,10,283,Seguro
27.4,72,21.1,6730,nublado,0.2,196,90,20.3,-5.8,23.2,2429,nublado,leve,seca,1009,2000,3968.0,23.2,False,False,False,22,True,3,68,Precaución
21.9,79,16.2,4001,lluvia_ligera,6.9,29,225,4.5,-15.6,19.4,1672,cubierto,moderada,humeda,1018,500,1448.0,19.8,False,False,False,10,False,8,239,Precaución
26.4,64,5.8,7274,nublado,1.7,350,90,5.7,-1.0,7.5,2049,nublado,leve,seca,1005,2000,3848.0,12.8,False,False,False,21,True,2,37,Seguro
22.2,78,42.6,3111,granizo,17.2,186,225,26.8,33.1,51.1,1769,cubierto,severa,contaminada,1018,500,1484.0,18.0,False,True,False,0,True,11,305,Peligro
31.0,37,6.8,9094,despejado,0.0,146,0,3.8,-5.6,8.8,13043,despejado,leve,seca,1030,500,2540.0,23.6,False,False,False,10,False,11,308,Seguro
20.2,32,11.4,8573,despejado,0.0,8,0,1.6,11.3,14.8,10402,despejado,ninguna,seca,1021,0,624.0,9.4,False,False,False,12,False,10,276,Seguro
21.1,45,8.0,8331,despejado,0.0,181,135,5.8,5.6,12.0,10835,despejado,ninguna,seca,1010,500,1352.0,9.1,False,False,False,10,False,4,114,Seguro
6.1,95,1.7,1699,niebla,0.1,321,0,1.1,1.3,2.4,656,cubierto,ninguna,mojada,1007,2000,1412.0,5.3,True,False,False,5,True,9,247,Precaución
27.8,59,19.5,6360,nublado,0.4,185,0,1.7,-19.4,27.3,1843,nublado,leve,humeda,1002,1000,2776.0,20.6,False,False,False,6,False,2,31,Seguro
26.5,65,11.0,6523,nublado,1.4,151,90,9.6,5.3,14.3,2730,dispersas,leve,humeda,1001,2500,4480.0,20.4,False,False,False,13,False,8,212,Seguro
19.9,79,17.6,6028,lluvia_ligera,3.5,31,225,4.3,-17.1,22.9,1375,cubierto,leve,humeda,1020,500,1208.0,16.4,False,False,False,14,False,10,271,Seguro
16.3,70,13.3,7938,nublado,0.2,10,270,13.1,-2.3,16.0,2920,nublado,leve,humeda,1006,2000,2636.0,7.9,False,False,False,7,False,9,260,Seguro
12.5,86,17.4,4228,lluvia_ligera,4.6,3,315,12.9,11.6,20.9,1288,nublado,moderada,mojada,1000,2000,2180.0,8.2,False,False,False,7,False,10,285,Precaución
18.2,44,9.6,9107,despejado,0.0,58,90,5.1,8.1,13.4,10310,despejado,leve,seca,1023,1000,1624.0,8.7,False,False,False,1,True,5,147,Seguro
17.3,83,14.1,5055,lluvia_ligera,7.6,4,270,14.1,-1.0,19.7,2078,nublado,leve,humeda,1020,2000,2756.0,15.1,False,False,False,21,True,8,210,Seguro
34.7,33,18.5,9607,despejado,0.0,216,315,18.3,-2.9,22.2,12454,despejado,leve,seca,1019,500,2984.0,20.0,False,False,False,18,False,10,278,Seguro
24.6,68,17.8,6042,nublado,0.3,272,180,17.8,-0.6,24.9,1660,dispersas,leve,seca,1008,0,1152.0,15.0,False,False,False,4,True,10,291,Seguro
28.0,47,2.2,9425,despejado,0.0,54,135,2.2,0.3,2.6,5225,despejado,leve,seca,1014,500,2180.0,15.8,False,False,False,3,True,7,189,Seguro
9.8,87,43.7,1685,lluvia_fuerte,24.6,322,0,26.9,34.4,61.2,1401,cubierto,severa,mojada,993,0,-624.0,7.2,True,False,False,22,True,8,223,Peligro
31.1,43,9.7,9688,despejado,0.0,86,270,0.7,-9.7,10.7,7895,despejado,ninguna,seca,1020,500,2552.0,19.5,False,False,False,7,False,8,214,Seguro
9.4,92,50.1,1845,tormenta,28.1,301,0,42.9,25.8,65.1,600,cubierto,severa,mojada,1001,500,-52.0,8.8,True,True,False,0,True,12,345,Peligro
30.5,36,17.7,8237,despejado,0.0,3,0,0.9,17.7,26.5,11987,despejado,ninguna,seca,1015,500,2480.0,17.8,False,False,False,4,True,7,186,Seguro
19.1,68,20.5,7640,nublado,1.3,269,45,14.2,-14.7,28.7,3467,nublado,leve,humeda,1015,1000,1732.0,8.3,False,False,False,14,False,11,320,Seguro
18.5,42,5.9,8902,despejado,0.0,327,45,5.8,1.2,7.1,11727,despejado,ninguna,seca,1017,500,1040.0,6.8,False,False,False,14,False,4,119,Seguro
16.8,26,9.1,8215,despejado,0.0,198,225,4.1,8.1,11.8,9879,despejado,leve,seca,1022,2500,3316.0,9.1,False,False,False,11,False,5,122,Seguro
30.6,26,1.7,9978,despejado,0.0,295,315,0.6,1.6,2.4,8113,despejado,leve,seca,1024,0,1872.0,19.8,False,False,False,2,True,5,128,Seguro
22.9,60,12.9,7718,nublado,0.9,60,270,6.4,-11.2,14.2,2872,nublado,ninguna,seca,1015,0,948.0,16.9,False,False,False,22,True,12,337,Seguro
27.2,25,10.8,8772,despejado,0.0,188,45,6.5,-8.6,13.0,7775,despejado,leve,seca,1019,1000,2704.0,19.7,False,False,False,14,False,3,81,Seguro
33.2,55,12.1,8297,despejado,0.0,131,225,12.1,-0.8,16.9,10444,despejado,ninguna,seca,1028,2000,4664.0,25.3,False,False,False,17,False,7,191,Seguro
8.1,100,8.5,2320,niebla,0.6,269,225,5.9,6.1,10.2,263,cubierto,ninguna,humeda,1012,2500,2272.0,7.0,True,False,False,20,False,6,172,Precaución
8.4,75,27.9,6357,lluvia_ligera,3.2,181,0,0.5,-27.9,33.5,1664,cubierto,leve,humeda,1009,2500,2308.0,6.3,True,False,False,17,False,1,10,Precaución
10.5,99,2.2,781,niebla,1.6,159,225,2.0,0.9,2.9,161,cubierto,ninguna,humeda,1020,1000,700.0,9.9,False,False,False,17,False,3,75,Peligro
18.4,79,44.9,4232,granizo,27.1,0,90,44.9,0.0,58.4,1008,cubierto,severa,mojada,1000,1000,1648.0,13.6,False,True,False,9,False,8,228,Peligro
19.7,49,3.7,9140,despejado,0.0,241,90,1.8,-3.2,4.1,13299,despejado,ninguna,seca,1012,0,564.0,12.9,False,False,False,15,False,6,160,Seguro
26.8,73,22.5,7815,nublado,1.4,274,0,22.4,1.6,27.0,3588,dispersas,ninguna,seca,1018,0,1416.0,22.3,False,False,False,17,False,1,7,Precaución
34.3,54,9.4,9943,despejado,0.0,27,270,8.4,-4.3,14.1,5158,despejado,leve,seca,1022,500,2936.0,21.9,False,False,False,12,False,12,349,Seguro
15.6,90,21.5,3750,lluvia_ligera,3.0,315,0,15.2,15.2,27.9,1866,cubierto,leve,mojada,1019,1000,1312.0,10.8,False,False,False,9,False,7,189,Precaución
10.3,76,10.7,5610,lluvia_ligera,4.3,155,270,9.7,-4.5,15.0,1659,nublado,leve,humeda,1001,0,-564.0,5.9,False,False,False,9,False,4,118,Seguro
9.5,87,13.6,6385,lluvia_ligera,6.1,145,0,7.8,-11.1,16.3,1800,nublado,leve,humeda,1016,0,-660.0,6.1,False,True,False,11,False,9,266,Peligro
16.4,78,24.2,6055,lluvia_ligera,5.5,116,315,7.9,-22.9,26.6,2325,nublado,leve,mojada,1013,0,168.0,13.3,False,False,False,2,True,7,198,Precaución
16.0,89,22.6,5878,lluvia_ligera,3.6,290,135,9.6,-20.5,31.6,823,cubierto,leve,mojada,1008,1000,1360.0,12.2,False,False,False,21,True,9,269,Precaución
10.9,100,5.0,2462,niebla,0.8,279,90,0.8,-4.9,7.0,172,cubierto,ninguna,humeda,1018,1000,748.0,10.8,False,False,False,8,False,10,283,Precaución
3.4,85,34.1,1484,nieve,17.5,234,90,20.0,-27.6,44.3,464,cubierto,leve,contaminada,1009,2500,1708.0,-0.4,False,False,False,1,True,1,10,Peligro
20.2,26,3.1,9586,despejado,0.0,113,270,1.2,-2.9,3.4,14199,despejado,leve,seca,1019,500,1244.0,5.5,False,False,False,23,True,7,185,Seguro
17.3,95,3.3,1516,niebla,1.8,28,135,3.2,-1.0,4.0,752,cubierto,ninguna,humeda,1011,1000,1516.0,16.2,False,False,False,9,False,7,181,Precaución
21.6,56,11.7,7826,nublado,0.2,105,0,11.3,-3.0,16.4,3726,dispersas,leve,humeda,1006,0,792.0,7.1,False,False,False,11,False,3,63,Seguro
18.8,87,18.0,3032,lluvia_ligera,6.6,323,225,17.8,-2.5,23.4,1431,nublado,leve,mojada,1001,0,456.0,15.6,False,False,False,12,False,3,81,Precaución
17.1,51,8.1,8407,despejado,0.0,171,90,8.0,1.3,12.1,14539,despejado,ninguna,seca,1027,2500,3352.0,5.1,False,False,False,10,False,11,309,Seguro
6.9,93,34.3,1280,tormenta,15.3,253,180,32.8,10.0,41.2,738,cubierto,severa,contaminada,986,500,-352.0,5.0,True,True,False,8,False,5,148,Peligro
18.7,77,21.2,3714,lluvia_ligera,5.5,68,315,19.5,-8.3,27.6,2176,cubierto,leve,mojada,1010,0,444.0,14.0,False,False,False,9,False,9,262,Precaución
15.4,93,11.7,898,niebla,0.1,34,45,2.2,11.5,16.4,464,cubierto,ninguna,humeda,1010,2000,2528.0,13.4,False,False,False,2,True,8,231,Precaución
20.3,28,11.6,8355,despejado,0.0,210,180,5.8,10.0,15.1,9394,despejado,ninguna,seca,1014,500,1256.0,5.8,False,False,False,18,False,11,325,Seguro
12.6,80,17.7,5281,lluvia_ligera,3.2,130,180,13.6,11.4,24.8,2473,cubierto,moderada,humeda,1011,1000,952.0,10.4,False,False,False,0,True,10,295,Precaución
16.9,49,9.4,8247,despejado,0.0,19,45,4.1,8.4,14.1,12887,despejado,ninguna,seca,1015,2000,2708.0,4.1,False,False,False,20,False,10,295,Seguro
32.9,27,12.8,8300,despejado,0.0,45,90,9.1,9.1,17.9,11643,despejado,leve,seca,1023,500,2768.0,21.8,False,False,False,9,False,6,155,Seguro
18.5,49,2.8,9257,despejado,0.0,169,270,2.7,-0.5,4.2,14983,despejado,ninguna,seca,1012,500,1040.0,13.5,False,False,False,19,False,10,272,Seguro
8.3,93,5.8,1597,niebla,0.6,38,315,5.8,0.7,7.5,550,cubierto,ninguna,humeda,1017,0,-804.0,8.1,True,False,False,18,False,1,14,Precaución
26.1,38,5.5,8641,despejado,0.0,16,180,1.5,-5.3,7.2,9031,despejado,ninguna,seca,1025,2000,3812.0,16.6,False,False,False,2,True,3,84,Seguro
21.1,27,11.1,8011,despejado,0.0,71,180,10.5,-3.6,15.5,14365,despejado,leve,seca,1021,1000,1972.0,11.0,False,False,False,3,True,8,236,Seguro
3.2,82,34.9,1782,nieve,10.1,226,0,25.1,-24.2,48.9,1814,cubierto,moderada,nevada,1005,500,-796.0,0.9,True,False,False,10,False,6,175,Peligro
16.6,96,33.6,3062,lluvia_fuerte,22.4,122,135,7.6,32.7,47.0,693,cubierto,severa,mojada,995,1000,1432.0,15.9,False,True,False,8,False,7,194,Peligro
12.9,61,22.9,8932,nublado,1.4,252,135,20.4,-10.4,29.8,3313,nublado,leve,humeda,1011,500,368.0,-1.9,False,False,False,18,False,8,210,Precaución
16.5,45,12.4,9129,despejado,0.0,314,180,8.9,-8.6,14.9,13025,despejado,ninguna,seca,1013,0,180.0,9.3,False,False,False,2,True,7,197,Seguro
4.6,85,34.1,2763,nieve,6.6,265,0,34.0,-3.0,44.3,601,cubierto,moderada,nevada,1012,2000,1232.0,0.3,False,False,False,18,False,12,354,Peligro
9.4,85,13.6,6468,lluvia_ligera,5.4,211,315,13.2,-3.3,15.0,1066,nublado,moderada,humeda,1009,1000,568.0,6.1,False,False,False,21,True,8,226,Precaución
15.9,85,44.0,1909,lluvia_fuerte,10.7,306,135,6.9,-43.5,48.4,1119,cubierto,severa,contaminada,988,1000,1348.0,11.0,False,False,False,19,False,10,281,Peligro
13.2,99,9.7,868,niebla,0.6,60,135,9.4,2.5,14.5,282,cubierto,ninguna,humeda,1015,2500,2884.0,12.0,False,False,False,0,True,3,82,Precaución
14.2,64,18.9,8063,nublado,1.9,238,225,4.3,18.4,28.3,2964,nublado,leve,humeda,1014,0,-96.0,0.1,False,False,False,0,True,8,216,Seguro
22.7,73,14.5,6698,nublado,1.1,303,270,7.9,12.2,17.4,2848,dispersas,leve,humeda,1018,0,924.0,18.8,False,False,False,3,True,12,334,Seguro
16.7,84,21.4,5278,lluvia_ligera,4.6,182,135,15.7,14.6,25.7,2280,cubierto,leve,humeda,1014,2500,3304.0,13.4,False,False,False,20,False,2,37,Precaución
14.2,98,23.4,2058,lluvia_fuerte,15.9,11,180,4.5,-23.0,25.7,609,cubierto,severa,contaminada,982,500,524.0,12.2,False,False,True,3,True,11,301,Peligro
16.0,36,13.8,9209,despejado,0.0,77,135,11.7,7.3,15.2,6802,despejado,ninguna,seca,1019,1000,1360.0,1.9,False,False,False,0,True,6,171,Seguro
19.4,71,24.6,8981,nublado,0.3,189,180,3.8,24.3,32.0,2207,dispersas,ninguna,humeda,1014,2500,3628.0,16.9,False,False,False,3,True,2,45,Seguro
21.5,63,14.4,7542,nublado,1.6,277,135,8.9,-11.3,20.2,1753,nublado,ninguna,humeda,1005,1000,2020.0,15.2,False,False,False,15,False,7,199,Seguro
0.6,83,21.4,3292,nieve,10.2,244,270,9.4,19.2,27.8,1127,cubierto,leve,nevada,1003,2000,752.0,-2.9,False,False,False,22,True,8,224,Precaución
21.5,88,17.2,3146,lluvia_ligera,2.6,281,180,16.9,-3.3,20.6,1412,cubierto,leve,mojada,1004,0,780.0,17.4,False,False,False,8,False,6,169,Precaución
13.2,89,18.3,3581,lluvia_ligera,7.7,89,315,13.2,-12.7,22.0,1692,nublado,leve,humeda,1008,0,-216.0,9.6,False,False,False,19,False,11,311,Precaución
20.1,27,5.1,9953,despejado,0.0,334,225,4.8,-1.7,7.1,8173,despejado,ninguna,seca,1030,2500,3712.0,6.2,False,False,False,20,False,6,155,Seguro
16.8,82,13.1,3692,lluvia_ligera,2.9,67,225,4.9,-12.1,14.4,1909,nublado,leve,mojada,1016,0,216.0,13.5,False,False,False,17,False,12,348,Seguro
34.8,38,2.4,8927,despejado,0.0,302,225,2.3,0.5,2.9,7803,despejado,leve,seca,1010,1000,3616.0,29.6,False,False,False,18,False,1,3,Seguro
7.5,89,43.0,1631,tormenta,27.9,43,90,31.4,29.3,60.2,454,cubierto,severa,contaminada,985,2500,2200.0,4.0,False,True,True,3,True,12,348,Peligro
13.6,97,6.7,2436,niebla,2.0,243,0,6.0,-3.0,8.7,699,cubierto,ninguna,mojada,1006,0,-168.0,12.1,False,False,False,18,False,8,229,Precaución
6.2,97,10.5,1722,niebla,1.8,300,90,5.2,-9.1,12.6,610,cubierto,ninguna,mojada,1003,2500,2044.0,4.7,True,False,False,18,False,11,302,Precaución
18.1,77,27.1,3368,lluvia_ligera,3.9,136,135,0.5,27.1,35.2,2203,nublado,leve,mojada,1014,500,992.0,14.2,False,False,False,15,False,10,271,Precaución
14.2,77,26.0,3735,lluvia_ligera,4.5,44,225,0.5,-26.0,39.0,1642,cubierto,leve,humeda,1010,2500,3004.0,12.1,False,False,False,4,True,5,129,Precaución
16.3,92,2.1,1435,niebla,1.6,231,225,0.2,2.1,3.2,334,cubierto,ninguna,mojada,1000,2500,3256.0,15.0,False,False,False,18,False,12,336,Precaución
21.9,90,19.1,5265,lluvia_ligera,5.6,317,315,0.7,19.1,24.8,2017,cubierto,leve,mojada,1014,500,1448.0,18.4,False,False,False,3,True,6,157,Seguro
12.6,85,20.3,6897,lluvia_ligera,5.9,320,315,1.8,20.2,22.3,1341,nublado,leve,mojada,1005,2000,2192.0,10.6,False,False,False,16,False,9,241,Precaución
7.3,97,11.7,1864,niebla,1.0,311,315,0.8,11.7,15.2,443,cubierto,ninguna,humeda,1020,500,-304.0,6.3,True,False,False,22,True,1,7,Precaución
12.1,69,18.8,7907,nublado,1.1,354,315,11.8,14.6,24.4,3877,nublado,leve,seca,1007,0,-348.0,0.5,False,False,False,8,False,9,269,Seguro
12.3,93,30.9,1118,lluvia_fuerte,15.8,318,90,23.0,-20.7,46.3,1128,cubierto,severa,mojada,998,2500,2776.0,11.0,False,False,False,2,True,12,330,Peligro
26.6,59,11.4,8874,nublado,0.3,253,90,3.3,-10.9,17.1,3341,nublado,leve,seca,1008,0,1392.0,12.4,False,False,False,5,True,4,103,Seguro
7.9,97,47.3,1305,tormenta,30.4,84,90,4.9,47.0,56.8,422,cubierto,severa,mojada,986,2000,1628.0,6.7,True,True,False,11,False,12,364,Peligro
15.3,99,44.7,1724,lluvia_fuerte,24.6,81,0,44.1,7.0,58.1,1324,cubierto,severa,mojada,982,0,36.0,13.8,False,False,False,21,True,12,347,Peligro
14.5,73,41.4,3052,granizo,12.4,328,270,35.1,21.9,45.5,1682,cubierto,severa,contaminada,1009,0,-60.0,12.3,False,True,True,7,False,2,43,Peligro
14.8,82,23.3,6013,lluvia_ligera,4.5,168,315,12.7,-19.5,32.6,2167,nublado,leve,mojada,1000,1000,1216.0,11.3,False,False,False,17,False,11,315,Precaución
18.9,68,12.0,7216,nublado,0.4,336,45,11.2,4.3,15.6,2891,dispersas,leve,humeda,1000,0,468.0,5.2,False,False,False,11,False,3,61,Seguro
21.4,77,12.3,4306,lluvia_ligera,7.1,250,45,5.2,-11.1,13.5,1263,cubierto,moderada,mojada,1000,500,1388.0,18.0,False,False,False,3,True,6,153,Precaución
13.6,86,13.9,6440,lluvia_ligera,6.1,288,90,4.3,-13.2,19.5,2389,nublado,leve,mojada,1011,2500,2932.0,10.9,False,False,False,16,False,3,86,Seguro
8.8,95,1.4,2313,niebla,1.6,291,0,1.3,0.5,1.5,277,cubierto,ninguna,humeda,1003,0,-744.0,7.8,True,False,False,12,False,10,275,Precaución
10.4,99,8.7,1664,niebla,0.8,238,135,8.5,-2.0,11.3,565,cubierto,ninguna,humeda,1016,0,-552.0,8.9,False,False,False,16,False,6,166,Precaución
16.4,89,39.3,2203,tormenta,18.7,197,315,34.7,-18.5,55.0,610,cubierto,severa,contaminada,1000,500,788.0,14.1,False,True,True,22,True,2,31,Peligro
21.4,74,20.0,4322,lluvia_ligera,4.3,356,225,15.1,-13.1,26.0,2099,cubierto,leve,mojada,1001,500,1388.0,17.6,False,False,False,6,False,4,118,Precaución
17.1,47,13.1,8227,despejado,0.0,194,270,12.7,3.2,15.7,7092,despejado,ninguna,seca,1015,1000,1492.0,5.9,False,False,False,21,True,5,147,Seguro
13.7,89,18.1,3715,lluvia_ligera,4.3,236,270,10.1,15.0,25.3,2494,cubierto,leve,humeda,1006,2000,2324.0,10.9,False,False,False,23,True,9,266,Precaución
16.6,40,2.3,8580,despejado,0.0,351,315,1.4,1.9,2.8,12486,despejado,leve,seca,1023,1000,1432.0,1.8,False,False,False,13,False,4,97,Seguro
10.0,83,30.1,4320,granizo,28.2,140,180,19.3,23.1,42.1,1831,cubierto,severa,contaminada,1008,0,-600.0,6.9,False,True,True,20,False,3,85,Peligro
14.7,79,45.9,3547,granizo,23.6,340,90,43.1,-15.7,59.7,801,cubierto,severa,contaminada,1009,2500,3064.0,9.7,False,True,True,3,True,5,141,Peligro
5.2,99,10.6,1685,niebla,0.9,248,45,4.1,-9.8,15.9,716,cubierto,ninguna,mojada,1009,1000,64.0,3.3,True,False,False,8,False,1,13,Precaución
5.9,94,1.3,2167,niebla,0.9,267,225,0.9,1.0,1.4,512,cubierto,ninguna,humeda,1000,2000,1388.0,4.0,True,False,False,13,False,6,163,Precaución
17.2,87,29.4,5939,lluvia_ligera,7.4,28,45,8.6,28.1,35.3,2065,cubierto,leve,mojada,1010,0,264.0,14.2,False,False,False,15,False,11,325,Precaución
7.5,91,48.2,2348,tormenta,30.4,73,90,14.1,46.1,67.5,875,cubierto,severa,contaminada,998,0,-900.0,7.3,True,True,True,19,False,3,63,Peligro
19.3,82,11.1,5322,lluvia_ligera,3.2,118,180,9.8,5.2,14.4,1594,cubierto,leve,mojada,1009,0,516.0,14.6,False,False,False,4,True,4,98,Seguro
13.7,56,20.7,8426,nublado,1.6,169,315,11.6,-17.2,26.9,2415,dispersas,leve,humeda,1004,2000,2324.0,-0.0,False,False,False,10,False,12,350,Seguro
13.3,83,18.7,4042,lluvia_ligera,6.2,35,90,15.3,10.7,26.2,1471,cubierto,leve,humeda,1014,2500,2896.0,9.6,False,False,False,8,False,6,178,Precaución
-7.5,75,22.3,1638,nieve,10.9,252,225,10.1,19.9,33.5,1125,cubierto,leve,nevada,1008,2500,400.0,-12.1,False,False,False,12,False,9,245,Peligro
32.4,42,10.6,9102,despejado,0.0,324,180,6.2,-8.6,14.8,5435,despejado,ninguna,seca,1010,2000,4568.0,25.0,False,False,False,23,True,10,298,Seguro
13.4,100,2.2,1532,niebla,0.1,238,270,1.2,1.9,3.1,513,cubierto,ninguna,humeda,1015,0,-192.0,13.2,False,False,False,18,False,3,60,Precaución
26.2,50,23.4,7359,nublado,0.2,292,0,21.7,8.8,25.7,1537,nublado,ninguna,seca,1009,1000,2584.0,21.1,False,False,False,3,True,2,48,Precaución
22.9,55,17.5,6418,nublado,0.7,272,225,12.8,11.9,21.0,2710,dispersas,ninguna,humeda,1013,1000,2188.0,13.1,False,False,False,8,False,7,199,Seguro
32.1,34,9.2,8810,despejado,0.0,210,45,2.4,-8.9,12.9,5871,despejado,ninguna,seca,1015,2000,4532.0,25.2,False,False,False,10,False,6,166,Seguro
31.9,34,9.3,9435,despejado,0.0,204,270,8.5,3.8,11.2,5519,despejado,ninguna,seca,1011,0,2028.0,17.5,False,False,False,15,False,6,171,Seguro
15.0,51,7.7,7724,nublado,1.5,245,45,2.6,-7.2,8.5,1629,dispersas,leve,seca,1015,2500,3100.0,5.0,False,False,False,21,True,3,66,Seguro
31.5,28,4.5,8498,despejado,0.0,266,90,0.3,-4.5,5.9,7185,despejado,leve,seca,1012,2500,5080.0,18.5,False,False,False,9,False,9,262,Seguro
17.9,49,11.4,9252,despejado,0.0,238,270,6.0,9.7,13.7,10744,despejado,leve,seca,1020,1000,1588.0,3.0,False,False,False,20,False,10,296,Seguro
22.8,49,14.4,8314,despejado,0.0,20,180,4.9,-13.5,21.6,13590,despejado,leve,seca,1024,0,936.0,9.5,False,False,False,1,True,5,128,Seguro
17.2,94,8.5,901,niebla,0.0,94,0,8.5,-0.6,9.4,134,cubierto,ninguna,humeda,1016,2000,2744.0,15.5,False,False,False,20,False,12,354,Peligro
23.6,63,6.9,6887,nublado,0.7,241,90,3.3,-6.0,8.3,3293,dispersas,leve,seca,1010,1000,2272.0,15.1,False,False,False,22,True,7,201,Seguro
33.2,35,16.7,9256,despejado,0.0,301,45,16.2,-4.0,20.0,9464,despejado,leve,seca,1026,500,2804.0,18.3,False,False,False,17,False,5,147,Seguro
17.2,100,2.6,1645,niebla,0.2,238,135,2.5,-0.6,3.1,666,cubierto,ninguna,humeda,1014,1000,1504.0,16.4,False,False,False,15,False,7,195,Precaución
24.0,33,10.6,8112,despejado,0.0,235,225,1.8,10.4,12.7,6832,despejado,ninguna,seca,1030,2500,4180.0,15.1,False,False,False,17,False,12,365,Seguro
10.0,97,10.3,792,niebla,1.6,64,315,9.7,-3.4,15.5,155,cubierto,ninguna,mojada,1015,500,20.0,8.8,True,False,False,7,False,6,164,Peligro
18.1,66,21.5,7850,nublado,2.0,68,270,8.1,-19.9,25.8,1661,dispersas,ninguna,seca,1020,1000,1612.0,5.7,False,False,False,11,False,6,163,Seguro
26.7,56,15.5,6254,nublado,0.9,11,180,3.0,-15.2,18.6,2640,dispersas,leve,seca,1019,2500,4504.0,13.1,False,False,False,6,False,10,283,Seguro
13.3,53,10.1,8678,nublado,2.0,82,90,1.4,10.0,12.1,2697,nublado,leve,humeda,1009,2000,2276.0,7.8,False,False,False,5,True,5,147,Seguro
7.4,93,1.7,824,niebla,0.2,12,135,1.4,-0.9,2.2,170,cubierto,ninguna,mojada,1012,1000,328.0,5.4,True,False,False,18,False,11,328,Peligro
-2.8,75,12.5,2321,nieve,10.3,169,315,7.0,-10.4,17.5,1052,cubierto,moderada,contaminada,1016,2000,344.0,-5.8,False,False,False,11,False,9,253,Peligro
14.5,90,19.0,5959,lluvia_ligera,5.0,232,0,15.0,-11.7,28.5,1168,nublado,leve,mojada,1002,1000,1180.0,11.5,False,False,True,20,False,12,365,Peligro
20.7,80,27.0,1695,granizo,26.3,141,315,2.8,-26.9,32.4,1089,cubierto,severa,contaminada,1012,500,1304.0,18.4,False,True,False,6,False,1,13,Peligro
16.6,96,7.4,1866,niebla,0.1,302,180,6.3,-3.9,11.1,466,cubierto,ninguna,mojada,1009,0,192.0,15.8,False,False,False,12,False,1,10,Precaución
16.5,52,20.7,6985,nublado,0.6,155,180,8.7,18.8,29.0,2359,nublado,leve,humeda,1002,0,180.0,2.4,False,False,False,9,False,4,113,Seguro
26.1,46,11.1,9367,despejado,0.0,281,135,6.2,-9.2,12.2,13826,despejado,leve,seca,1030,2500,4432.0,15.0,False,False,False,13,False,7,181,Seguro
21.5,47,5.0,9637,despejado,0.0,226,270,3.5,3.6,7.0,8348,despejado,ninguna,seca,1012,0,780.0,10.0,False,False,False,8,False,7,203,Seguro
10.4,77,27.8,6756,lluvia_ligera,4.9,303,270,15.1,23.3,36.1,990,cubierto,moderada,mojada,1015,2500,2548.0,6.8,False,False,False,15,False,3,82,Precaución
32.3,40,5.8,8073,despejado,0.0,180,180,0.0,5.8,7.5,8695,despejado,ninguna,seca,1029,2500,5176.0,24.8,False,False,False,11,False,4,92,Seguro
19.3,83,25.8,4465,lluvia_ligera,3.5,163,90,24.7,7.5,36.1,1240,cubierto,leve,humeda,1006,2000,2996.0,15.6,False,False,False,10,False,5,120,Peligro
-6.0,81,34.0,1945,nieve,11.4,319,225,33.9,-2.4,40.8,1180,cubierto,moderada,contaminada,1002,500,-1900.0,-9.1,False,False,False,9,False,10,291,Peligro
29.8,38,9.0,8625,despejado,0.0,268,225,6.1,6.6,11.7,6736,despejado,leve,seca,1020,500,2396.0,21.9,False,False,False,0,True,11,325,Seguro
19.4,33,8.2,8903,despejado,0.0,343,225,7.2,-3.8,11.5,6109,despejado,ninguna,seca,1021,0,528.0,10.0,False,False,False,13,False,3,73,Seguro
27.2,40,4.8,9205,despejado,0.0,209,315,4.6,-1.3,5.3,12794,despejado,leve,seca,1029,0,1464.0,19.8,False,False,False,17,False,5,143,Seguro
15.7,98,41.0,1304,tormenta,23.6,336,0,16.7,37.5,49.2,851,cubierto,severa,mojada,1003,2500,3184.0,15.3,False,True,True,15,False,5,149,Peligro
10.6,87,35.0,3862,lluvia_fuerte,20.2,140,0,22.5,-26.8,49.0,644,cubierto,moderada,mojada,987,2000,1952.0,6.8,False,True,False,15,False,1,13,Peligro
10.3,79,22.4,3579,lluvia_ligera,7.3,55,0,18.3,12.8,26.9,2458,nublado,leve,humeda,1010,500,56.0,6.4,False,False,False,10,False,7,196,Precaución
20.5,29,18.8,9798,despejado,0.0,23,45,7.0,17.4,20.7,8514,despejado,leve,seca,1027,1000,1900.0,9.2,False,False,False,3,True,4,114,Seguro
13.4,74,19.8,6439,lluvia_ligera,5.0,171,315,11.6,-16.0,27.7,1668,cubierto,moderada,mojada,1012,2000,2288.0,9.5,False,False,False,18,False,11,325,Precaución
18.2,63,16.3,7944,nublado,1.1,41,90,12.3,10.7,22.8,2128,dispersas,leve,seca,1009,2000,2864.0,6.0,False,False,False,8,False,2,57,Seguro
16.9,51,1.4,8002,despejado,0.0,70,90,0.5,1.3,2.0,11876,despejado,ninguna,seca,1025,500,848.0,3.4,False,False,False,6,False,1,13,Seguro
8.8,95,11.3,2315,niebla,0.2,334,225,10.7,-3.7,14.7,594,cubierto,ninguna,mojada,1009,0,-744.0,7.5,True,False,False,5,True,8,222,Precaución
24.8,58,5.6,7684,nublado,1.6,54,225,0.9,-5.5,8.4,2905,nublado,leve,humeda,1006,500,1796.0,18.1,False,False,False,14,False,2,50,Seguro
17.4,86,27.7,2409,lluvia_fuerte,22.8,189,0,4.3,-27.4,36.0,485,cubierto,severa,contaminada,991,0,288.0,12.8,False,False,True,4,True,10,284,Peligro
17.9,63,20.1,8824,nublado,1.1,174,90,20.0,2.1,24.1,1826,nublado,leve,seca,1002,2000,2828.0,11.8,False,False,False,2,True,4,111,Seguro
19.4,70,24.2,6710,nublado,1.7,104,270,5.9,-23.5,33.9,2906,nublado,leve,seca,1013,0,528.0,12.5,False,False,False,20,False,5,134,Seguro
18.1,39,15.8,9345,despejado,0.0,310,0,12.1,10.2,20.5,6682,despejado,leve,seca,1013,2000,2852.0,12.2,False,False,False,11,False,9,265,Seguro
20.4,30,8.0,8562,despejado,0.0,154,270,7.2,-3.5,8.8,14137,despejado,ninguna,seca,1013,500,1268.0,12.7,False,False,False,7,False,5,121,Seguro
4.8,75,13.4,1025,nieve,18.2,117,0,11.9,-6.1,14.7,487,cubierto,leve,contaminada,1007,500,-604.0,0.9,False,False,False,3,True,6,167,Peligro
11.2,97,10.1,905,niebla,0.9,248,225,3.9,9.3,13.1,233,cubierto,ninguna,humeda,1008,0,-456.0,10.6,False,False,False,13,False,6,158,Precaución
5.6,93,0.5,2487,niebla,1.5,354,0,0.1,0.5,0.7,748,cubierto,ninguna,mojada,1007,0,-1128.0,5.0,True,False,False,10,False,10,299,Precaución
23.6,71,43.3,1543,granizo,29.8,278,0,42.9,6.0,60.6,1854,cubierto,severa,contaminada,1012,500,1652.0,19.4,False,True,False,11,False,1,2,Peligro
-7.5,82,25.2,1083,nieve,10.8,117,45,24.0,7.8,30.2,912,cubierto,leve,contaminada,1003,2500,400.0,-10.9,False,False,False,1,True,3,64,Peligro
12.9,94,49.8,1509,tormenta,20.3,89,90,0.9,49.8,69.7,724,cubierto,severa,contaminada,998,1000,988.0,12.4,False,True,True,14,False,11,326,Peligro
15.1,84,10.6,3158,lluvia_ligera,7.6,302,270,5.6,9.0,15.9,2425,nublado,leve,mojada,1015,500,632.0,11.3,False,False,False,19,False,6,173,Precaución
11.3,100,3.1,993,niebla,0.8,227,90,2.1,-2.3,3.4,714,cubierto,ninguna,humeda,1006,2500,2656.0,10.1,False,False,False,17,False,2,53,Precaución
19.4,66,22.2,8263,nublado,1.4,106,90,6.1,21.3,33.3,3648,dispersas,ninguna,seca,1000,2500,3628.0,13.3,False,False,False,13,False,2,58,Seguro
12.6,94,5.0,2242,niebla,1.6,318,315,0.3,5.0,5.5,349,cubierto,ninguna,mojada,1010,0,-288.0,12.2,False,False,False,10,False,2,48,Precaución
9.4,89,14.0,3490,lluvia_ligera,4.8,5,90,13.9,1.2,19.6,1131,nublado,leve,humeda,1006,0,-672.0,5.3,False,False,False,5,True,8,223,Precaución
21.8,64,15.6,7748,nublado,0.5,179,270,15.6,-0.3,17.2,1532,dispersas,leve,seca,1003,2000,3296.0,9.0,False,False,False,1,True,2,44,Seguro
16.8,87,12.0,3122,lluvia_ligera,7.6,115,270,5.1,-10.9,14.4,2239,cubierto,leve,mojada,1004,1000,1456.0,12.2,False,False,False,3,True,5,131,Precaución
17.0,82,15.9,4234,lluvia_ligera,4.8,123,270,8.7,-13.3,23.9,1821,nublado,leve,humeda,1005,500,860.0,14.1,False,False,False,0,True,1,17,Seguro
14.7,88,11.9,5426,lluvia_ligera,5.5,211,135,11.5,2.9,13.1,1251,nublado,moderada,mojada,1016,0,-36.0,11.3,False,False,False,11,False,8,234,Precaución
30.1,41,19.4,8878,despejado,0.0,29,270,17.0,-9.4,23.3,13745,despejado,ninguna,seca,1013,500,2432.0,15.4,False,False,False,5,True,8,217,Seguro
16.3,35,8.7,9729,despejado,0.0,346,135,4.5,-7.5,10.4,5029,despejado,ninguna,seca,1012,1000,1396.0,7.1,False,False,False,19,False,10,273,Seguro
31.8,38,2.4,8840,despejado,0.0,343,135,1.1,-2.1,3.6,7197,despejado,ninguna,seca,1023,500,2636.0,23.6,False,False,False,0,True,1,1,Seguro
17.5,97,9.5,1007,niebla,0.6,283,45,8.1,-5.0,13.3,186,cubierto,ninguna,humeda,1000,1000,1540.0,17.1,False,False,False,19,False,9,261,Peligro
4.2,93,24.6,2944,nieve,6.6,206,315,23.3,-8.0,32.0,1147,cubierto,moderada,contaminada,1001,2500,1804.0,3.0,True,False,False,21,True,7,194,Peligro
24.8,74,10.9,7014,nublado,0.9,35,135,10.7,-1.9,12.0,1672,nublado,leve,seca,1012,0,1176.0,19.9,False,False,False,4,True,1,8,Seguro
17.0,90,24.0,4713,lluvia_ligera,7.7,210,135,23.2,6.2,31.2,2325,nublado,leve,mojada,1013,500,860.0,13.0,False,False,False,0,True,8,212,Peligro
20.2,65,22.0,7640,nublado,0.9,345,180,5.7,-21.3,26.4,2024,nublado,leve,humeda,1002,0,624.0,14.8,False,False,False,5,True,11,301,Seguro
10.1,92,37.2,3614,lluvia_fuerte,21.8,285,270,9.6,35.9,44.6,1034,cubierto,severa,contaminada,995,500,32.0,8.6,False,False,False,23,True,10,287,Peligro
15.5,43,11.0,8823,despejado,0.0,201,90,10.3,-3.9,16.5,8100,despejado,leve,seca,1020,2500,3160.0,4.5,False,False,False,11,False,7,180,Seguro
31.6,52,17.9,8082,despejado,0.0,125,180,14.7,10.3,26.8,10393,despejado,ninguna,seca,1019,0,1992.0,19.7,False,False,False,14,False,10,293,Seguro
6.3,89,54.1,1976,tormenta,23.4,59,270,27.9,-46.4,70.3,657,cubierto,severa,mojada,990,0,-1044.0,3.3,False,True,False,12,False,12,361,Peligro
20.7,77,27.7,5869,lluvia_ligera,6.0,15,45,13.8,24.0,41.5,1904,cubierto,leve,humeda,1014,2500,3784.0,17.5,False,False,False,6,False,1,21,Precaución
19.8,42,3.4,9144,despejado,0.0,160,225,3.1,1.4,4.4,5507,despejado,ninguna,seca,1029,2500,3676.0,7.9,False,False,False,21,True,1,10,Seguro
28.8,33,13.5,8125,despejado,0.0,107,180,12.9,3.9,17.6,14575,despejado,ninguna,seca,1011,2000,4136.0,18.2,False,False,False,7,False,1,8,Seguro
22.1,57,23.5,7401,nublado,0.8,69,45,9.6,21.5,32.9,1716,nublado,ninguna,seca,1015,500,1472.0,12.1,False,False,False,17,False,11,313,Seguro
14.7,57,12.9,7591,nublado,1.9,148,225,12.6,2.9,16.8,1587,dispersas,leve,humeda,1009,2500,3064.0,5.9,False,False,False,20,False,11,326,Seguro
13.7,73,10.5,4221,lluvia_ligera,7.0,55,45,1.8,10.3,13.7,2292,cubierto,moderada,mojada,1008,500,464.0,10.8,False,False,False,11,False,2,32,Precaución
34.2,39,12.4,9865,despejado,0.0,144,180,7.3,10.0,14.9,9484,despejado,ninguna,seca,1030,0,2304.0,19.6,False,False,False,8,False,8,219,Seguro
-6.3,95,19.8,3982,nieve,7.6,64,180,17.8,-8.7,27.7,1051,cubierto,leve,contaminada,1012,1000,-1316.0,-8.0,False,False,False,5,True,6,166,Peligro
26.3,51,9.8,7578,nublado,1.0,179,315,6.8,-7.0,12.7,3926,dispersas,ninguna,seca,1000,0,1356.0,14.9,False,False,False,6,False,2,50,Seguro
27.1,27,2.3,9494,despejado,0.0,243,315,2.2,0.7,3.4,10172,despejado,ninguna,seca,1019,2000,3932.0,13.2,False,False,False,17,False,6,155,Seguro
14.4,94,52.5,2007,tormenta,21.5,112,45,48.3,20.5,63.0,258,cubierto,moderada,mojada,980,2500,3028.0,13.1,False,True,False,18,False,2,55,Peligro
13.6,59,15.5,7769,nublado,2.0,298,225,14.8,4.5,21.7,2430,nublado,ninguna,seca,1017,2000,2312.0,3.2,False,False,False,16,False,6,153,Seguro
15.9,33,16.2,9825,despejado,0.0,139,0,10.6,-12.2,21.1,11846,despejado,ninguna,seca,1028,2000,2588.0,5.9,False,False,False,20,False,12,338,Seguro
6.3,90,32.6,832,tormenta,35.0,353,270,32.4,4.0,35.9,978,cubierto,moderada,contaminada,995,0,-1044.0,2.9,False,True,True,9,False,9,266,Peligro
17.1,92,44.9,1733,tormenta,21.3,156,0,18.3,-41.0,62.9,531,cubierto,severa,mojada,996,2000,2732.0,16.5,False,True,True,19,False,8,218,Peligro
11.5,73,25.9,5011,lluvia_ligera,4.4,314,180,18.6,-18.0,28.5,1993,cubierto,leve,mojada,1009,1000,820.0,9.0,False,False,False,18,False,8,227,Precaución
-5.1,89,24.7,2818,nieve,6.0,183,180,1.3,24.7,29.6,574,cubierto,leve,contaminada,1019,2000,68.0,-7.6,False,False,False,21,True,1,17,Peligro
17.4,66,17.5,7008,nublado,0.3,56,180,14.5,-9.8,22.8,3034,nublado,ninguna,seca,1012,2000,2768.0,2.7,False,False,False,1,True,3,83,Seguro
7.7,98,48.4,1916,tormenta,23.2,97,315,29.8,-38.1,58.1,210,cubierto,severa,contaminada,980,2000,1604.0,7.6,True,True,True,14,False,3,66,Peligro
21.1,30,16.4,8343,despejado,0.0,317,0,11.2,12.0,18.0,12996,despejado,leve,seca,1011,500,1352.0,11.0,False,False,False,5,True,11,316,Seguro
18.8,48,9.4,9703,despejado,0.0,228,90,6.3,-7.0,13.2,14727,despejado,ninguna,seca,1025,2500,3556.0,6.0,False,False,False,16,False,11,324,Seguro
-4.6,95,22.1,3494,nieve,12.1,311,225,22.0,1.5,24.3,752,cubierto,moderada,contaminada,1010,500,-1732.0,-4.7,False,False,False,15,False,5,138,Peligro
12.7,78,45.4,4892,granizo,10.3,226,0,32.7,-31.5,63.6,1963,cubierto,severa,mojada,1001,500,344.0,9.3,False,True,False,3,True,9,267,Peligro
17.0,97,9.8,2409,niebla,0.5,0,180,0.0,-9.8,13.7,185,cubierto,ninguna,humeda,1005,2000,2720.0,15.2,False,False,False,18,False,7,183,Precaución
11.2,93,4.9,2347,niebla,0.9,347,45,4.2,2.6,7.4,631,cubierto,ninguna,humeda,1016,2500,2644.0,11.1,False,False,False,21,True,3,67,Precaución
13.7,89,37.5,2401,tormenta,32.7,111,90,13.4,35.0,45.0,380,cubierto,severa,contaminada,1001,0,-156.0,11.5,False,True,True,14,False,8,214,Peligro
20.3,53,13.9,9379,despejado,0.0,214,180,7.8,11.5,15.3,8505,despejado,ninguna,seca,1029,0,636.0,14.9,False,False,False,9,False,7,196,Seguro
34.8,40,3.1,9311,despejado,0.0,213,90,2.6,-1.7,4.3,6928,despejado,leve,seca,1015,500,2996.0,26.7,False,False,False,23,True,4,117,Seguro
13.2,92,2.2,1751,niebla,0.0,294,225,2.1,0.8,2.4,301,cubierto,ninguna,humeda,1010,0,-216.0,13.1,False,False,False,2,True,7,209,Precaución
20.8,67,18.3,6038,nublado,0.9,208,0,8.6,-16.2,20.1,3517,dispersas,leve,humeda,1013,500,1316.0,7.5,False,False,False,5,True,11,306,Seguro
18.2,86,29.7,6074,lluvia_ligera,6.7,339,180,10.6,-27.7,41.6,1752,nublado,moderada,humeda,1017,2500,3484.0,15.3,False,False,False,1,True,6,176,Precaución
15.8,74,17.4,7493,nublado,0.8,226,180,12.5,12.1,19.1,3863,nublado,leve,humeda,1011,0,96.0,12.7,False,False,False,5,True,10,275,Seguro
25.0,66,13.3,7397,nublado,0.9,36,270,10.8,-7.8,20.0,3339,nublado,leve,humeda,1017,2500,4300.0,13.9,False,False,False,1,True,4,117,Seguro
25.2,65,19.1,7014,nublado,0.8,322,315,2.3,19.0,22.9,3540,dispersas,leve,seca,1004,2500,4324.0,17.8,False,False,False,9,False,9,264,Seguro
28.3,44,18.9,9358,despejado,0.0,113,135,7.1,17.5,26.5,12878,despejado,leve,seca,1019,2500,4696.0,16.7,False,False,False,5,True,7,188,Seguro
9.4,90,15.1,5904,lluvia_ligera,5.3,159,315,6.1,-13.8,16.6,2289,cubierto,leve,humeda,1005,0,-672.0,5.1,False,False,False,12,False,3,65,Seguro
7.1,92,4.5,2112,niebla,1.6,176,225,3.4,3.0,6.3,219,cubierto,ninguna,mojada,1004,1000,292.0,5.2,True,False,False,5,True,4,95,Precaución
34.6,35,2.1,9983,despejado,0.0,134,270,1.5,-1.5,2.7,13542,despejado,leve,seca,1022,1000,3592.0,23.7,False,False,False,2,True,9,265,Seguro
12.1,85,29.9,1516,lluvia_fuerte,22.3,256,90,7.2,-29.0,35.9,367,cubierto,moderada,mojada,1004,1000,892.0,10.1,False,False,False,4,True,1,24,Peligro
6.5,100,37.2,2970,lluvia_fuerte,11.6,344,270,35.8,10.3,40.9,629,cubierto,moderada,mojada,983,500,-400.0,6.0,True,False,False,1,True,3,71,Peligro
10.5,100,7.9,1241,niebla,0.8,14,135,6.8,-4.1,10.3,226,cubierto,ninguna,mojada,1006,2500,2560.0,10.4,False,False,False,3,True,7,190,Precaución
20.6,56,5.8,7600,nublado,1.3,208,315,5.5,-1.7,8.1,3080,dispersas,leve,seca,1011,0,672.0,10.3,False,False,False,21,True,7,181,Seguro
15.0,94,6.9,1175,niebla,1.5,294,180,6.3,-2.8,7.6,581,cubierto,ninguna,humeda,1016,2500,3100.0,14.2,False,False,False,2,True,8,223,Precaución
24.0,79,37.7,2619,granizo,18.3,282,270,7.8,36.9,49.0,1488,cubierto,severa,contaminada,1019,2500,4180.0,19.8,False,True,True,4,True,2,36,Peligro
27.8,41,7.9,8107,despejado,0.0,174,90,7.9,0.8,10.3,9760,despejado,leve,seca,1019,500,2156.0,15.8,False,False,False,12,False,12,355,Seguro
17.8,97,3.2,1456,niebla,0.5,299,90,1.6,-2.8,4.2,572,cubierto,ninguna,mojada,1018,1000,1576.0,17.7,False,False,False,18,False,2,39,Precaución
21.6,36,10.3,9968,despejado,0.0,47,0,7.5,7.0,12.4,11634,despejado,ninguna,seca,1016,500,1412.0,12.8,False,False,False,3,True,11,305,Seguro
6.3,100,11.2,1472,niebla,1.0,328,315,2.5,10.9,14.6,620,cubierto,ninguna,mojada,1016,1000,196.0,5.6,True,False,False,16,False,11,321,Precaución
14.4,94,4.2,836,niebla,0.2,195,270,4.1,1.1,5.0,616,cubierto,ninguna,mojada,1003,0,-72.0,13.5,False,False,False,12,False,7,190,Precaución
20.3,44,4.2,8806,despejado,0.0,75,45,2.1,3.6,5.9,7899,despejado,leve,seca,1020,500,1256.0,13.4,False,False,False,11,False,11,309,Seguro
19.2,73,29.5,3330,granizo,22.1,292,270,11.1,27.4,38.4,1692,cubierto,severa,contaminada,1005,0,504.0,16.2,False,True,True,21,True,11,306,Peligro
22.5,82,47.9,1514,granizo,17.4,301,225,46.5,11.6,62.3,1071,cubierto,severa,contaminada,1002,1000,2140.0,20.4,False,True,False,22,True,1,24,Peligro
15.5,97,22.4,2324,lluvia_fuerte,21.3,70,315,20.3,-9.5,31.4,1488,cubierto,moderada,contaminada,989,500,680.0,15.1,False,False,False,23,True,4,101,Peligro
-5.0,79,31.5,3175,nieve,14.8,81,90,4.9,31.1,37.8,619,cubierto,moderada,contaminada,1009,0,-2400.0,-7.7,False,False,False,3,True,1,9,Peligro
19.0,88,15.7,6341,lluvia_ligera,2.4,273,180,15.7,-0.8,22.0,981,nublado,leve,mojada,1019,1000,1720.0,16.7,False,False,False,9,False,9,266,Precaución
19.9,63,6.2,6431,nublado,2.0,312,90,4.1,-4.6,8.1,3410,dispersas,leve,seca,1019,2500,3688.0,10.1,False,False,False,5,True,11,305,Seguro
9.1,87,37.8,1960,lluvia_fuerte,14.1,355,270,37.7,3.3,52.9,954,cubierto,severa,mojada,982,2000,1772.0,5.9,False,True,False,17,False,8,239,Peligro
5.1,94,4.1,1464,niebla,1.1,241,225,1.1,3.9,5.7,503,cubierto,ninguna,humeda,1007,0,-1188.0,4.3,True,False,False,10,False,3,69,Precaución
13.7,59,21.2,8068,nublado,0.6,164,225,18.5,10.3,29.7,3936,dispersas,leve,humeda,1019,0,-156.0,5.5,False,False,False,15,False,2,48,Precaución
21.6,90,27.5,3293,lluvia_ligera,5.8,135,315,0.0,-27.5,38.5,1213,cubierto,leve,humeda,1013,0,792.0,17.8,False,False,False,12,False,6,163,Precaución
17.0,61,18.8,8476,nublado,0.3,2,45,12.8,13.7,20.7,3470,dispersas,leve,humeda,1013,2500,3340.0,4.6,False,False,False,3,True,6,171,Seguro
12.4,100,39.7,1788,tormenta,34.4,61,90,19.2,34.7,55.6,835,cubierto,severa,mojada,981,2500,2788.0,10.6,False,True,True,13,False,2,43,Peligro
30.3,52,18.1,9020,despejado,0.0,39,90,14.1,11.4,25.3,12800,despejado,leve,seca,1016,500,2456.0,23.7,False,False,False,23,True,8,221,Seguro
18.0,92,0.1,1533,niebla,1.2,343,135,0.0,-0.1,0.1,409,cubierto,ninguna,mojada,1017,0,360.0,16.8,False,False,False,8,False,3,87,Precaución
12.6,65,13.2,6650,nublado,0.4,65,135,12.4,4.5,19.8,2870,nublado,ninguna,humeda,1017,500,332.0,2.3,False,False,False,2,True,8,221,Seguro
-4.4,82,11.0,2240,nieve,5.2,213,270,9.2,6.0,14.3,672,cubierto,leve,contaminada,1018,1000,-1088.0,-9.4,False,False,False,6,False,1,1,Peligro
12.7,90,12.3,6122,lluvia_ligera,3.8,258,315,10.3,6.7,14.8,994,nublado,leve,mojada,1004,2000,2204.0,8.7,False,False,False,2,True,10,270,Precaución
9.1,85,15.0,6739,lluvia_ligera,6.3,182,135,11.0,10.2,18.0,1197,nublado,leve,mojada,1003,500,-88.0,4.7,False,False,False,19,False,8,219,Precaución
15.1,72,10.2,4681,lluvia_ligera,7.4,286,270,2.8,9.8,15.3,1022,nublado,moderada,mojada,1015,2500,3112.0,12.4,False,False,False,18,False,10,299,Precaución
20.3,88,22.7,5713,lluvia_ligera,3.5,42,0,15.2,16.9,27.2,2096,nublado,leve,humeda,1012,1000,1876.0,17.7,False,False,False,12,False,8,239,Precaución
30.7,54,11.4,8543,despejado,0.0,291,225,10.4,4.6,13.7,5808,despejado,leve,seca,1011,500,2504.0,23.7,False,False,False,8,False,3,88,Seguro
14.8,75,17.8,6148,lluvia_ligera,3.3,188,45,10.7,-14.2,26.7,833,nublado,leve,mojada,1005,2000,2456.0,12.2,False,False,False,15,False,8,219,Precaución
12.2,86,22.5,3312,lluvia_fuerte,23.0,195,315,19.5,-11.2,24.8,1029,cubierto,moderada,contaminada,995,2000,2144.0,8.0,False,True,False,5,True,11,304,Peligro
22.9,30,1.0,8319,despejado,0.0,311,135,0.1,-1.0,1.3,7167,despejado,ninguna,seca,1018,2000,3428.0,15.4,False,False,False,5,True,12,364,Seguro
27.1,49,12.6,9041,despejado,0.0,333,90,11.2,-5.7,13.9,7882,despejado,ninguna,seca,1012,500,2072.0,19.3,False,False,False,5,True,8,216,Seguro
33.5,44,5.0,8587,despejado,0.0,310,225,5.0,0.4,6.5,9786,despejado,leve,seca,1030,2500,5320.0,27.4,False,False,False,5,True,4,111,Seguro
17.6,50,0.8,9020,despejado,0.0,126,315,0.1,-0.8,1.0,5525,despejado,leve,seca,1022,2000,2792.0,4.3,False,False,False,1,True,5,124,Seguro
18.4,52,18.2,8800,despejado,0.0,66,225,6.5,-17.0,23.7,7572,despejado,ninguna,seca,1012,2000,2888.0,3.8,False,False,False,6,False,3,67,Seguro
32.3,30,9.0,9898,despejado,0.0,153,45,8.6,-2.8,9.9,10341,despejado,leve,seca,1025,1000,3316.0,18.2,False,False,False,2,True,3,89,Seguro
7.6,96,8.9,996,niebla,0.9,100,0,8.8,-1.5,10.7,705,cubierto,ninguna,mojada,1013,0,-888.0,7.1,True,False,False,11,False,11,326,Precaución
27.4,32,1.0,8537,despejado,0.0,213,225,0.2,1.0,1.1,8614,despejado,leve,seca,1023,2000,3968.0,20.7,False,False,False,20,False,1,13,Seguro
22.1,62,22.5,8826,nublado,1.1,44,45,0.4,22.5,27.0,2019,nublado,leve,humeda,1011,0,852.0,11.2,False,False,False,7,False,4,109,Seguro
10.6,89,22.3,5480,lluvia_ligera,5.4,244,270,9.8,20.0,29.0,1272,nublado,leve,humeda,1019,2000,1952.0,6.5,False,False,False,11,False,4,95,Precaución
32.6,25,8.3,8451,despejado,0.0,86,0,8.3,0.6,10.0,9385,despejado,ninguna,seca,1026,2000,4592.0,25.6,False,False,False,2,True,7,188,Seguro
-5.4,78,11.7,1566,nieve,18.2,346,45,10.0,6.0,15.2,710,cubierto,leve,nevada,1008,500,-1828.0,-8.6,False,False,False,8,False,10,279,Peligro
14.2,99,2.6,2428,niebla,0.3,325,270,2.1,1.5,3.1,573,cubierto,ninguna,humeda,1011,2000,2384.0,12.4,False,False,False,0,True,6,160,Precaución
7.1,94,6.9,1167,niebla,0.6,344,45,6.0,3.3,9.0,502,cubierto,ninguna,mojada,1007,0,-948.0,6.2,True,False,False,2,True,6,153,Precaución
19.8,88,25.6,3597,lluvia_ligera,3.5,26,0,11.2,23.0,33.3,2381,nublado,leve,mojada,1007,2000,3056.0,15.7,False,False,False,8,False,1,28,Precaución
24.8,25,12.7,9217,despejado,0.0,30,180,6.3,-11.0,15.2,10292,despejado,ninguna,seca,1011,500,1796.0,11.2,False,False,False,7,False,10,295,Seguro
25.3,44,19.9,9220,despejado,0.0,34,135,19.5,-3.8,21.9,8426,despejado,leve,seca,1017,0,1236.0,11.0,False,False,False,17,False,6,155,Seguro
13.9,99,11.7,1855,niebla,1.0,281,270,2.2,11.5,12.9,713,cubierto,ninguna,humeda,1004,0,-132.0,12.4,False,False,False,3,True,10,284,Precaución
22.3,32,4.5,8533,despejado,0.0,353,0,0.5,4.5,5.0,8314,despejado,ninguna,seca,1021,2500,3976.0,12.3,False,False,False,0,True,7,192,Seguro
6.5,92,2.6,2220,niebla,0.7,247,225,1.0,2.4,3.1,266,cubierto,ninguna,mojada,1001,2500,2080.0,6.4,True,False,False,16,False,1,14,Precaución
27.9,53,16.2,7704,nublado,1.2,152,225,15.5,4.7,19.4,2424,nublado,leve,humeda,1019,0,1548.0,16.8,False,False,False,23,True,2,51,Seguro
14.2,60,15.7,6284,nublado,1.1,97,225,12.4,-9.7,18.8,3262,nublado,leve,humeda,1013,1000,1144.0,2.4,False,False,False,6,False,2,44,Seguro
22.7,51,9.6,8875,despejado,0.0,125,270,5.5,-7.9,11.5,8350,despejado,leve,seca,1025,0,924.0,12.3,False,False,False,18,False,3,80,Seguro
17.3,75,21.4,7027,nublado,1.2,270,180,21.4,0.0,25.7,2597,nublado,ninguna,seca,1018,500,896.0,13.1,False,False,False,6,False,7,195,Precaución
14.0,91,44.4,3455,lluvia_fuerte,11.3,148,45,43.3,-10.0,48.8,558,cubierto,moderada,mojada,1001,2000,2360.0,12.1,False,True,False,4,True,11,316,Peligro
33.8,49,10.3,9200,despejado,0.0,176,90,10.3,0.7,12.4,6493,despejado,ninguna,seca,1017,1000,3496.0,22.7,False,False,False,8,False,2,36,Seguro
11.3,98,10.1,1828,niebla,0.2,299,270,4.9,8.8,13.1,112,cubierto,ninguna,mojada,1001,1000,796.0,10.7,False,False,False,17,False,8,213,Precaución
12.1,100,51.5,872,tormenta,34.1,161,225,46.3,22.6,67.0,232,cubierto,severa,mojada,981,0,-348.0,11.7,False,True,True,21,True,6,156,Peligro
12.7,81,18.6,3268,lluvia_ligera,5.1,161,270,17.6,-6.1,26.0,1077,nublado,leve,humeda,1016,2500,2824.0,10.0,False,False,False,21,True,12,340,Precaución
22.5,30,5.1,8153,despejado,0.0,302,135,1.1,-5.0,6.1,8427,despejado,ninguna,seca,1028,1000,2140.0,16.9,False,False,False,12,False,5,136,Seguro
14.3,98,24.4,1637,lluvia_fuerte,11.0,198,225,11.1,21.7,26.8,412,cubierto,moderada,mojada,995,1000,1156.0,13.4,False,True,True,7,False,4,110,Peligro
9.4,86,24.2,5192,lluvia_ligera,3.9,283,0,23.6,5.4,31.5,2453,nublado,moderada,mojada,1018,0,-672.0,6.0,False,False,False,14,False,9,255,Precaución
20.5,84,18.4,3896,lluvia_ligera,7.1,3,135,13.7,-12.3,23.9,1414,cubierto,leve,humeda,1020,500,1280.0,15.6,False,False,False,9,False,9,252,Precaución
15.5,53,8.8,8098,despejado,0.0,156,45,8.2,-3.2,11.4,9978,despejado,leve,seca,1011,1000,1300.0,3.7,False,False,False,17,False,2,34,Seguro
20.6,61,7.5,8407,nublado,0.3,121,180,6.4,3.9,9.8,1684,nublado,leve,humeda,1008,2000,3152.0,15.2,False,False,False,21,True,7,206,Seguro
16.7,70,11.4,3856,lluvia_ligera,4.7,338,135,4.5,-10.5,12.5,2324,cubierto,leve,mojada,1015,1000,1444.0,5.7,False,False,False,2,True,2,42,Seguro
34.0,26,6.2,9980,despejado,0.0,167,45,5.3,-3.3,8.7,5504,despejado,ninguna,seca,1026,0,2280.0,28.2,False,False,False,22,True,4,103,Seguro
2.0,81,32.7,3259,nieve,8.9,114,45,30.5,11.7,39.2,1505,cubierto,moderada,nevada,1016,2500,1540.0,-0.3,True,False,False,11,False,9,258,Peligro
33.3,51,10.8,9684,despejado,0.0,321,315,1.1,10.7,16.2,7580,despejado,leve,seca,1022,1000,3436.0,21.4,False,False,False,0,True,4,100,Seguro
0.9,81,17.4,2383,nieve,9.0,311,45,17.4,-1.2,26.1,1793,cubierto,leve,nevada,1012,2500,1408.0,-3.7,False,False,False,23,True,8,214,Peligro
13.5,97,34.9,1444,tormenta,33.8,109,90,11.4,33.0,45.4,319,cubierto,severa,contaminada,993,500,440.0,12.2,False,True,False,14,False,4,116,Peligro
15.6,98,6.2,1103,niebla,1.5,248,315,5.7,2.4,7.4,402,cubierto,ninguna,humeda,1013,500,692.0,15.5,False,False,False,13,False,3,70,Precaución
6.7,85,23.8,1495,lluvia_fuerte,17.8,227,225,0.8,23.8,26.2,806,cubierto,moderada,mojada,983,1000,244.0,3.5,False,False,False,5,True,5,121,Peligro
17.5,81,18.1,6658,lluvia_ligera,6.1,25,90,16.4,7.6,25.3,978,cubierto,leve,humeda,1001,500,920.0,14.1,False,False,False,13,False,2,37,Precaución
19.4,69,18.6,8699,nublado,1.7,196,315,16.3,-9.0,24.2,1929,nublado,leve,seca,1020,1000,1768.0,8.7,False,False,False,15,False,10,279,Seguro
25.0,71,22.0,6928,nublado,0.5,84,225,13.8,-17.1,30.8,2495,nublado,leve,humeda,1014,0,1200.0,22.7,False,False,False,1,True,4,106,Seguro
1.4,75,11.2,1515,nieve,5.5,322,315,1.4,11.1,15.7,1210,cubierto,leve,nevada,1014,0,-1632.0,-2.7,False,False,False,4,True,10,283,Precaución
-0.3,82,14.4,3842,nieve,10.0,13,270,14.0,-3.2,18.7,1158,cubierto,leve,contaminada,1018,2000,644.0,-4.5,False,False,True,10,False,11,306,Peligro
31.4,53,15.5,8093,despejado,0.0,99,90,2.4,15.3,18.6,7522,despejado,ninguna,seca,1028,2000,4448.0,17.6,False,False,False,14,False,5,128,Seguro
12.5,87,11.8,4132,lluvia_ligera,2.1,269,45,8.2,-8.5,13.0,909,cubierto,leve,mojada,1008,500,320.0,10.3,False,False,False,9,False,10,271,Precaución
11.4,70,22.7,5925,lluvia_ligera,3.8,133,225,22.7,-0.8,27.2,1066,cubierto,leve,mojada,1008,500,188.0,6.2,False,False,False,12,False,3,80,Precaución
2.8,75,19.6,3845,nieve,7.3,250,270,6.7,18.4,21.6,1380,cubierto,leve,contaminada,1003,500,-844.0,-1.5,False,False,False,0,True,3,86,Precaución
-0.6,89,24.3,1044,nieve,7.5,70,225,10.3,-22.0,31.6,1000,cubierto,moderada,nevada,1001,1000,-632.0,-4.7,False,False,False,5,True,4,102,Peligro
12.0,79,27.0,4262,lluvia_ligera,2.0,66,45,9.7,25.2,35.1,2434,nublado,moderada,humeda,1009,500,260.0,7.6,False,False,False,7,False,1,28,Precaución
14.3,70,46.2,3265,granizo,12.7,187,90,45.9,-5.6,60.1,1041,cubierto,severa,contaminada,1018,2500,3016.0,7.4,False,True,False,17,False,5,148,Peligro
29.9,29,18.1,8177,despejado,0.0,122,270,9.6,-15.3,27.2,10351,despejado,leve,seca,1010,2500,4888.0,15.3,False,False,False,22,True,8,211,Seguro
11.1,83,22.0,6254,lluvia_ligera,5.5,232,180,17.3,13.5,26.4,2371,nublado,moderada,mojada,1012,500,152.0,8.8,False,False,False,6,False,9,268,Precaución
14.5,70,37.6,3577,granizo,28.0,309,315,3.9,37.4,56.4,1384,cubierto,severa,contaminada,1001,2500,3040.0,7.8,False,True,True,21,True,3,61,Peligro
15.0,35,14.9,9070,despejado,0.0,32,315,14.5,3.4,17.9,10061,despejado,leve,seca,1021,0,0.0,6.6,False,False,False,4,True,1,5,Seguro
14.2,94,6.8,1074,niebla,0.8,78,180,6.7,-1.4,9.5,696,cubierto,ninguna,humeda,1015,2000,2384.0,12.4,False,False,False,2,True,8,239,Precaución
11.9,71,15.9,5722,lluvia_ligera,2.1,340,315,6.7,14.4,17.5,2188,nublado,leve,humeda,1015,2000,2108.0,8.5,False,False,False,19,False,4,111,Seguro
25.6,71,22.2,7556,nublado,1.9,120,45,21.4,5.7,33.3,3498,dispersas,leve,seca,1002,2000,3752.0,20.7,False,False,False,20,False,12,361,Precaución
26.5,65,11.6,6403,nublado,0.3,259,180,11.4,2.2,13.9,3925,nublado,leve,humeda,1008,500,2000.0,17.7,False,False,False,20,False,1,24,Seguro
30.1,41,2.1,8814,despejado,0.0,80,45,1.2,1.7,2.5,12944,despejado,ninguna,seca,1017,500,2432.0,24.8,False,False,False,23,True,3,64,Seguro
14.2,70,18.7,5844,lluvia_ligera,4.7,343,315,8.8,16.5,26.2,1614,nublado,leve,humeda,1019,500,524.0,0.5,False,False,False,3,True,2,49,Seguro
6.5,92,3.6,1075,niebla,1.8,358,315,2.5,2.6,5.0,144,cubierto,ninguna,mojada,1006,0,-1020.0,5.4,True,False,False,11,False,7,199,Peligro
12.4,75,26.3,5744,lluvia_ligera,4.5,138,90,19.5,17.6,36.8,2243,cubierto,leve,humeda,1013,0,-312.0,9.8,False,False,False,6,False,5,145,Precaución
12.9,94,10.6,1492,niebla,1.4,215,90,8.7,-6.1,13.8,740,cubierto,ninguna,humeda,1003,500,368.0,11.6,False,False,False,19,False,2,43,Precaución
10.9,74,21.6,5801,lluvia_ligera,6.8,74,270,6.0,-20.8,25.9,1082,cubierto,moderada,humeda,1017,2500,2608.0,6.1,False,False,False,3,True,4,95,Precaución
23.4,38,5.6,9631,despejado,0.0,213,0,3.0,-4.7,6.2,9021,despejado,leve,seca,1025,2000,3488.0,8.8,False,False,False,18,False,3,77,Seguro
20.5,88,21.9,5760,lluvia_ligera,5.9,49,0,16.5,14.4,26.3,1576,cubierto,leve,humeda,1010,0,660.0,16.8,False,False,False,16,False,10,297,Precaución
12.2,71,24.2,7313,nublado,2.0,32,135,23.6,-5.4,36.3,2777,dispersas,ninguna,seca,1015,2000,2144.0,10.2,False,False,False,7,False,5,120,Precaución
24.9,45,2.8,9636,despejado,0.0,121,90,1.4,2.4,3.6,10121,despejado,ninguna,seca,1013,500,1808.0,15.3,False,False,False,7,False,6,150,Seguro
17.1,74,10.6,6941,nublado,1.1,68,135,9.8,4.1,14.8,2468,nublado,leve,seca,1020,2000,2732.0,13.2,False,False,False,12,False,8,218,Seguro
19.8,31,15.5,8757,despejado,0.0,31,180,8.0,-13.3,18.6,8585,despejado,ninguna,seca,1030,2000,3056.0,9.1,False,False,False,5,True,7,192,Seguro
27.0,58,21.4,7546,nublado,1.7,327,180,11.7,-17.9,25.7,3059,dispersas,leve,humeda,1007,0,1440.0,19.5,False,False,False,6,False,9,243,Seguro
13.0,89,46.4,2396,tormenta,21.2,64,270,20.3,-41.7,60.3,453,cubierto,moderada,contaminada,985,0,-240.0,10.9,False,True,False,11,False,6,167,Peligro
11.6,98,6.8,1398,niebla,2.0,317,315,0.2,6.8,7.5,373,cubierto,ninguna,mojada,1020,1000,832.0,10.9,False,False,False,21,True,8,228,Precaución
23.6,66,14.2,6192,nublado,1.2,191,90,13.9,-2.7,15.6,3348,dispersas,leve,seca,1007,500,1652.0,8.9,False,False,False,23,True,10,294,Seguro
34.7,47,15.5,9930,despejado,0.0,170,315,8.9,-12.7,20.2,7562,despejado,leve,seca,1016,0,2364.0,24.6,False,False,False,17,False,4,111,Seguro
27.9,35,10.7,8812,despejado,0.0,68,270,4.0,-9.9,12.8,14678,despejado,leve,seca,1019,500,2168.0,22.5,False,False,False,7,False,1,10,Seguro
21.4,33,17.1,8718,despejado,0.0,275,315,11.0,13.1,18.8,6827,despejado,ninguna,seca,1014,2500,3868.0,10.7,False,False,False,9,False,8,227,Seguro
17.3,73,24.3,4298,lluvia_ligera,5.4,83,135,19.1,15.0,31.6,1894,cubierto,leve,humeda,1017,2000,2756.0,12.8,False,False,False,11,False,1,10,Precaución
17.2,71,18.1,6671,lluvia_ligera,4.3,130,90,11.6,13.9,19.9,1775,nublado,leve,humeda,1019,1000,1504.0,14.1,False,False,False,11,False,2,30,Seguro
17.7,96,0.5,1172,niebla,1.4,13,135,0.4,-0.3,0.7,645,cubierto,ninguna,humeda,1016,2000,2804.0,17.4,False,False,False,10,False,9,249,Precaución
30.6,46,2.6,8546,despejado,0.0,49,0,2.0,1.7,3.1,12576,despejado,leve,seca,1020,500,2492.0,25.0,False,False,False,9,False,12,365,Seguro
20.0,30,2.6,8430,despejado,0.0,106,45,2.3,1.3,3.6,7919,despejado,leve,seca,1012,2500,3700.0,5.4,False,False,False,20,False,10,286,Seguro
21.8,37,12.5,9725,despejado,0.0,95,180,12.5,1.1,17.5,7719,despejado,leve,seca,1019,1000,2056.0,9.7,False,False,False,8,False,8,212,Seguro
20.7,72,8.3,6868,nublado,1.2,141,45,8.3,-0.9,10.0,1930,dispersas,ninguna,seca,1001,1000,1924.0,16.4,False,False,False,18,False,10,277,Seguro
11.0,92,0.8,1670,niebla,0.8,351,315,0.5,0.6,1.0,527,cubierto,ninguna,mojada,1018,2500,2620.0,9.5,False,False,False,15,False,10,276,Precaución
16.6,66,14.2,6045,nublado,1.9,95,135,9.1,10.9,19.9,3907,nublado,leve,humeda,1002,1000,1432.0,7.7,False,False,False,16,False,10,299,Seguro
16.2,92,4.4,2099,niebla,0.4,32,90,3.7,2.3,6.2,387,cubierto,ninguna,mojada,1006,1000,1384.0,15.5,False,False,False,13,False,3,65,Precaución
8.6,100,44.2,2446,tormenta,31.9,33,270,37.1,-24.1,61.9,681,cubierto,moderada,contaminada,999,2500,2332.0,7.5,True,True,False,17,False,11,323,Peligro
28.4,33,13.7,8423,despejado,0.0,178,135,9.3,10.0,19.2,6229,despejado,ninguna,seca,1016,0,1608.0,19.8,False,False,False,16,False,9,263,Seguro
20.6,71,16.6,5096,lluvia_ligera,7.3,204,90,15.2,-6.8,23.2,2444,nublado,moderada,humeda,1001,1000,1912.0,16.9,False,False,False,5,True,4,94,Precaución
16.1,50,10.9,6925,nublado,0.1,192,270,10.7,2.3,13.1,2541,nublado,leve,humeda,1004,500,752.0,2.7,False,False,False,5,True,7,199,Seguro
18.8,71,18.4,4266,lluvia_ligera,3.1,329,315,4.5,17.9,23.9,2197,cubierto,leve,humeda,1017,0,456.0,15.7,False,False,False,6,False,1,24,Seguro
32.1,48,9.4,9328,despejado,0.0,94,135,6.2,7.1,13.2,5468,despejado,ninguna,seca,1030,2500,5152.0,25.8,False,False,False,7,False,3,87,Seguro
11.0,92,10.7,1900,niebla,1.0,91,180,10.7,0.2,12.8,150,cubierto,ninguna,humeda,1012,500,140.0,9.8,False,False,False,22,True,9,262,Precaución
12.4,94,5.0,2347,niebla,0.6,263,315,3.9,3.1,7.0,701,cubierto,ninguna,humeda,1016,2500,2788.0,10.8,False,False,False,16,False,6,164,Precaución
1.3,93,21.5,3541,nieve,11.1,281,0,21.1,4.1,25.8,1776,cubierto,leve,contaminada,1007,2500,1456.0,1.1,True,False,False,3,True,7,200,Peligro
12.5,81,20.5,4979,lluvia_ligera,6.3,332,90,18.1,-9.6,24.6,1813,cubierto,leve,mojada,1006,2000,2180.0,7.9,False,False,False,12,False,4,112,Precaución
8.5,92,7.5,2349,niebla,0.9,293,225,7.0,2.8,9.8,125,cubierto,ninguna,humeda,1012,1000,460.0,7.4,True,False,False,11,False,4,95,Precaución
10.8,96,4.6,2178,niebla,1.5,225,180,3.3,3.3,5.5,487,cubierto,ninguna,humeda,1004,1000,736.0,10.7,False,False,False,7,False,4,94,Precaución
13.4,50,5.5,7974,nublado,1.7,209,0,2.7,-4.8,7.2,3428,dispersas,ninguna,seca,1008,0,-192.0,2.5,False,False,False,15,False,12,348,Seguro
20.4,75,28.7,5077,lluvia_ligera,4.7,110,270,9.8,-27.0,34.4,912,nublado,leve,humeda,1006,2500,3748.0,16.4,False,False,False,22,True,8,228,Precaución
15.0,95,3.3,1182,niebla,1.9,68,45,1.3,3.0,3.6,611,cubierto,ninguna,humeda,1006,2500,3100.0,14.5,False,False,False,1,True,7,189,Precaución
14.3,96,1.1,1526,niebla,1.7,259,180,1.1,0.2,1.4,371,cubierto,ninguna,mojada,1015,0,-84.0,12.5,False,False,False,12,False,2,54,Precaución
20.2,43,1.2,8196,despejado,0.0,337,225,1.1,-0.4,1.4,6712,despejado,ninguna,seca,1027,2500,3724.0,14.7,False,False,False,12,False,12,364,Seguro
15.3,81,10.0,3845,lluvia_ligera,4.6,169,0,1.9,-9.8,12.0,2484,cubierto,moderada,humeda,1013,1000,1276.0,10.6,False,False,False,21,True,8,231,Seguro
17.4,70,11.0,6942,nublado,1.3,264,0,10.9,-1.1,15.4,3360,dispersas,leve,seca,1013,1000,1528.0,5.2,False,False,False,13,False,11,314,Seguro
27.3,40,5.1,8526,despejado,0.0,290,180,4.8,-1.7,7.1,12709,despejado,ninguna,seca,1025,0,1476.0,17.5,False,False,False,8,False,1,6,Seguro
11.6,96,6.5,1195,niebla,1.5,162,45,5.8,-3.0,7.8,532,cubierto,ninguna,mojada,1004,1000,832.0,9.7,False,False,False,3,True,2,43,Precaución
21.2,77,13.9,5952,lluvia_ligera,6.7,14,225,7.2,-11.9,16.7,1203,cubierto,leve,humeda,1000,2500,3844.0,16.6,False,False,False,9,False,1,22,Seguro
15.8,95,11.2,1698,niebla,1.1,223,180,7.6,8.2,16.8,778,cubierto,ninguna,mojada,1020,1000,1336.0,14.9,False,False,False,15,False,3,84,Precaución
15.8,93,3.6,1546,niebla,0.3,168,135,2.0,3.0,5.0,621,cubierto,ninguna,mojada,1007,500,716.0,14.4,False,False,False,8,False,6,153,Precaución
17.3,99,1.8,2022,niebla,1.0,80,180,1.8,-0.3,2.7,420,cubierto,ninguna,humeda,1006,2000,2756.0,16.7,False,False,False,10,False,8,223,Precaución
20.1,74,14.9,8074,nublado,1.2,323,180,9.0,-11.9,19.4,3258,nublado,leve,humeda,1008,500,1232.0,16.0,False,False,False,8,False,8,231,Seguro
19.8,86,14.6,6038,lluvia_ligera,5.3,225,315,14.6,0.0,21.9,1051,cubierto,moderada,humeda,1000,2000,3056.0,15.3,False,True,False,8,False,5,143,Peligro
17.0,69,9.4,7929,nublado,0.4,119,135,2.6,9.0,12.2,1699,dispersas,leve,seca,1020,2000,2720.0,8.7,False,False,False,13,False,7,190,Seguro
17.0,39,6.3,8305,despejado,0.0,2,315,4.6,4.3,8.2,13913,despejado,ninguna,seca,1025,2000,2720.0,3.5,False,False,False,18,False,12,337,Seguro
34.8,43,1.3,8411,despejado,0.0,74,90,0.4,1.2,2.0,14425,despejado,leve,seca,1018,2500,5476.0,29.2,False,False,False,10,False,7,185,Seguro
12.9,88,12.0,4309,lluvia_ligera,7.2,141,270,9.3,-7.6,14.4,1338,nublado,moderada,humeda,1016,500,368.0,10.1,False,False,False,7,False,1,15,Precaución
18.3,26,16.3,9702,despejado,0.0,21,0,5.8,15.2,22.8,5084,despejado,leve,seca,1019,1000,1636.0,12.7,False,False,False,14,False,5,120,Seguro
26.8,53,23.3,8453,nublado,1.0,297,0,20.8,10.6,28.0,1692,dispersas,leve,humeda,1001,0,1416.0,13.4,False,False,False,6,False,7,202,Precaución
9.6,87,43.7,2665,lluvia_fuerte,21.6,47,270,29.8,-32.0,56.8,484,cubierto,severa,mojada,982,1000,592.0,5.9,False,True,False,15,False,1,6,Peligro
18.6,59,19.2,6550,nublado,1.4,182,45,13.1,-14.0,26.9,3937,nublado,leve,seca,1008,500,1052.0,8.0,False,False,False,18,False,6,150,Seguro
16.6,86,37.0,4907,granizo,16.3,144,225,36.5,5.8,51.8,1170,cubierto,severa,contaminada,1003,2500,3292.0,13.3,False,True,False,4,True,4,112,Peligro
28.3,46,0.3,9238,despejado,0.0,113,315,0.1,-0.3,0.4,8263,despejado,ninguna,seca,1027,0,1596.0,16.0,False,False,False,21,True,2,35,Seguro
33.5,48,14.0,9264,despejado,0.0,195,180,3.6,13.5,21.0,10874,despejado,ninguna,seca,1023,2500,5320.0,27.6,False,False,False,8,False,4,114,Seguro
23.9,65,9.4,8726,nublado,1.0,135,180,6.6,6.6,13.2,2076,dispersas,leve,seca,1000,2000,3548.0,10.8,False,False,False,18,False,2,36,Seguro
9.4,89,24.5,5943,lluvia_ligera,4.7,165,135,12.2,21.2,36.8,1290,cubierto,moderada,humeda,1011,2500,2428.0,5.7,False,False,False,22,True,1,11,Precaución
11.9,100,53.7,1805,tormenta,17.1,185,135,41.1,34.5,80.6,792,cubierto,moderada,mojada,984,2500,2728.0,10.3,False,True,True,10,False,5,127,Peligro
-6.8,82,32.1,3717,nieve,10.0,316,315,0.6,32.1,48.2,1138,cubierto,moderada,nevada,1020,0,-2616.0,-9.1,False,False,False,11,False,8,229,Peligro
18.0,90,27.2,3731,lluvia_ligera,6.4,172,0,3.8,-26.9,32.6,1524,cubierto,leve,mojada,1001,2000,2840.0,15.3,False,False,False,20,False,9,246,Precaución
29.3,49,7.2,8535,despejado,0.0,140,270,5.5,-4.6,10.1,12454,despejado,leve,seca,1018,500,2336.0,19.1,False,False,False,14,False,5,123,Seguro
-4.6,75,27.7,1029,nieve,13.7,352,135,16.7,-22.1,36.0,641,cubierto,leve,contaminada,1003,500,-1732.0,-7.9,False,False,False,18,False,5,130,Peligro
21.9,64,23.0,7102,nublado,0.1,134,45,23.0,0.4,27.6,2983,nublado,leve,seca,1008,500,1448.0,16.0,False,False,False,22,True,6,154,Precaución
13.8,77,33.4,2120,granizo,18.4,279,225,27.0,19.6,36.7,623,cubierto,severa,contaminada,1013,2000,2336.0,11.2,False,True,False,17,False,4,113,Peligro
24.7,50,10.3,6506,nublado,0.9,55,0,8.4,5.9,13.4,2573,nublado,leve,humeda,1019,2500,4264.0,16.4,False,False,False,19,False,4,114,Seguro
18.1,67,19.7,7672,nublado,1.4,345,0,5.1,19.0,29.5,3663,dispersas,ninguna,humeda,1004,2000,2852.0,7.8,False,False,False,1,True,3,82,Seguro
24.2,53,12.6,9714,despejado,0.0,290,45,11.4,-5.3,17.6,10398,despejado,leve,seca,1018,2000,3584.0,9.4,False,False,False,14,False,4,108,Seguro
17.2,72,8.2,6637,nublado,0.2,105,90,2.1,7.9,9.0,2483,dispersas,leve,humeda,1012,0,264.0,12.8,False,False,False,20,False,3,82,Seguro
8.0,99,9.8,1738,niebla,0.3,270,315,6.9,6.9,14.7,744,cubierto,ninguna,humeda,1002,500,-220.0,6.2,True,False,False,13,False,5,120,Precaución
20.9,87,18.4,6983,lluvia_ligera,3.8,79,135,15.3,10.3,25.8,843,cubierto,leve,humeda,1002,1000,1948.0,16.8,False,False,False,2,True,11,326,Precaución
9.6,95,1.0,1385,niebla,0.0,326,180,0.6,-0.8,1.2,265,cubierto,ninguna,humeda,1016,2000,1832.0,9.0,False,False,False,7,False,9,253,Precaución
35.0,29,7.9,8036,despejado,0.0,359,270,7.9,0.1,11.9,11065,despejado,leve,seca,1014,2000,4880.0,26.1,False,False,False,5,True,5,120,Seguro
28.5,29,9.2,8150,despejado,0.0,250,180,8.6,3.1,13.8,7219,despejado,leve,seca,1022,2500,4720.0,13.5,False,False,False,6,False,11,309,Seguro
17.7,74,28.5,3643,lluvia_ligera,3.7,331,180,13.8,-24.9,39.9,1571,nublado,moderada,humeda,1016,2000,2804.0,15.3,False,False,False,3,True,2,59,Precaución
15.5,27,19.6,8846,despejado,0.0,75,270,5.1,-18.9,21.6,10140,despejado,ninguna,seca,1023,500,680.0,6.9,False,False,False,12,False,11,309,Seguro
12.9,79,45.7,3280,granizo,13.7,62,315,43.7,-13.4,64.0,1901,cubierto,severa,mojada,1013,1000,988.0,8.4,False,True,False,6,False,6,168,Peligro
19.9,94,37.3,3011,lluvia_fuerte,13.0,44,135,37.3,-0.7,52.2,577,cubierto,moderada,contaminada,1002,0,588.0,18.8,False,True,False,9,False,6,154,Peligro
17.2,96,5.4,1728,niebla,1.3,306,180,4.4,-3.2,7.0,121,cubierto,ninguna,mojada,1004,500,884.0,15.6,False,False,False,15,False,2,37,Precaución
14.4,96,52.9,2225,tormenta,21.9,206,90,47.5,-23.2,63.5,483,cubierto,severa,mojada,993,2500,3028.0,14.2,False,True,False,2,True,9,258,Peligro
9.6,100,24.0,3355,lluvia_fuerte,24.1,73,315,21.2,-11.3,26.4,715,cubierto,severa,contaminada,992,2500,2452.0,8.0,True,True,True,16,False,6,169,Peligro
20.2,74,11.4,8277,nublado,0.1,98,225,9.1,-6.9,17.1,1942,nublado,leve,seca,1009,2500,3724.0,16.9,False,False,False,10,False,2,54,Seguro
17.2,86,21.0,5392,lluvia_ligera,5.2,102,270,4.4,-20.5,25.2,1260,cubierto,leve,mojada,1007,1000,1504.0,14.7,False,False,False,20,False,8,229,Precaución
16.5,95,2.3,1371,niebla,1.8,3,180,0.1,-2.3,2.8,630,cubierto,ninguna,mojada,1002,2000,2660.0,15.5,False,False,False,0,True,11,317,Precaución
11.0,82,23.6,3122,lluvia_ligera,2.2,22,180,8.8,-21.9,35.4,1685,cubierto,leve,humeda,1008,1000,760.0,6.8,False,False,False,6,False,5,137,Precaución
23.4,66,16.6,7455,nublado,1.3,326,0,9.3,13.8,18.3,3433,nublado,leve,seca,1000,1000,2248.0,14.9,False,False,False,5,True,11,301,Seguro
13.8,71,14.9,3596,lluvia_ligera,7.4,334,225,14.1,-4.9,16.4,1007,cubierto,leve,humeda,1009,1000,1096.0,9.3,False,False,False,17,False,9,245,Precaución
9.7,100,5.9,1744,niebla,1.6,202,45,2.3,-5.4,8.3,721,cubierto,ninguna,humeda,1005,2000,1844.0,9.3,True,False,False,18,False,6,179,Precaución
21.8,46,18.1,9654,despejado,0.0,98,90,2.5,17.9,19.9,7326,despejado,leve,seca,1022,0,816.0,12.0,False,False,False,20,False,9,256,Seguro
23.2,54,4.9,9502,despejado,0.0,160,45,4.4,-2.1,7.4,8845,despejado,leve,seca,1013,2500,4084.0,17.2,False,False,False,9,False,5,149,Seguro
17.1,94,5.9,1926,niebla,0.2,252,135,5.3,-2.7,8.3,467,cubierto,ninguna,humeda,1014,500,872.0,15.2,False,False,False,13,False,2,43,Precaución
18.7,89,45.3,2084,granizo,14.5,111,270,16.2,-42.3,63.4,1085,cubierto,severa,contaminada,1002,2000,2924.0,14.7,False,True,False,14,False,8,239,Peligro
17.6,54,12.5,9504,despejado,0.0,154,225,11.8,4.1,15.0,14398,despejado,ninguna,seca,1025,2000,2792.0,8.7,False,False,False,22,True,12,345,Seguro
27.8,49,16.4,8107,despejado,0.0,204,315,15.3,-5.9,19.7,7745,despejado,leve,seca,1027,500,2156.0,19.0,False,False,False,22,True,7,200,Seguro
23.7,89,42.6,3124,granizo,28.3,194,315,36.5,-21.9,55.4,1630,cubierto,severa,contaminada,1011,1000,2284.0,20.9,False,True,False,16,False,9,255,Peligro
1.5,75,25.5,2491,nieve,16.6,275,225,19.5,16.4,30.6,889,cubierto,moderada,nevada,1015,2500,1480.0,-1.0,True,False,False,9,False,6,166,Peligro
19.7,88,11.5,4058,lluvia_ligera,3.5,343,0,3.4,11.0,15.0,2077,nublado,leve,humeda,1003,1000,1804.0,16.2,False,False,False,20,False,11,301,Seguro
14.5,99,9.4,1906,niebla,1.2,118,0,8.3,-4.4,14.1,339,cubierto,ninguna,mojada,1016,500,560.0,13.4,False,False,False,10,False,8,210,Precaución
28.9,38,19.0,8271,despejado,0.0,122,180,16.1,10.1,20.9,10872,despejado,leve,seca,1019,500,2288.0,16.9,False,False,False,18,False,10,299,Seguro
9.0,88,10.1,6651,lluvia_ligera,4.9,287,0,9.7,3.0,11.1,1760,cubierto,leve,humeda,1005,500,-100.0,5.1,False,False,False,18,False,12,359,Seguro
19.1,60,11.8,8772,nublado,1.3,37,180,7.1,-9.4,17.7,2042,dispersas,leve,humeda,1017,1000,1732.0,13.4,False,False,False,5,True,1,21,Seguro
7.2,100,0.2,920,niebla,1.6,194,180,0.0,0.2,0.3,771,cubierto,ninguna,humeda,1016,2500,2164.0,6.8,True,False,False,22,True,1,5,Precaución
24.3,71,44.5,3097,granizo,23.8,310,225,44.3,3.9,49.0,1946,cubierto,severa,contaminada,1001,1000,2356.0,21.5,False,True,True,11,False,8,225,Peligro
9.1,87,44.2,1944,lluvia_fuerte,22.0,309,315,4.6,44.0,66.3,518,cubierto,moderada,mojada,989,500,-88.0,5.6,False,True,False,9,False,11,315,Peligro
20.1,90,25.6,6583,lluvia_ligera,6.1,260,315,21.0,14.7,33.3,2046,nublado,leve,humeda,1004,0,612.0,16.8,False,False,False,4,True,4,114,Precaución
27.7,47,14.0,8238,despejado,0.0,355,0,1.2,13.9,15.4,6530,despejado,leve,seca,1012,0,1524.0,16.6,False,False,False,3,True,1,16,Seguro
20.5,52,18.0,9126,despejado,0.0,253,270,5.3,17.2,25.2,13908,despejado,leve,seca,1013,1000,1900.0,15.4,False,False,False,18,False,7,193,Seguro
19.4,71,21.8,7326,nublado,0.1,278,90,3.0,-21.6,24.0,3125,dispersas,ninguna,seca,1014,0,528.0,16.9,False,False,False,18,False,12,335,Seguro
14.7,87,31.3,1089,lluvia_fuerte,15.8,228,225,1.6,31.3,34.4,1006,cubierto,moderada,contaminada,988,1000,1204.0,12.0,False,True,False,11,False,5,134,Peligro
22.2,67,12.9,7759,nublado,1.9,328,0,6.8,10.9,18.1,1584,nublado,leve,humeda,1003,2000,3344.0,9.9,False,False,False,6,False,3,76,Seguro
22.1,42,2.9,9410,despejado,0.0,25,45,1.0,2.7,4.1,5577,despejado,leve,seca,1026,500,1472.0,15.3,False,False,False,14,False,4,109,Seguro
16.9,99,11.2,1854,niebla,0.6,22,135,10.3,-4.4,13.4,379,cubierto,ninguna,humeda,1017,2500,3328.0,16.3,False,False,False,9,False,6,169,Precaución
14.8,67,18.2,8219,nublado,0.8,299,270,8.8,15.9,21.8,1801,nublado,leve,seca,1019,2500,3076.0,6.4,False,False,False,8,False,7,182,Seguro
-3.6,87,10.9,3183,nieve,14.5,219,135,10.8,1.1,16.4,1583,cubierto,leve,nevada,1017,500,-1612.0,-7.2,False,False,False,3,True,2,51,Precaución
22.5,65,10.6,7947,nublado,1.9,284,180,10.3,-2.6,13.8,2408,nublado,leve,humeda,1000,500,1520.0,11.7,False,False,False,19,False,12,347,Seguro
27.5,53,15.6,8400,despejado,0.0,33,315,15.3,3.2,21.8,6168,despejado,leve,seca,1017,2000,3980.0,21.4,False,False,False,7,False,11,302,Seguro
22.8,38,9.2,8478,despejado,0.0,190,315,7.5,-5.3,13.8,12411,despejado,leve,seca,1012,2000,3416.0,14.6,False,False,False,14,False,8,213,Seguro
21.3,75,30.0,2046,granizo,20.4,8,270,29.7,-4.2,36.0,813,cubierto,severa,mojada,1018,0,756.0,18.7,False,True,True,0,True,4,118,Peligro
17.0,76,29.3,3072,lluvia_ligera,2.2,217,0,17.6,-23.4,41.0,2427,cubierto,moderada,humeda,1019,500,860.0,13.5,False,False,False,4,True,5,125,Precaución
22.3,48,7.8,9266,despejado,0.0,223,0,5.3,-5.7,10.9,12818,despejado,ninguna,seca,1021,0,876.0,9.6,False,False,False,23,True,12,358,Seguro
6.7,94,11.2,2486,niebla,1.8,162,45,10.0,-5.1,15.7,482,cubierto,ninguna,humeda,1005,2000,1484.0,5.4,True,False,False,19,False,12,365,Precaución
16.4,36,0.2,8838,despejado,0.0,145,225,0.2,0.0,0.3,10890,despejado,ninguna,seca,1020,2000,2648.0,1.9,False,False,False,11,False,6,163,Seguro
34.0,49,11.5,9333,despejado,0.0,316,90,8.3,-8.0,15.0,8453,despejado,leve,seca,1030,2500,5380.0,26.1,False,False,False,9,False,9,248,Seguro
13.2,60,23.6,8451,nublado,0.1,281,45,19.6,-13.2,33.0,3848,nublado,leve,seca,1016,1000,1024.0,6.6,False,False,False,14,False,1,17,Seguro
13.1,70,19.5,6478,nublado,0.6,42,180,13.0,-14.5,27.3,1615,nublado,leve,seca,1010,0,-228.0,1.5,False,False,False,9,False,2,55,Seguro
17.9,87,18.9,6222,lluvia_ligera,7.2,357,0,1.0,18.9,26.5,1850,cubierto,leve,humeda,1013,2500,3448.0,15.5,False,False,False,13,False,11,314,Seguro
9.1,82,22.4,3986,lluvia_ligera,5.0,341,90,21.2,-7.3,33.6,1994,nublado,leve,mojada,1014,1000,532.0,5.1,False,False,False,5,True,2,38,Peligro
9.1,97,9.3,1662,niebla,1.2,80,90,1.6,9.2,13.0,153,cubierto,ninguna,humeda,1008,2000,1772.0,7.8,True,False,False,15,False,11,311,Precaución
15.5,97,9.1,2464,niebla,0.3,97,45,7.2,5.6,13.6,116,cubierto,ninguna,humeda,1020,2500,3160.0,14.9,False,False,False,17,False,10,276,Precaución
34.4,46,3.8,9425,despejado,0.0,322,135,0.5,-3.8,4.9,11391,despejado,ninguna,seca,1030,2000,4808.0,22.0,False,False,False,4,True,1,19,Seguro
27.8,74,22.4,6350,nublado,1.7,87,315,16.6,-15.0,29.1,1989,dispersas,leve,humeda,1003,1000,2776.0,24.4,False,False,False,17,False,6,167,Precaución
17.0,74,43.0,2728,granizo,10.0,313,180,31.4,-29.3,47.3,1014,cubierto,severa,contaminada,1013,500,860.0,14.6,False,True,True,5,True,5,125,Peligro
19.6,45,10.9,8777,despejado,0.0,347,270,10.6,2.5,14.2,14875,despejado,ninguna,seca,1021,0,552.0,13.6,False,False,False,8,False,6,167,Seguro
6.1,93,9.4,2482,niebla,0.0,233,315,9.3,1.3,13.2,126,cubierto,ninguna,mojada,1019,500,-448.0,4.4,False,False,False,3,True,4,108,Precaución
30.9,41,2.2,9720,despejado,0.0,118,225,2.1,-0.6,3.3,9778,despejado,leve,seca,1016,0,1908.0,20.4,False,False,False,18,False,3,87,Seguro
18.8,49,12.3,8364,despejado,0.0,172,180,1.7,12.2,13.5,10857,despejado,leve,seca,1027,0,456.0,7.9,False,False,False,20,False,4,109,Seguro
17.0,96,9.5,1251,niebla,1.7,164,180,2.6,9.1,11.4,380,cubierto,ninguna,mojada,1004,500,860.0,17.0,False,False,False,3,True,4,91,Precaución
17.4,60,16.8,6998,nublado,0.1,317,135,0.6,-16.8,23.5,3602,dispersas,leve,humeda,1008,2500,3388.0,7.9,False,False,False,3,True,12,346,Seguro
1.1,80,33.6,2280,nieve,9.7,186,0,3.5,-33.4,47.0,600,cubierto,moderada,nevada,1018,2000,812.0,-2.2,False,False,False,21,True,5,128,Peligro
9.5,88,14.8,3207,lluvia_ligera,6.0,241,180,12.9,7.2,20.7,1887,nublado,moderada,humeda,1004,0,-660.0,4.6,False,True,False,5,True,7,209,Peligro
16.6,59,16.2,6666,nublado,1.2,296,225,15.3,5.3,22.7,3967,dispersas,leve,seca,1009,1000,1432.0,10.0,False,False,False,3,True,10,294,Seguro
17.9,98,7.0,1184,niebla,1.9,133,45,7.0,0.2,10.5,580,cubierto,ninguna,humeda,1017,1000,1588.0,16.0,False,False,False,21,True,8,217,Precaución
14.0,81,12.8,5664,lluvia_ligera,7.1,75,45,6.4,11.1,15.4,1148,cubierto,leve,humeda,1020,1000,1120.0,10.3,False,False,False,20,False,7,196,Seguro
5.8,96,35.5,2934,tormenta,22.4,235,135,35.0,-6.2,46.1,659,cubierto,severa,contaminada,989,1000,136.0,5.7,True,True,False,16,False,11,300,Peligro
14.1,73,33.3,4494,granizo,19.2,172,45,26.6,-20.0,43.3,1026,cubierto,severa,mojada,1006,500,512.0,10.3,False,True,True,20,False,7,208,Peligro
23.0,25,16.6,9601,despejado,0.0,1,315,11.9,11.5,21.6,14023,despejado,ninguna,seca,1023,2000,3440.0,13.2,False,False,False,11,False,9,260,Seguro
7.4,93,1.3,989,niebla,1.3,140,270,1.0,-0.8,1.7,689,cubierto,ninguna,humeda,1005,2000,1568.0,5.8,True,False,False,4,True,10,283,Precaución
21.5,80,43.9,2936,granizo,12.2,168,315,23.9,-36.8,52.7,1947,cubierto,severa,mojada,1015,0,780.0,18.1,False,True,False,6,False,1,11,Peligro
18.9,55,18.7,9637,despejado,0.0,239,270,9.6,16.0,24.3,8776,despejado,ninguna,seca,1030,1000,1708.0,6.1,False,False,False,9,False,3,76,Seguro
8.6,82,19.3,4342,lluvia_ligera,2.2,189,180,3.0,19.1,27.0,2042,nublado,leve,mojada,1007,500,-148.0,5.1,False,False,False,6,False,11,324,Seguro
14.6,52,14.7,8416,nublado,1.2,340,90,13.8,-5.0,22.0,3900,dispersas,leve,seca,1015,2000,2432.0,1.8,False,False,False,5,True,9,254,Seguro
9.6,93,39.6,2250,lluvia_fuerte,19.2,132,45,39.5,2.1,51.5,1110,cubierto,severa,mojada,989,500,-28.0,8.5,True,False,False,8,False,8,210,Peligro
17.6,46,7.6,9823,despejado,0.0,265,90,0.7,-7.6,8.4,11223,despejado,leve,seca,1030,1000,1552.0,7.1,False,False,False,19,False,2,47,Seguro
27.9,31,3.9,8652,despejado,0.0,177,315,2.6,-2.9,5.5,10466,despejado,leve,seca,1027,2500,4648.0,18.0,False,False,False,12,False,11,308,Seguro
18.1,73,20.1,6976,lluvia_ligera,7.0,176,180,1.4,20.1,26.1,2226,cubierto,leve,mojada,1014,2500,3472.0,13.2,False,False,False,6,False,9,266,Precaución
26.1,44,17.9,8023,despejado,0.0,211,315,17.4,-4.3,25.1,5093,despejado,leve,seca,1017,1000,2572.0,19.5,False,False,False,13,False,4,116,Seguro
11.0,71,26.0,4158,lluvia_ligera,3.9,122,225,25.3,-5.8,28.6,913,nublado,moderada,mojada,1006,500,140.0,7.8,False,True,False,12,False,5,146,Peligro
19.2,82,12.4,5309,lluvia_ligera,7.3,106,90,3.4,11.9,16.1,1721,nublado,leve,humeda,1009,1000,1744.0,16.6,False,False,False,2,True,12,352,Seguro
27.7,75,12.9,6204,nublado,1.1,307,90,7.8,-10.3,15.5,2468,nublado,leve,humeda,1001,2000,4004.0,25.0,False,False,False,11,False,3,69,Seguro
19.4,83,23.2,6924,lluvia_ligera,7.5,249,135,21.2,-9.4,27.8,1960,nublado,leve,humeda,1004,500,1148.0,15.9,False,False,False,15,False,5,143,Precaución
15.7,53,9.6,7869,nublado,0.2,180,225,6.8,6.8,13.4,3167,nublado,ninguna,seca,1011,2000,2564.0,4.9,False,False,False,15,False,4,118,Seguro
15.1,39,18.3,9133,despejado,0.0,259,45,10.2,-15.2,27.5,9102,despejado,ninguna,seca,1021,2000,2492.0,5.7,False,False,False,16,False,11,321,Seguro
16.5,100,3.0,1468,niebla,1.8,130,135,0.3,3.0,4.2,626,cubierto,ninguna,humeda,1016,1000,1420.0,15.4,False,False,False,6,False,1,28,Precaución
21.0,55,5.5,7474,nublado,0.9,353,315,3.4,4.3,6.6,2490,dispersas,ninguna,seca,1004,500,1340.0,10.3,False,False,False,12,False,5,149,Seguro
18.1,62,15.2,6333,nublado,1.3,345,225,13.2,-7.6,22.8,2508,nublado,leve,humeda,1002,0,372.0,7.4,False,False,False,14,False,11,302,Seguro
15.7,75,22.2,3912,lluvia_ligera,6.8,191,0,4.2,-21.8,26.6,1530,nublado,moderada,mojada,1019,2000,2564.0,12.8,False,False,False,5,True,8,211,Precaución
15.7,75,11.7,5088,lluvia_ligera,6.0,286,90,3.2,-11.2,16.4,2049,nublado,leve,mojada,1007,2000,2564.0,12.0,False,False,False,3,True,12,342,Seguro
19.6,54,5.9,9944,despejado,0.0,307,90,3.6,-4.7,7.7,9129,despejado,ninguna,seca,1018,1000,1792.0,5.1,False,False,False,17,False,7,206,Seguro
13.6,55,6.0,8303,nublado,0.3,192,0,1.2,-5.9,7.8,3013,dispersas,ninguna,humeda,1007,2000,2312.0,8.0,False,False,False,4,True,11,309,Seguro
13.2,79,23.5,5335,lluvia_ligera,6.9,67,135,21.8,8.8,28.2,1444,nublado,leve,humeda,1013,2000,2264.0,8.3,False,False,False,4,True,5,122,Precaución
7.6,99,8.2,2052,niebla,1.7,28,90,7.2,3.8,9.8,659,cubierto,ninguna,humeda,1011,2000,1592.0,6.4,True,False,False,2,True,1,4,Precaución
13.3,100,6.3,1924,niebla,1.1,192,270,6.2,1.3,8.8,454,cubierto,ninguna,humeda,1014,500,416.0,11.4,False,False,False,21,True,10,276,Precaución
20.7,75,21.2,5401,lluvia_ligera,3.3,271,315,14.7,15.3,25.4,1547,nublado,leve,humeda,1008,500,1304.0,17.0,False,False,False,14,False,5,137,Precaución
4.8,76,23.9,3114,nieve,16.5,155,45,22.5,-8.2,31.1,500,cubierto,leve,contaminada,1013,1000,16.0,1.0,False,False,False,1,True,12,354,Peligro
20.3,51,7.9,6007,nublado,0.6,123,270,4.3,-6.6,10.3,1814,nublado,ninguna,humeda,1003,2500,3736.0,11.6,False,False,False,6,False,3,65,Seguro
12.4,95,1.9,1907,niebla,1.0,33,315,1.9,0.4,2.7,506,cubierto,ninguna,mojada,1010,0,-312.0,12.0,False,False,False,8,False,9,259,Precaución
16.2,99,8.6,2148,niebla,0.9,211,180,4.4,7.4,9.5,675,cubierto,ninguna,humeda,1009,2000,2624.0,15.4,False,False,False,5,True,1,13,Precaución
17.5,79,17.9,5373,lluvia_ligera,7.4,0,180,0.0,-17.9,26.8,1489,cubierto,leve,mojada,1014,1000,1540.0,12.6,False,False,False,14,False,12,360,Precaución
23.7,34,14.4,9017,despejado,0.0,311,270,9.4,10.9,17.3,13619,despejado,ninguna,seca,1030,2500,4144.0,13.7,False,False,False,12,False,8,219,Seguro
7.8,92,4.9,1858,niebla,0.9,198,180,1.5,4.7,6.4,777,cubierto,ninguna,humeda,1008,1000,376.0,7.1,True,False,False,10,False,4,90,Precaución
16.2,98,53.0,1255,tormenta,31.8,133,90,36.1,38.8,74.2,205,cubierto,severa,contaminada,996,2000,2624.0,14.6,False,True,False,3,True,1,3,Peligro
9.2,82,23.6,5701,lluvia_ligera,4.2,207,270,21.0,10.7,33.0,2391,cubierto,moderada,mojada,1016,500,-76.0,7.0,True,False,False,18,False,3,72,Peligro
16.0,99,4.7,2019,niebla,0.9,228,270,3.1,3.5,6.6,113,cubierto,ninguna,humeda,1002,2500,3220.0,14.9,False,False,False,2,True,10,292,Precaución
18.1,81,16.9,4607,lluvia_ligera,3.4,51,315,16.8,-1.8,22.0,1221,nublado,moderada,humeda,1019,2500,3472.0,14.4,False,False,False,9,False,4,107,Precaución
7.7,98,11.0,2348,niebla,0.1,156,45,10.3,-3.9,12.1,519,cubierto,ninguna,humeda,1002,2500,2224.0,7.0,True,False,False,9,False,10,297,Precaución
6.2,96,8.4,1704,niebla,0.9,301,135,2.0,-8.2,10.1,629,cubierto,ninguna,mojada,1004,0,-1056.0,5.6,True,False,False,18,False,6,165,Precaución
13.4,92,10.9,2446,niebla,0.7,285,45,9.4,-5.4,15.3,399,cubierto,ninguna,humeda,1006,2000,2288.0,11.4,False,False,False,21,True,6,151,Precaución
32.8,32,12.6,9572,despejado,0.0,63,45,3.9,12.0,17.6,6551,despejado,leve,seca,1012,2500,5236.0,22.9,False,False,False,6,False,5,143,Seguro
15.5,99,8.3,2338,niebla,0.3,248,45,3.2,-7.6,10.8,394,cubierto,ninguna,mojada,1007,0,60.0,13.6,False,False,False,17,False,4,109,Precaución
20.2,62,21.4,8832,nublado,1.4,25,315,20.1,7.3,25.7,3897,dispersas,ninguna,seca,1017,2000,3104.0,14.0,False,False,False,2,True,8,212,Seguro
25.7,58,9.9,6307,nublado,1.2,235,180,8.1,5.7,11.9,3413,nublado,leve,seca,1018,2000,3764.0,14.9,False,False,False,17,False,12,330,Seguro
14.1,74,10.8,6746,nublado,1.6,60,225,2.8,-10.4,13.0,3225,nublado,ninguna,seca,1013,0,-108.0,9.5,False,False,False,0,True,8,231,Seguro
15.1,49,17.5,9131,despejado,0.0,210,225,4.5,16.9,22.8,11304,despejado,leve,seca,1011,500,632.0,5.3,False,False,False,8,False,6,156,Seguro
-5.3,77,26.3,2236,nieve,12.6,205,45,9.0,-24.7,34.2,1014,cubierto,moderada,contaminada,1014,2500,664.0,-7.8,False,False,False,0,True,11,322,Peligro
26.8,75,19.5,8348,nublado,0.4,43,45,0.7,19.5,29.2,3676,dispersas,leve,humeda,1020,1000,2656.0,24.2,False,False,False,19,False,5,141,Seguro
11.4,71,46.5,2126,granizo,22.5,197,225,21.8,41.1,60.5,1893,cubierto,severa,contaminada,1014,2500,2668.0,8.6,False,True,False,17,False,1,6,Peligro
24.5,75,20.2,7106,nublado,1.9,256,315,17.3,10.4,26.3,1964,nublado,leve,seca,1015,2500,4240.0,21.7,False,False,False,2,True,7,183,Precaución
23.9,44,15.5,8045,despejado,0.0,42,180,10.4,-11.5,20.2,12872,despejado,leve,seca,1012,2000,3548.0,14.1,False,False,False,11,False,2,36,Seguro
7.1,95,40.9,2827,tormenta,15.8,57,270,22.3,-34.3,45.0,565,cubierto,moderada,contaminada,982,500,-328.0,5.4,True,True,False,5,True,3,87,Peligro
4.8,89,14.6,3114,nieve,17.5,69,90,5.2,13.6,19.0,493,cubierto,moderada,contaminada,1012,500,-604.0,2.4,True,False,False,2,True,12,362,Peligro
19.1,84,44.7,2441,granizo,21.4,208,270,39.5,21.0,58.1,756,cubierto,severa,mojada,1009,1000,1732.0,16.2,False,True,False,2,True,8,210,Peligro
33.9,35,14.7,8515,despejado,0.0,121,315,3.6,-14.3,22.0,6063,despejado,leve,seca,1014,500,2888.0,26.5,False,False,False,4,True,8,215,Seguro
19.9,71,12.6,6999,nublado,0.2,70,225,5.3,-11.4,13.9,2457,dispersas,ninguna,seca,1005,500,1208.0,17.8,False,False,False,6,False,10,276,Seguro
20.2,87,12.8,6744,lluvia_ligera,6.5,203,90,11.8,-5.0,16.6,2259,cubierto,moderada,humeda,1002,1000,1864.0,18.1,False,False,False,21,True,4,109,Precaución
10.7,100,7.2,2434,niebla,1.2,18,225,3.3,-6.4,8.6,790,cubierto,ninguna,humeda,1020,2000,1964.0,10.1,False,False,False,21,True,2,42,Precaución
11.1,96,8.9,2084,niebla,1.7,353,90,8.8,-1.1,12.5,116,cubierto,ninguna,humeda,1017,2500,2632.0,9.3,False,False,False,10,False,6,152,Precaución
14.9,94,10.2,1403,niebla,1.8,314,180,7.3,-7.1,13.3,371,cubierto,ninguna,mojada,1000,500,608.0,14.6,False,False,False,23,True,10,287,Precaución
15.8,39,6.4,9499,despejado,0.0,98,0,6.3,-0.9,9.0,11741,despejado,ninguna,seca,1017,500,716.0,5.1,False,False,False,8,False,9,240,Seguro
22.1,52,18.6,6806,nublado,0.7,83,315,14.7,-11.5,24.2,1965,dispersas,leve,seca,1015,500,1472.0,14.1,False,False,False,14,False,10,296,Seguro
21.3,72,11.1,7786,nublado,1.3,121,315,2.7,-10.8,12.2,3353,dispersas,ninguna,seca,1011,2500,3856.0,17.1,False,False,False,19,False,4,103,Seguro
21.3,26,16.0,9801,despejado,0.0,184,0,1.1,-16.0,22.4,7312,despejado,leve,seca,1024,2500,3856.0,12.0,False,False,False,6,False,6,150,Seguro
17.4,96,1.7,1251,niebla,1.6,340,225,1.5,-0.7,2.0,286,cubierto,ninguna,humeda,1014,0,288.0,15.7,False,False,False,0,True,12,345,Precaución
34.3,37,4.3,9873,despejado,0.0,290,135,1.8,-3.9,6.0,8779,despejado,leve,seca,1026,500,2936.0,25.8,False,False,False,2,True,2,33,Seguro
14.1,82,23.8,6303,lluvia_ligera,2.9,309,180,18.5,-15.0,33.3,1645,cubierto,moderada,mojada,1013,2500,2992.0,12.0,False,False,False,7,False,2,59,Precaución
10.5,88,16.4,6023,lluvia_ligera,6.2,288,0,15.6,5.1,23.0,2011,nublado,moderada,mojada,1015,2500,2560.0,7.6,False,False,False,15,False,1,20,Precaución
15.6,35,4.6,9202,despejado,0.0,340,270,4.3,1.6,5.1,7137,despejado,ninguna,seca,1022,500,692.0,4.0,False,False,False,3,True,12,340,Seguro
12.1,95,11.9,1560,niebla,0.9,302,315,2.7,11.6,17.9,593,cubierto,ninguna,humeda,1000,2500,2752.0,11.3,False,False,False,8,False,11,319,Precaución
12.1,70,5.9,6735,nublado,0.5,181,270,5.9,0.1,8.9,3668,dispersas,leve,seca,1019,500,272.0,0.5,False,False,False,18,False,11,314,Seguro
13.0,92,2.0,968,niebla,0.6,287,180,1.9,-0.6,2.8,235,cubierto,ninguna,humeda,1005,500,380.0,12.2,False,False,False,8,False,9,262,Precaución
5.2,93,3.3,836,niebla,1.4,92,270,0.1,-3.3,4.3,337,cubierto,ninguna,humeda,1009,0,-1176.0,4.6,True,False,False,15,False,12,349,Precaución
33.9,48,10.0,9959,despejado,0.0,292,225,9.2,3.9,13.0,14159,despejado,ninguna,seca,1024,0,2268.0,22.0,False,False,False,13,False,7,198,Seguro
17.4,42,17.3,9106,despejado,0.0,96,315,10.9,-13.4,26.0,13052,despejado,leve,seca,1013,500,908.0,5.1,False,False,False,0,True,1,13,Seguro
17.6,74,16.7,8214,nublado,1.1,196,90,16.1,-4.6,21.7,2171,dispersas,leve,humeda,1017,500,932.0,14.9,False,False,False,7,False,7,191,Seguro
20.4,55,18.3,9186,despejado,0.0,307,270,11.0,14.6,27.5,9741,despejado,leve,seca,1027,2000,3128.0,6.0,False,False,False,20,False,6,158,Seguro
9.7,77,29.2,6998,lluvia_ligera,2.4,302,90,15.5,-24.8,35.0,2072,nublado,leve,mojada,1016,500,-16.0,6.0,False,False,False,13,False,9,249,Precaución
10.0,100,9.7,2349,niebla,0.5,98,315,5.8,-7.7,14.5,739,cubierto,ninguna,humeda,1011,500,20.0,8.2,True,False,False,2,True,10,273,Precaución
14.8,88,46.5,1859,granizo,13.4,202,90,43.1,-17.4,55.8,1715,cubierto,severa,contaminada,1007,2000,2456.0,10.8,False,True,False,5,True,1,5,Peligro
16.4,31,14.5,9990,despejado,0.0,215,315,14.3,-2.5,17.4,11936,despejado,ninguna,seca,1010,0,168.0,6.7,False,False,False,14,False,11,315,Seguro
18.1,91,25.7,2022,lluvia_fuerte,22.5,339,315,10.5,23.5,33.4,1029,cubierto,moderada,mojada,1004,2500,3472.0,16.2,False,True,True,15,False,7,191,Peligro
27.8,75,15.3,8530,nublado,0.7,1,0,0.3,15.3,19.9,3907,dispersas,leve,seca,1013,500,2156.0,23.5,False,False,False,18,False,6,150,Seguro
28.2,49,7.1,8376,despejado,0.0,48,180,5.3,-4.8,8.5,7099,despejado,ninguna,seca,1025,0,1584.0,15.9,False,False,False,4,True,3,66,Seguro
28.0,37,7.3,9582,despejado,0.0,39,90,5.7,4.6,8.8,7915,despejado,leve,seca,1022,2000,4040.0,21.5,False,False,False,17,False,5,126,Seguro
26.4,50,8.6,7174,nublado,1.1,256,90,2.1,-8.3,9.5,3748,nublado,leve,humeda,1020,1000,2608.0,14.7,False,False,False,9,False,4,100,Seguro
14.2,62,13.2,8527,nublado,1.2,231,90,8.3,-10.3,18.5,3077,dispersas,leve,humeda,1016,2000,2384.0,2.2,False,False,False,12,False,7,182,Seguro
8.4,96,27.8,1420,lluvia_fuerte,15.8,148,315,6.3,-27.1,38.9,926,cubierto,moderada,mojada,999,2500,2308.0,7.7,True,False,False,21,True,3,69,Peligro
11.3,99,4.5,1912,niebla,1.8,286,90,1.2,-4.3,5.4,528,cubierto,ninguna,mojada,1003,2000,2036.0,10.9,False,False,False,15,False,9,268,Precaución
9.9,93,5.4,1739,niebla,0.9,309,180,4.2,-3.4,7.0,137,cubierto,ninguna,mojada,1007,2500,2488.0,9.4,True,False,False,22,True,2,36,Precaución
14.1,90,37.2,1049,tormenta,30.9,272,180,37.2,-1.3,44.6,910,cubierto,severa,contaminada,1004,2500,2992.0,10.9,False,True,False,12,False,7,206,Peligro
11.3,87,37.2,1981,lluvia_fuerte,22.4,242,270,17.5,32.8,52.1,1367,cubierto,severa,mojada,997,0,-444.0,8.2,False,False,True,5,True,9,246,Peligro
14.0,74,14.0,3875,lluvia_ligera,2.3,288,135,6.4,-12.5,18.2,887,cubierto,leve,humeda,1002,0,-120.0,11.4,False,False,False,5,True,5,147,Precaución
23.1,71,16.5,7443,nublado,1.8,293,45,15.3,-6.2,21.4,1982,dispersas,leve,seca,1008,0,972.0,20.4,False,False,False,3,True,10,278,Seguro
19.2,74,9.6,6018,nublado,1.1,138,90,7.1,6.4,11.5,2148,nublado,leve,seca,1003,0,504.0,16.1,False,False,False,7,False,6,170,Seguro
20.8,67,7.0,6624,nublado,0.6,81,90,1.1,6.9,9.1,3073,nublado,ninguna,humeda,1015,0,696.0,14.2,False,False,False,19,False,9,240,Seguro
24.9,53,18.8,6843,nublado,0.7,186,225,11.8,14.6,22.6,3559,nublado,ninguna,humeda,1020,0,1188.0,11.5,False,False,False,17,False,4,110,Seguro
14.9,96,9.1,1699,niebla,0.7,72,135,8.1,4.1,10.9,413,cubierto,ninguna,humeda,1004,1000,1228.0,13.4,False,False,False,1,True,5,121,Precaución
7.3,90,45.1,2755,tormenta,21.7,135,135,0.0,45.1,54.1,801,cubierto,severa,contaminada,984,0,-924.0,2.8,False,True,True,11,False,12,349,Peligro
28.3,52,19.3,9257,despejado,0.0,228,270,12.9,14.3,23.2,7717,despejado,ninguna,seca,1028,500,2216.0,15.9,False,False,False,15,False,7,184,Seguro
-3.8,80,29.9,3394,nieve,6.8,353,315,18.4,23.6,41.9,897,cubierto,leve,nevada,1004,1000,-1016.0,-8.1,False,False,False,7,False,3,81,Peligro
24.8,72,16.0,7909,nublado,0.0,333,315,4.9,15.2,20.8,2273,dispersas,ninguna,seca,1019,2500,4276.0,22.6,False,False,False,11,False,5,129,Seguro
22.4,73,23.8,8376,nublado,1.7,136,225,23.8,0.4,28.6,2359,dispersas,leve,humeda,1002,1000,2128.0,19.4,False,False,False,15,False,9,257,Precaución
18.0,62,5.5,6579,nublado,0.8,114,315,2.0,-5.1,8.2,2266,nublado,leve,seca,1018,1000,1600.0,8.8,False,False,False,16,False,10,292,Seguro
6.4,92,0.9,1891,niebla,1.8,233,225,0.1,0.9,1.3,209,cubierto,ninguna,mojada,1017,500,-412.0,5.8,True,False,False,4,True,7,195,Precaución
24.9,50,21.7,7252,nublado,0.7,152,0,10.2,-19.2,28.2,1597,dispersas,leve,humeda,1016,500,1808.0,16.1,False,False,False,18,False,8,229,Seguro
31.4,54,16.3,8827,despejado,0.0,356,270,16.3,1.1,21.2,13691,despejado,ninguna,seca,1022,2000,4448.0,21.9,False,False,False,1,True,12,351,Seguro
15.1,99,8.9,2220,niebla,0.8,246,270,3.6,8.1,9.8,711,cubierto,ninguna,humeda,1002,500,632.0,15.0,False,False,False,9,False,10,270,Precaución
33.9,25,18.3,9853,despejado,0.0,240,315,17.7,4.7,22.0,12202,despejado,ninguna,seca,1021,2000,4748.0,21.9,False,False,False,6,False,11,325,Seguro
18.6,67,15.7,6283,nublado,0.7,204,315,14.7,-5.6,18.8,3891,nublado,leve,humeda,1012,1000,1672.0,9.8,False,False,False,0,True,6,153,Seguro
11.4,100,11.1,2253,niebla,0.1,305,270,6.4,9.1,14.4,441,cubierto,ninguna,mojada,1001,500,188.0,11.4,False,False,False,8,False,6,153,Precaución
6.0,99,33.0,3978,lluvia_fuerte,10.1,118,135,9.6,31.6,46.2,934,cubierto,severa,mojada,988,0,-1080.0,5.3,True,True,False,19,False,4,93,Peligro
20.0,55,21.0,8455,nublado,1.9,167,180,4.7,20.5,25.2,2474,dispersas,ninguna,seca,1014,2000,3080.0,10.0,False,False,False,8,False,10,295,Seguro
12.2,56,16.7,8426,nublado,0.2,327,90,14.0,-9.1,20.0,2175,dispersas,leve,seca,1004,0,-336.0,1.1,False,False,False,10,False,3,81,Seguro
27.3,47,3.1,9507,despejado,0.0,42,225,0.2,-3.1,4.3,7898,despejado,ninguna,seca,1013,0,1476.0,17.9,False,False,False,22,True,2,32,Seguro
22.2,47,9.7,8087,despejado,0.0,131,270,6.4,-7.3,12.6,11954,despejado,ninguna,seca,1011,500,1484.0,14.8,False,False,False,8,False,10,285,Seguro
12.9,62,20.3,7735,nublado,1.7,239,225,4.9,19.7,28.4,2701,nublado,ninguna,humeda,1017,2500,2848.0,3.7,False,False,False,22,True,9,241,Seguro
5.3,96,3.7,2226,niebla,1.0,68,45,1.4,3.4,5.6,200,cubierto,ninguna,humeda,1014,1000,76.0,4.8,True,False,False,13,False,11,310,Precaución
16.5,95,2.0,1579,niebla,1.9,318,0,1.3,1.5,2.4,375,cubierto,ninguna,mojada,1000,2500,3280.0,15.5,False,False,False,16,False,6,156,Precaución
11.6,81,21.2,4727,lluvia_ligera,2.5,64,315,20.0,-6.9,29.7,1639,nublado,leve,mojada,1005,2000,2072.0,8.2,False,False,False,0,True,9,261,Precaución
28.9,31,17.2,8428,despejado,0.0,332,0,8.1,15.2,22.4,12882,despejado,ninguna,seca,1030,2500,4768.0,22.0,False,False,False,9,False,8,238,Seguro
12.2,53,7.3,7799,nublado,1.7,243,270,3.3,6.5,10.2,2026,nublado,leve,seca,1001,0,-336.0,0.4,False,False,False,19,False,2,48,Seguro
16.1,67,16.7,8436,nublado,0.5,64,270,7.3,-15.0,21.7,2183,dispersas,ninguna,seca,1009,2000,2612.0,3.6,False,False,False,12,False,3,62,Seguro
27.7,55,13.4,8363,nublado,1.1,187,135,10.6,8.2,16.1,2692,nublado,leve,humeda,1008,2000,4004.0,18.6,False,False,False,18,False,8,214,Seguro
15.7,75,34.4,3683,granizo,13.5,80,0,33.9,6.0,37.8,1360,cubierto,severa,mojada,1013,0,84.0,12.4,False,True,True,22,True,3,86,Peligro
14.7,73,24.5,4618,lluvia_ligera,4.4,332,90,21.6,-11.5,29.4,2330,nublado,leve,mojada,1019,500,584.0,11.5,False,False,False,1,True,1,4,Precaución
5.4,93,7.4,2166,niebla,1.2,89,135,5.3,5.1,8.9,104,cubierto,ninguna,humeda,1013,1000,88.0,4.4,True,False,False,9,False,5,146,Precaución
21.5,89,40.8,1620,granizo,28.5,193,270,39.8,9.2,61.2,1157,cubierto,severa,mojada,1018,2500,3880.0,18.9,False,True,False,8,False,9,252,Peligro
15.5,76,15.7,3959,lluvia_ligera,6.7,159,225,14.3,6.4,22.0,848,nublado,leve,mojada,1016,2000,2540.0,12.5,False,False,False,9,False,12,331,Precaución
21.3,73,11.7,4833,lluvia_ligera,6.7,41,270,8.8,-7.7,14.0,1451,nublado,leve,mojada,1019,500,1376.0,19.2,False,False,False,16,False,6,167,Precaución
7.8,100,10.6,1267,niebla,1.5,184,0,0.7,-10.6,14.8,683,cubierto,ninguna,humeda,1001,2000,1616.0,7.2,True,False,False,3,True,5,134,Precaución
20.5,52,4.2,9593,despejado,0.0,352,135,2.5,-3.4,5.0,14665,despejado,ninguna,seca,1025,2500,3760.0,8.6,False,False,False,10,False,8,234,Seguro
19.6,77,15.6,6296,lluvia_ligera,4.4,25,270,14.1,-6.6,20.3,1542,nublado,leve,humeda,1004,0,552.0,15.8,False,False,False,10,False,2,46,Seguro
22.9,60,23.7,7056,nublado,1.8,272,225,17.3,16.2,28.4,1581,nublado,ninguna,seca,1010,500,1568.0,16.0,False,False,False,16,False,11,328,Seguro
26.7,65,8.2,6605,nublado,1.5,265,0,8.2,-0.7,11.5,2080,nublado,leve,humeda,1002,2500,4504.0,12.8,False,False,False,9,False,5,137,Seguro
11.2,98,11.9,1547,niebla,0.6,62,45,3.5,11.4,15.5,565,cubierto,ninguna,humeda,1007,500,164.0,11.1,False,False,False,23,True,1,28,Precaución
11.2,87,26.5,2969,lluvia_fuerte,14.0,230,135,26.4,-2.3,29.2,372,cubierto,moderada,contaminada,997,1000,784.0,6.9,False,False,False,3,True,2,44,Peligro
21.2,74,24.3,7603,nublado,0.8,297,90,11.0,-21.7,29.2,1714,dispersas,leve,humeda,1003,1000,1984.0,17.5,False,False,False,11,False,2,50,Seguro
18.9,36,1.3,9610,despejado,0.0,47,315,1.3,-0.0,1.6,13518,despejado,leve,seca,1027,2500,3568.0,9.5,False,False,False,4,True,12,352,Seguro
16.3,86,28.7,6047,lluvia_ligera,7.2,12,135,24.1,-15.6,31.6,2345,nublado,leve,humeda,1014,1000,1396.0,12.6,False,False,False,5,True,12,347,Precaución
11.6,72,11.5,3093,lluvia_ligera,5.0,162,225,10.2,5.2,17.2,870,nublado,moderada,humeda,1007,2000,2072.0,8.8,False,False,False,20,False,5,135,Precaución
12.0,87,28.9,5703,lluvia_ligera,3.5,235,315,28.5,5.0,34.7,1896,nublado,leve,mojada,1009,1000,880.0,7.8,False,False,False,3,True,5,126,Precaución
23.5,59,16.6,7934,nublado,1.3,265,225,10.7,12.7,19.9,3160,nublado,leve,humeda,1019,1000,2260.0,16.6,False,False,False,5,True,7,203,Seguro
14.0,90,24.6,4744,lluvia_ligera,3.6,12,225,13.4,-20.6,29.5,923,cubierto,leve,mojada,1007,0,-120.0,11.0,False,False,False,1,True,8,211,Precaución
23.7,31,8.1,9727,despejado,0.0,326,0,4.5,6.7,12.1,13878,despejado,ninguna,seca,1022,500,1664.0,11.0,False,False,False,8,False,5,136,Seguro
12.3,50,24.7,6489,nublado,1.0,231,270,15.5,19.2,29.6,1919,nublado,leve,seca,1016,2500,2776.0,5.5,False,False,False,21,True,11,321,Precaución
28.5,44,5.5,9252,despejado,0.0,173,135,3.4,4.3,6.6,8222,despejado,ninguna,seca,1011,0,1620.0,17.6,False,False,False,13,False,8,233,Seguro
24.6,56,7.2,7873,nublado,0.5,291,90,2.6,-6.7,9.4,3480,dispersas,leve,humeda,1011,2000,3632.0,10.3,False,False,False,2,True,8,226,Seguro
23.4,69,14.5,7463,nublado,0.1,176,135,9.5,10.9,18.9,3797,dispersas,leve,humeda,1019,0,1008.0,12.1,False,False,False,10,False,6,154,Seguro
22.5,53,0.8,9734,despejado,0.0,94,225,0.6,-0.5,1.0,8181,despejado,ninguna,seca,1029,500,1520.0,9.8,False,False,False,3,True,12,355,Seguro
30.2,45,12.8,9290,despejado,0.0,1,225,8.9,-9.2,15.4,12264,despejado,ninguna,seca,1019,1000,3064.0,19.4,False,False,False,3,True,3,81,Seguro
34.4,45,19.2,8954,despejado,0.0,160,225,17.4,8.1,28.8,7859,despejado,ninguna,seca,1029,0,2328.0,25.0,False,False,False,2,True,1,26,Seguro
18.7,66,5.3,6336,nublado,0.7,149,0,2.7,-4.5,6.9,2387,nublado,ninguna,humeda,1011,500,1064.0,7.1,False,False,False,19,False,9,253,Seguro
21.6,73,36.9,3953,granizo,29.5,24,0,15.0,33.7,40.6,1344,cubierto,severa,contaminada,1020,2500,3892.0,19.5,False,True,True,20,False,2,34,Peligro
14.6,80,29.5,6549,lluvia_ligera,3.4,53,225,4.1,-29.2,38.4,1280,cubierto,leve,mojada,1007,1000,1192.0,10.3,False,False,False,3,True,5,135,Precaución
17.9,35,16.5,9137,despejado,0.0,88,0,16.5,0.6,24.8,13513,despejado,ninguna,seca,1017,1000,1588.0,7.6,False,False,False,4,True,4,110,Seguro
6.8,98,2.7,921,niebla,0.1,4,270,2.7,-0.2,3.2,479,cubierto,ninguna,mojada,1003,500,-364.0,5.7,True,False,False,14,False,8,212,Peligro
32.8,33,16.1,9751,despejado,0.0,334,90,14.5,-7.1,17.7,14089,despejado,leve,seca,1012,2000,4616.0,21.2,False,False,False,4,True,11,319,Seguro
4.4,78,29.9,1648,nieve,8.6,210,45,7.7,-28.9,35.9,1624,cubierto,moderada,contaminada,1006,1000,-32.0,1.8,True,False,False,12,False,6,153,Peligro
20.2,42,12.5,8567,despejado,0.0,93,0,12.5,-0.7,13.8,7505,despejado,leve,seca,1027,2500,3724.0,9.1,False,False,False,6,False,12,345,Seguro
21.2,86,24.9,6741,lluvia_ligera,2.4,16,135,21.8,-12.1,32.4,1926,nublado,leve,humeda,1005,0,744.0,18.5,False,False,False,14,False,10,286,Precaución
10.2,96,3.0,732,niebla,0.1,265,225,1.9,2.3,4.5,290,cubierto,ninguna,mojada,1003,1000,664.0,8.7,False,False,False,22,True,8,229,Peligro
14.1,58,9.9,7428,nublado,1.3,88,315,7.2,-6.8,13.9,3805,nublado,ninguna,seca,1011,0,-108.0,6.9,False,False,False,23,True,5,143,Seguro
31.1,51,11.2,8858,despejado,0.0,270,45,7.9,-7.9,13.4,11239,despejado,leve,seca,1016,1000,3172.0,19.7,False,False,False,6,False,5,125,Seguro
10.4,87,36.9,4549,granizo,17.8,90,135,26.1,26.1,40.6,1023,cubierto,severa,contaminada,1015,1000,688.0,6.0,False,True,True,5,True,5,149,Peligro
17.2,73,23.8,6472,lluvia_ligera,5.5,46,270,16.5,-17.1,35.7,2475,cubierto,moderada,mojada,1016,2000,2744.0,13.9,False,False,False,0,True,12,348,Precaución
19.4,65,13.8,6653,nublado,0.5,201,225,5.6,12.6,16.6,2652,dispersas,leve,humeda,1019,2500,3628.0,7.8,False,False,False,21,True,6,150,Seguro
16.8,32,9.8,8378,despejado,0.0,40,180,6.3,-7.5,12.7,10915,despejado,leve,seca,1025,0,216.0,8.7,False,False,False,4,True,3,87,Seguro
22.2,67,5.1,8035,nublado,1.8,183,90,5.1,-0.3,7.6,3217,dispersas,leve,humeda,1020,2000,3344.0,16.1,False,False,False,16,False,8,226,Seguro
17.1,56,14.1,8210,nublado,0.7,270,45,10.0,-10.0,21.1,3747,nublado,leve,seca,1009,500,872.0,11.1,False,False,False,11,False,8,217,Seguro
34.3,51,13.1,8188,despejado,0.0,258,90,2.7,-12.8,18.3,14378,despejado,ninguna,seca,1018,2000,4796.0,23.3,False,False,False,9,False,10,298,Seguro
16.9,75,22.6,6918,lluvia_ligera,3.5,41,90,17.1,14.8,31.6,824,cubierto,leve,humeda,1007,0,228.0,13.0,False,False,False,2,True,3,66,Precaución
18.1,72,16.2,8258,nublado,0.5,93,135,10.8,12.0,22.7,2749,nublado,ninguna,humeda,1009,0,372.0,15.7,False,False,False,10,False,7,186,Seguro
19.5,72,15.7,6687,nublado,1.8,66,135,14.7,5.6,17.3,3325,dispersas,leve,seca,1007,2500,3640.0,16.5,False,False,False,22,True,9,252,Seguro
23.2,73,9.2,6552,nublado,2.0,5,90,9.2,0.8,12.0,2157,dispersas,leve,humeda,1017,1000,2224.0,19.7,False,False,False,2,True,6,175,Seguro
12.4,58,9.9,6571,nublado,1.5,16,90,9.5,2.7,10.9,3733,dispersas,leve,humeda,1007,2500,2788.0,1.4,False,False,False,17,False,4,102,Seguro
16.8,92,36.5,2446,lluvia_fuerte,19.8,110,225,33.1,-15.4,54.8,1178,cubierto,severa,mojada,989,2500,3316.0,16.2,False,False,False,4,True,1,16,Peligro
13.4,72,12.3,7964,nublado,1.2,81,90,1.9,12.1,14.8,3203,dispersas,leve,humeda,1011,2500,2908.0,10.6,False,False,False,11,False,3,76,Seguro
26.1,55,18.0,6275,nublado,1.4,61,0,15.7,8.7,25.2,2632,dispersas,leve,seca,1001,500,1952.0,19.3,False,False,False,20,False,2,37,Seguro
11.7,98,34.8,2006,lluvia_fuerte,13.2,207,315,33.1,-10.8,48.7,1111,cubierto,moderada,contaminada,983,2500,2704.0,9.8,False,False,True,5,True,4,94,Peligro
7.4,99,8.7,2382,niebla,0.1,119,0,7.6,-4.2,13.0,528,cubierto,ninguna,mojada,1015,0,-912.0,6.8,True,False,False,17,False,11,313,Precaución
18.0,71,26.1,5465,lluvia_ligera,5.7,295,45,24.5,-8.9,33.9,2237,nublado,leve,humeda,1020,1000,1600.0,15.2,False,False,False,23,True,9,261,Precaución
21.7,65,10.8,7637,nublado,0.3,125,180,8.8,6.2,14.0,2930,dispersas,leve,humeda,1011,1000,2044.0,12.7,False,False,False,10,False,6,159,Seguro
11.4,89,29.4,4472,lluvia_ligera,2.8,172,315,17.7,-23.5,41.2,2375,cubierto,leve,humeda,1020,500,188.0,8.2,False,False,False,17,False,10,279,Precaución
10.2,95,9.8,1615,niebla,1.3,359,180,0.2,-9.8,12.7,669,cubierto,ninguna,mojada,1007,500,44.0,8.6,False,False,False,14,False,7,209,Precaución
14.3,83,43.2,3196,granizo,12.8,155,315,14.8,-40.6,64.8,1702,cubierto,severa,mojada,1016,1000,1156.0,12.1,False,True,True,18,False,7,193,Peligro
6.2,92,6.0,1594,niebla,1.8,275,180,6.0,-0.5,8.4,667,cubierto,ninguna,mojada,1003,0,-1056.0,5.2,True,False,False,16,False,8,216,Precaución
15.3,97,46.8,2867,tormenta,18.0,25,45,16.0,44.0,51.5,943,cubierto,severa,contaminada,991,500,656.0,13.9,False,True,False,8,False,2,46,Peligro
19.3,76,16.7,3553,lluvia_ligera,7.9,332,180,7.8,-14.7,21.7,2481,nublado,moderada,mojada,1020,2500,3616.0,16.7,False,False,False,21,True,11,329,Precaución
22.5,26,7.3,8406,despejado,0.0,224,180,5.1,5.3,8.8,11741,despejado,ninguna,seca,1013,500,1520.0,12.7,False,False,False,19,False,6,153,Seguro
6.1,88,22.9,3001,lluvia_fuerte,11.0,348,225,19.2,-12.5,27.5,1399,cubierto,moderada,mojada,989,1000,172.0,1.5,False,False,False,8,False,2,56,Peligro
25.6,51,14.0,8381,nublado,1.8,327,135,2.9,-13.7,16.8,2197,nublado,ninguna,humeda,1007,1000,2512.0,12.9,False,False,False,11,False,10,291,Seguro
25.4,64,8.5,6042,nublado,1.6,30,315,8.2,2.2,11.1,3419,nublado,leve,seca,1007,2500,4348.0,14.3,False,False,False,6,False,5,131,Seguro
21.3,85,19.4,6767,lluvia_ligera,6.5,246,225,7.0,18.1,23.3,2347,nublado,leve,mojada,1019,0,756.0,19.3,False,False,False,2,True,3,75,Seguro
22.2,39,1.3,8611,despejado,0.0,133,0,1.0,-0.9,1.6,8649,despejado,leve,seca,1030,1000,2104.0,14.5,False,False,False,10,False,4,117,Seguro
17.8,98,9.9,1261,niebla,1.8,79,270,1.9,-9.7,12.9,511,cubierto,ninguna,humeda,1019,1000,1576.0,16.0,False,False,False,13,False,12,349,Precaución
21.3,54,1.4,9455,despejado,0.0,225,180,1.0,1.0,2.1,9766,despejado,ninguna,seca,1022,1000,1996.0,11.5,False,False,False,18,False,4,97,Seguro
13.8,65,5.7,8967,nublado,1.5,36,135,5.6,-0.9,6.8,3472,nublado,leve,humeda,1018,1000,1096.0,5.9,False,False,False,0,True,8,235,Seguro
20.9,88,12.0,3622,lluvia_ligera,2.1,91,225,8.6,-8.3,15.6,2294,cubierto,leve,humeda,1000,500,1328.0,18.5,False,False,False,10,False,9,261,Seguro
23.5,66,17.3,7217,nublado,0.2,15,270,16.7,-4.5,24.2,3874,nublado,ninguna,humeda,1016,2000,3500.0,10.6,False,False,False,23,True,6,176,Seguro
23.4,26,0.8,8963,despejado,0.0,217,225,0.1,0.8,1.0,13261,despejado,ninguna,seca,1013,2000,3488.0,13.4,False,False,False,2,True,10,286,Seguro
25.0,53,20.5,7819,nublado,1.8,112,180,19.0,7.7,28.7,1577,nublado,ninguna,humeda,1015,500,1820.0,11.7,False,False,False,18,False,11,318,Precaución
20.1,38,8.8,9789,despejado,0.0,154,315,2.9,-8.3,11.4,8062,despejado,ninguna,seca,1028,1000,1852.0,5.7,False,False,False,5,True,6,151,Seguro
21.8,59,14.8,7188,nublado,0.4,41,225,1.0,-14.8,19.2,1980,nublado,leve,seca,1010,2000,3296.0,16.4,False,False,False,10,False,12,348,Seguro
21.5,69,23.3,8244,nublado,0.1,247,90,9.1,-21.4,32.6,2646,dispersas,leve,seca,1003,1000,2020.0,10.4,False,False,False,18,False,8,239,Seguro
10.8,99,2.3,2101,niebla,1.9,208,180,1.1,2.0,3.2,187,cubierto,ninguna,mojada,1012,500,116.0,10.7,False,False,False,15,False,4,109,Precaución
15.6,27,5.8,8640,despejado,0.0,316,0,4.0,4.2,8.7,7578,despejado,leve,seca,1025,1000,1312.0,9.5,False,False,False,18,False,10,290,Seguro
14.3,74,19.0,6396,nublado,0.7,292,270,7.1,17.6,28.5,3848,nublado,leve,humeda,1002,2500,3016.0,10.2,False,False,False,3,True,8,222,Seguro
8.8,97,8.0,981,niebla,1.6,112,315,3.1,-7.4,12.0,749,cubierto,ninguna,mojada,1015,2000,1736.0,7.9,True,False,False,19,False,11,318,Precaución
24.5,39,12.8,9704,despejado,0.0,172,0,1.8,-12.7,14.1,10058,despejado,leve,seca,1010,0,1140.0,14.7,False,False,False,3,True,5,135,Seguro
6.8,85,42.0,2951,lluvia_fuerte,12.6,355,45,32.2,27.0,50.4,530,cubierto,moderada,mojada,1002,2500,2116.0,3.4,False,False,False,23,True,12,355,Peligro
22.0,85,13.9,3231,lluvia_ligera,5.9,324,315,2.2,13.7,15.3,905,cubierto,leve,mojada,1020,500,1460.0,19.0,False,False,False,12,False,11,304,Precaución
15.1,63,21.0,7263,nublado,1.6,61,45,5.8,20.2,25.2,2706,nublado,leve,seca,1008,2500,3112.0,8.3,False,False,False,3,True,10,287,Seguro
20.2,77,15.5,3401,lluvia_ligera,4.3,156,315,5.6,-14.5,17.1,1255,cubierto,leve,humeda,1011,2500,3724.0,15.6,False,False,False,17,False,5,139,Seguro
13.4,89,29.8,3638,granizo,22.1,242,0,26.3,-14.0,41.7,856,cubierto,severa,mojada,1007,500,428.0,10.7,False,True,True,13,False,2,45,Peligro
0.8,81,15.4,2981,nieve,11.1,323,225,15.3,-2.1,18.5,1929,cubierto,leve,contaminada,1014,0,-1704.0,-1.9,True,False,False,17,False,6,157,Peligro
19.1,86,28.9,6288,lluvia_ligera,4.1,245,135,27.2,-9.9,37.6,2182,nublado,leve,mojada,1008,0,492.0,15.4,False,False,False,8,False,2,50,Precaución
11.0,98,8.2,1170,niebla,1.0,140,135,0.7,8.2,11.5,436,cubierto,ninguna,mojada,1001,0,-480.0,9.2,False,False,False,10,False,5,128,Precaución
19.4,85,45.0,3753,lluvia_fuerte,22.3,142,270,35.5,-27.7,67.5,1480,cubierto,moderada,mojada,993,2000,3008.0,14.5,False,False,False,15,False,6,179,Peligro
17.9,93,7.3,1675,niebla,0.4,238,90,3.9,-6.2,10.9,478,cubierto,ninguna,mojada,1014,2500,3448.0,15.9,False,False,False,21,True,1,16,Precaución
8.5,88,22.0,6569,lluvia_ligera,2.0,333,0,10.0,19.6,26.4,2213,nublado,moderada,mojada,1015,2500,2320.0,4.8,False,False,False,23,True,2,42,Precaución
-7.1,95,22.1,2932,nieve,14.1,301,135,5.3,-21.4,28.7,769,cubierto,moderada,nevada,1012,0,-2652.0,-7.2,False,False,False,23,True,3,82,Peligro
19.5,35,0.4,9028,despejado,0.0,175,225,0.3,0.3,0.4,5568,despejado,ninguna,seca,1018,0,540.0,12.4,False,False,False,21,True,10,279,Seguro
12.0,95,5.3,1569,niebla,1.7,267,90,0.3,-5.3,7.9,335,cubierto,ninguna,mojada,1003,2000,2120.0,11.8,False,False,False,3,True,8,210,Precaución
13.7,81,15.2,6182,lluvia_ligera,7.0,132,0,11.3,-10.2,22.8,1819,nublado,leve,humeda,1020,1000,1084.0,9.6,False,False,False,10,False,8,237,Seguro
10.1,79,10.5,6605,lluvia_ligera,4.2,225,45,0.0,-10.5,12.6,1542,cubierto,leve,humeda,1004,500,32.0,6.3,False,False,False,12,False,5,132,Seguro
12.2,82,27.1,6016,lluvia_ligera,4.2,199,90,25.6,-8.8,40.7,1926,cubierto,moderada,mojada,1006,1000,904.0,9.3,False,False,False,12,False,9,242,Peligro
17.3,72,16.0,6724,nublado,0.8,307,0,12.8,9.6,19.2,3965,dispersas,leve,seca,1009,0,276.0,15.1,False,False,False,22,True,1,18,Seguro
20.2,54,12.4,8767,nublado,1.4,278,90,1.7,-12.3,16.1,3131,nublado,leve,seca,1000,2500,3724.0,6.1,False,False,False,7,False,8,233,Seguro
17.2,54,8.0,8236,despejado,0.0,236,315,7.9,1.5,8.8,9380,despejado,ninguna,seca,1013,1000,1504.0,10.0,False,False,False,18,False,3,82,Seguro
28.4,55,17.4,8480,despejado,0.0,332,90,15.4,-8.2,24.4,12339,despejado,ninguna,seca,1023,2500,4708.0,13.9,False,False,False,15,False,4,119,Seguro
15.4,90,47.2,1803,tormenta,19.6,311,45,47.1,-3.3,61.4,934,cubierto,severa,mojada,982,500,668.0,11.2,False,True,True,2,True,3,68,Peligro
1.7,87,31.9,2232,nieve,12.7,147,0,17.4,-26.8,44.7,546,cubierto,moderada,nevada,1013,2500,1504.0,-2.9,False,False,False,21,True,7,198,Peligro
7.9,97,11.2,2218,niebla,1.4,70,90,3.8,10.5,13.4,443,cubierto,ninguna,humeda,1015,500,-232.0,6.4,True,False,False,15,False,8,230,Precaución
21.4,64,15.7,7943,nublado,1.3,187,135,12.4,9.7,17.3,2913,nublado,leve,seca,1012,2000,3248.0,12.2,False,False,False,13,False,12,344,Seguro
23.3,75,10.3,6965,nublado,0.6,85,180,10.3,-0.9,14.4,2952,dispersas,ninguna,seca,1011,0,996.0,21.0,False,False,False,17,False,10,277,Seguro
17.6,45,8.3,9379,despejado,0.0,248,315,7.6,3.2,10.0,7189,despejado,ninguna,seca,1030,2500,3412.0,11.5,False,False,False,7,False,5,128,Seguro
11.3,77,12.4,5079,lluvia_ligera,2.6,47,45,0.4,12.4,14.9,1525,cubierto,moderada,humeda,1016,2500,2656.0,7.2,False,False,False,15,False,4,116,Seguro
19.9,76,48.9,2620,granizo,20.7,288,45,43.6,-22.2,53.8,705,cubierto,severa,contaminada,1001,0,588.0,15.3,False,True,True,15,False,11,308,Peligro
10.3,83,16.0,6966,lluvia_ligera,3.1,324,135,2.5,-15.8,22.4,1118,cubierto,leve,mojada,1007,2500,2536.0,6.6,False,False,False,6,False,6,156,Seguro
25.7,51,13.6,6498,nublado,0.8,29,135,13.1,-3.7,17.7,1723,dispersas,leve,humeda,1008,0,1284.0,19.5,False,False,False,21,True,10,294,Seguro
12.5,88,20.1,5811,lluvia_ligera,4.7,324,180,11.8,-16.3,26.1,1795,cubierto,leve,humeda,1014,2500,2800.0,9.4,False,False,False,15,False,12,365,Precaución
12.5,55,13.3,6781,nublado,0.3,359,135,9.2,-9.6,14.6,2251,nublado,leve,humeda,1006,1000,940.0,5.9,False,False,False,4,True,4,94,Seguro
19.6,90,12.0,4386,lluvia_ligera,5.1,269,180,12.0,0.2,18.0,2180,cubierto,moderada,humeda,1001,0,552.0,16.7,False,False,False,1,True,3,68,Precaución
17.4,30,1.2,8401,despejado,0.0,92,180,1.2,0.0,1.7,11513,despejado,leve,seca,1029,1000,1528.0,3.1,False,False,False,13,False,2,43,Seguro
16.6,55,13.2,6630,nublado,0.0,55,315,13.0,-2.3,15.8,1994,dispersas,leve,seca,1001,500,812.0,11.1,False,False,False,16,False,12,332,Seguro
11.5,93,7.5,1442,niebla,0.0,54,225,1.2,-7.4,9.8,473,cubierto,ninguna,humeda,1015,500,200.0,11.4,False,False,False,4,True,7,180,Precaución
4.6,78,20.6,3588,nieve,7.0,342,315,9.4,18.4,24.7,1292,cubierto,leve,nevada,1002,2000,1232.0,-0.3,False,False,False,6,False,9,262,Precaución
19.3,53,9.2,9733,despejado,0.0,206,90,8.3,-4.0,11.0,8706,despejado,leve,seca,1015,0,516.0,12.5,False,False,False,23,True,12,361,Seguro
10.1,96,0.8,1563,niebla,1.9,340,0,0.3,0.8,0.9,762,cubierto,ninguna,mojada,1001,1000,652.0,9.6,False,False,False,6,False,10,290,Precaución
15.7,27,16.2,9215,despejado,0.0,2,315,11.8,11.0,19.4,10143,despejado,ninguna,seca,1030,0,84.0,1.9,False,False,False,18,False,6,160,Seguro
20.5,74,23.1,3243,lluvia_ligera,2.9,128,90,14.2,18.2,30.0,1235,nublado,leve,humeda,1014,500,1280.0,18.2,False,False,False,6,False,2,56,Precaución
22.7,54,22.4,8890,nublado,0.4,61,180,19.6,-10.9,29.1,1827,nublado,leve,humeda,1004,2000,3404.0,16.7,False,False,False,9,False,12,345,Precaución
11.1,100,5.4,1083,niebla,0.3,245,135,5.1,-1.8,5.9,797,cubierto,ninguna,humeda,1011,2000,2012.0,9.3,False,False,False,18,False,8,215,Precaución
18.6,73,11.8,5183,lluvia_ligera,4.7,202,45,4.6,-10.9,15.3,1638,nublado,leve,mojada,1009,0,432.0,14.0,False,False,False,16,False,10,274,Seguro
7.6,87,38.5,3915,lluvia_fuerte,18.6,227,270,26.3,28.2,46.2,1296,cubierto,moderada,contaminada,992,0,-888.0,3.8,False,False,True,21,True,11,306,Peligro
8.5,77,13.9,4873,lluvia_ligera,3.8,230,225,1.2,13.8,18.1,1342,cubierto,leve,humeda,1012,2500,2320.0,4.0,False,True,False,1,True,10,283,Peligro
-4.2,87,15.6,3510,nieve,12.9,311,90,10.2,-11.8,21.8,1702,cubierto,leve,contaminada,1011,0,-2304.0,-6.5,False,False,False,0,True,3,73,Precaución
6.0,99,33.2,1253,tormenta,29.4,167,135,17.6,28.2,39.8,550,cubierto,severa,contaminada,989,2500,2020.0,4.1,True,True,False,12,False,4,90,Peligro
7.8,100,8.5,1758,niebla,0.6,349,90,8.3,-1.6,11.9,484,cubierto,ninguna,mojada,1014,1000,376.0,7.3,True,False,False,6,False,3,73,Precaución
12.7,75,45.4,2221,granizo,13.8,10,45,26.0,37.2,54.5,1504,cubierto,severa,mojada,1005,2000,2204.0,8.6,False,True,False,6,False,2,36,Peligro
24.8,66,10.3,6087,nublado,0.8,163,135,4.8,9.1,12.4,2530,nublado,leve,humeda,1009,1000,2416.0,18.3,False,False,False,12,False,2,54,Seguro
17.0,93,30.2,1386,tormenta,26.3,15,180,7.8,-29.2,42.3,610,cubierto,severa,mojada,986,2000,2720.0,16.2,False,True,False,10,False,3,81,Peligro
22.1,38,7.7,8522,despejado,0.0,78,270,1.6,-7.5,11.6,10326,despejado,ninguna,seca,1019,1000,2092.0,16.4,False,False,False,16,False,11,302,Seguro
22.9,37,13.2,9496,despejado,0.0,294,225,12.3,4.7,17.2,8015,despejado,ninguna,seca,1021,2000,3428.0,16.0,False,False,False,19,False,10,276,Seguro
14.3,68,16.1,7935,nublado,0.8,163,45,14.2,-7.6,17.7,2620,dispersas,leve,seca,1002,1000,1156.0,0.1,False,False,False,16,False,2,35,Seguro
22.0,51,15.0,8076,nublado,1.0,31,315,14.6,3.6,18.0,3297,dispersas,leve,seca,1000,2500,3940.0,7.6,False,False,False,14,False,8,237,Seguro
12.3,76,21.5,3399,lluvia_ligera,5.0,26,315,20.3,7.0,27.9,2170,cubierto,leve,mojada,1017,0,-324.0,9.6,False,False,False,0,True,7,203,Precaución
-3.5,90,21.3,3880,nieve,7.3,193,0,4.8,-20.8,23.4,1848,cubierto,moderada,nevada,1000,500,-1600.0,-7.5,False,False,False,20,False,9,258,Precaución
-3.1,92,13.3,2424,nieve,6.8,114,90,5.4,12.2,18.6,1500,cubierto,moderada,nevada,1009,2000,308.0,-4.4,False,False,False,17,False,8,218,Peligro
17.0,63,19.6,6977,nublado,0.1,313,90,13.4,-14.3,23.5,1853,nublado,ninguna,humeda,1005,0,240.0,11.9,False,False,False,4,True,12,360,Seguro
20.3,77,25.4,6831,lluvia_ligera,5.7,348,45,21.3,13.8,33.0,1231,cubierto,leve,mojada,1011,2500,3736.0,15.6,False,False,False,4,True,1,8,Precaución
24.9,66,10.5,6491,nublado,0.0,115,90,4.4,9.5,12.6,1698,nublado,leve,seca,1014,1000,2428.0,12.1,False,False,False,7,False,4,91,Seguro
22.4,68,8.9,6876,nublado,0.2,210,180,4.4,7.7,12.5,3629,nublado,ninguna,humeda,1008,500,1508.0,9.8,False,False,False,7,False,10,284,Seguro
25.1,37,3.3,9361,despejado,0.0,42,0,2.2,2.5,4.0,13068,despejado,ninguna,seca,1013,1000,2452.0,11.4,False,False,False,12,False,8,218,Seguro
18.8,72,17.9,4283,lluvia_ligera,2.6,151,45,17.2,-4.9,21.5,937,nublado,leve,mojada,1001,500,1076.0,16.7,False,False,False,21,True,3,70,Precaución
34.6,31,8.4,8190,despejado,0.0,58,45,1.9,8.2,9.2,11411,despejado,ninguna,seca,1017,2000,4832.0,19.7,False,False,False,1,True,10,270,Seguro
15.8,64,5.4,8603,nublado,1.7,275,315,3.5,4.1,5.9,3025,dispersas,leve,humeda,1019,2000,2576.0,5.6,False,False,False,4,True,12,347,Seguro
17.8,86,25.1,5187,lluvia_ligera,6.0,312,0,18.7,16.8,37.7,1606,cubierto,leve,mojada,1008,500,956.0,12.9,False,False,False,15,False,10,286,Precaución
6.2,89,28.1,2296,lluvia_fuerte,10.2,345,225,24.3,-14.0,33.7,1239,cubierto,moderada,contaminada,1003,0,-1056.0,1.2,False,False,True,4,True,11,325,Peligro
29.2,30,16.1,8636,despejado,0.0,325,45,15.9,2.8,20.9,7969,despejado,ninguna,seca,1027,2500,4804.0,21.2,False,False,False,12,False,5,120,Seguro
13.1,93,8.6,1115,niebla,1.0,167,225,7.3,4.6,12.0,782,cubierto,ninguna,mojada,1017,500,392.0,12.7,False,False,False,21,True,7,195,Precaución
21.6,72,20.7,3988,lluvia_ligera,7.1,298,315,6.1,19.8,31.0,2051,cubierto,leve,humeda,1008,0,792.0,19.5,False,False,False,13,False,5,134,Precaución
8.3,70,16.0,5012,lluvia_ligera,6.3,316,90,11.5,-11.1,19.2,881,cubierto,leve,humeda,1017,1000,436.0,-4.0,False,False,False,23,True,8,229,Precaución
16.3,74,16.4,8839,nublado,1.1,13,0,3.7,16.0,23.0,3949,dispersas,ninguna,seca,1000,2500,3256.0,12.2,False,False,False,21,True,8,236,Seguro
15.2,90,28.1,3157,lluvia_ligera,5.1,46,0,20.2,19.5,33.7,1929,cubierto,leve,humeda,1007,0,24.0,11.5,False,False,False,2,True,1,12,Precaución
9.0,88,10.2,5662,lluvia_ligera,3.0,226,0,7.3,-7.1,11.2,1519,nublado,moderada,humeda,1003,500,-100.0,4.7,False,False,False,18,False,7,197,Seguro
9.9,98,7.1,2348,niebla,1.0,193,0,1.6,-6.9,7.8,122,cubierto,ninguna,humeda,1008,2500,2488.0,9.5,True,False,False,21,True,11,309,Precaución
24.0,84,28.3,2799,granizo,24.2,160,90,26.6,9.7,42.5,1386,cubierto,severa,mojada,1015,1000,2320.0,19.8,False,True,True,13,False,5,145,Peligro
-1.2,81,25.3,1447,nieve,13.6,309,45,25.2,-2.6,32.9,1688,cubierto,leve,contaminada,1010,1000,-704.0,-4.8,False,False,False,19,False,7,182,Peligro
2.4,78,14.4,3643,nieve,18.9,350,0,2.5,14.2,20.2,1574,cubierto,leve,contaminada,1012,0,-1512.0,-1.2,False,False,False,3,True,7,188,Precaución
16.4,74,23.3,3956,lluvia_ligera,2.6,169,135,13.0,19.3,35.0,1605,nublado,moderada,humeda,1009,500,788.0,11.4,False,False,False,7,False,4,117,Precaución
19.2,79,33.3,2311,granizo,24.3,238,270,17.6,28.2,36.6,1873,cubierto,severa,mojada,1014,0,504.0,15.8,False,True,False,21,True,12,330,Peligro
10.2,95,10.9,2297,niebla,1.2,5,180,0.9,-10.9,13.1,150,cubierto,ninguna,mojada,1005,2000,1904.0,8.3,False,False,False,0,True,8,221,Precaución
12.3,100,7.8,1257,niebla,1.1,139,0,5.1,-5.9,10.9,597,cubierto,ninguna,mojada,1001,0,-324.0,11.0,False,False,False,2,True,2,55,Precaución
-0.1,82,18.1,3233,nieve,12.5,117,45,17.2,5.6,19.9,696,cubierto,moderada,nevada,1020,0,-1812.0,-3.6,False,False,False,22,True,7,203,Peligro
27.2,25,18.0,9377,despejado,0.0,284,315,9.3,15.4,25.2,7843,despejado,leve,seca,1027,0,1464.0,14.3,False,False,False,20,False,12,334,Seguro
11.5,92,7.3,2039,niebla,0.8,70,315,6.6,-3.1,8.8,179,cubierto,ninguna,humeda,1006,1000,820.0,10.6,False,False,False,10,False,7,197,Precaución
19.7,36,5.0,8127,despejado,0.0,245,225,1.7,4.7,6.5,9293,despejado,leve,seca,1016,2500,3664.0,9.9,False,False,False,12,False,6,150,Seguro
16.5,93,4.7,954,niebla,1.6,48,315,4.7,-0.2,6.1,204,cubierto,ninguna,humeda,1003,2500,3280.0,16.4,False,False,False,6,False,5,124,Precaución
18.7,49,4.3,8328,despejado,0.0,152,225,4.1,1.3,5.6,14327,despejado,ninguna,seca,1016,0,444.0,13.3,False,False,False,0,True,1,7,Seguro
8.1,90,14.3,4327,lluvia_ligera,5.8,79,45,8.0,11.9,21.5,2123,nublado,leve,humeda,1004,0,-828.0,3.2,False,False,False,17,False,6,153,Seguro
9.9,77,11.7,5641,lluvia_ligera,4.8,224,135,11.7,0.2,16.4,1683,cubierto,leve,humeda,1020,0,-612.0,7.0,True,False,False,15,False,12,355,Precaución
8.2,95,46.3,2540,tormenta,16.9,30,180,23.1,-40.1,64.8,398,cubierto,severa,contaminada,997,2000,1664.0,6.3,True,True,False,2,True,6,160,Peligro
10.4,95,0.2,2395,niebla,1.9,24,90,0.2,0.1,0.2,479,cubierto,ninguna,humeda,1011,2000,1928.0,8.9,False,False,False,12,False,2,53,Precaución
7.1,99,7.6,1191,niebla,1.6,193,315,6.4,-4.0,9.9,586,cubierto,ninguna,humeda,1017,500,-328.0,5.3,True,False,False,1,True,3,75,Precaución
27.3,50,12.0,6556,nublado,1.4,332,45,11.5,3.5,16.8,2037,dispersas,ninguna,humeda,1010,2500,4576.0,18.7,False,False,False,16,False,3,70,Seguro
16.5,94,2.1,1690,niebla,1.2,49,270,1.4,-1.6,2.9,603,cubierto,ninguna,mojada,1017,1000,1420.0,15.8,False,False,False,15,False,1,25,Precaución
17.6,31,18.7,9596,despejado,0.0,240,315,18.1,4.8,26.2,12015,despejado,ninguna,seca,1022,500,932.0,6.6,False,False,False,7,False,7,202,Seguro
30.5,40,10.5,8767,despejado,0.0,101,135,5.9,8.7,15.8,8761,despejado,ninguna,seca,1028,500,2480.0,23.6,False,False,False,19,False,3,62,Seguro
16.0,98,41.7,2945,tormenta,21.6,224,135,41.7,0.7,50.0,573,cubierto,severa,mojada,996,500,740.0,14.6,False,True,True,0,True,9,242,Peligro
33.2,26,13.0,9905,despejado,0.0,73,0,12.4,3.8,15.6,8067,despejado,leve,seca,1021,1000,3424.0,19.4,False,False,False,6,False,12,331,Seguro
30.9,50,9.2,9516,despejado,0.0,36,90,7.4,5.4,11.0,13593,despejado,ninguna,seca,1022,2500,5008.0,25.7,False,False,False,22,True,10,279,Seguro
24.2,78,43.1,1926,granizo,10.7,220,315,42.9,-3.8,51.7,1539,cubierto,severa,mojada,1007,0,1104.0,19.4,False,True,False,0,True,4,101,Peligro
10.0,76,12.3,3594,lluvia_ligera,6.3,354,0,1.3,12.2,17.2,2426,cubierto,leve,humeda,1003,1000,640.0,7.3,True,False,False,6,False,6,160,Precaución
24.5,75,24.4,8529,nublado,0.8,239,225,5.9,23.7,29.3,3237,dispersas,leve,humeda,1015,500,1760.0,20.4,False,False,False,15,False,12,356,Seguro
13.9,92,7.7,1319,niebla,0.5,96,45,6.0,4.8,9.2,729,cubierto,ninguna,humeda,1010,2500,2968.0,12.3,False,False,False,13,False,7,183,Precaución
13.9,52,22.5,6715,nublado,1.5,49,180,17.0,-14.8,27.0,2419,dispersas,leve,seca,1001,500,488.0,3.3,False,False,False,1,True,5,121,Precaución
12.0,84,21.8,5855,lluvia_ligera,3.1,167,90,21.2,4.9,32.7,1570,cubierto,leve,mojada,1018,500,260.0,8.0,False,False,False,1,True,7,203,Precaución
34.0,49,14.1,8417,despejado,0.0,287,270,4.1,13.5,18.3,5065,despejado,leve,seca,1026,0,2280.0,20.4,False,False,False,1,True,5,143,Seguro
-5.7,94,10.0,3878,nieve,5.7,188,225,6.0,8.0,15.0,1696,cubierto,moderada,nevada,1005,2500,616.0,-6.6,False,False,False,15,False,1,25,Precaución
16.1,94,44.1,1928,tormenta,34.8,285,315,22.0,38.2,52.9,606,cubierto,severa,contaminada,997,2500,3232.0,15.1,False,True,False,9,False,10,296,Peligro
28.7,29,6.5,9247,despejado,0.0,137,180,4.4,4.8,9.8,7051,despejado,ninguna,seca,1011,1000,2884.0,21.3,False,False,False,6,False,3,83,Seguro
14.6,74,18.0,3930,lluvia_ligera,6.1,21,270,16.8,-6.5,19.8,1084,nublado,moderada,mojada,1007,500,572.0,11.1,False,False,False,4,True,6,158,Precaución
19.0,85,25.5,4428,lluvia_ligera,7.3,345,315,12.7,22.1,38.2,2483,nublado,leve,humeda,1004,2500,3580.0,15.6,False,False,False,5,True,10,290,Precaución
24.6,74,15.0,8935,nublado,0.5,49,315,15.0,-1.0,21.0,2939,nublado,ninguna,seca,1004,2500,4252.0,20.5,False,False,False,17,False,5,134,Seguro
13.1,61,12.4,7557,nublado,0.4,107,270,3.6,-11.9,17.4,3071,nublado,leve,seca,1013,0,-228.0,-1.0,False,False,False,16,False,11,305,Seguro
23.6,50,22.5,6347,nublado,1.0,95,270,2.0,-22.4,27.0,1950,nublado,leve,humeda,1011,2500,4132.0,8.7,False,False,False,0,True,6,177,Seguro
32.2,46,15.9,9804,despejado,0.0,215,90,13.0,-9.1,22.3,12141,despejado,leve,seca,1022,1000,3304.0,26.8,False,False,False,12,False,5,136,Seguro
18.2,74,19.8,6623,nublado,1.6,297,315,6.1,18.8,27.7,2068,nublado,ninguna,humeda,1019,0,384.0,15.0,False,False,False,17,False,6,173,Seguro
18.8,89,12.0,4436,lluvia_ligera,2.6,54,315,11.9,-1.9,15.6,1177,cubierto,moderada,mojada,1008,0,456.0,15.2,False,False,False,14,False,8,219,Precaución
30.3,34,4.0,9021,despejado,0.0,37,315,4.0,0.6,5.2,5989,despejado,leve,seca,1015,2500,4936.0,18.4,False,False,False,20,False,2,50,Seguro
30.3,55,18.4,8177,despejado,0.0,326,180,10.3,-15.3,25.8,9978,despejado,ninguna,seca,1017,2500,4936.0,17.2,False,False,False,8,False,2,35,Seguro
22.8,76,40.1,2131,granizo,12.9,139,180,26.3,30.3,56.1,1159,cubierto,severa,contaminada,1005,1000,2176.0,19.1,False,True,True,2,True,11,323,Peligro
13.0,72,11.8,5569,lluvia_ligera,7.0,250,315,10.7,5.0,16.5,2032,nublado,moderada,mojada,1015,2000,2240.0,10.1,False,False,False,12,False,3,87,Precaución
18.8,33,3.8,8099,despejado,0.0,289,90,1.2,-3.6,5.3,12959,despejado,leve,seca,1030,0,456.0,12.5,False,False,False,2,True,7,185,Seguro
10.6,84,15.1,5450,lluvia_ligera,5.9,127,315,2.1,-15.0,19.6,1866,cubierto,moderada,humeda,1016,2000,1952.0,8.6,False,False,False,22,True,9,259,Seguro
27.8,32,9.9,9589,despejado,0.0,29,0,4.8,8.7,13.9,7402,despejado,ninguna,seca,1029,500,2156.0,13.1,False,False,False,2,True,2,49,Seguro
26.6,50,12.9,6440,nublado,0.0,206,180,5.7,11.6,15.5,3941,nublado,ninguna,humeda,1008,2500,4492.0,17.3,False,False,False,14,False,2,58,Seguro
12.8,78,16.9,5435,lluvia_ligera,5.4,3,270,16.9,-0.9,23.7,1326,cubierto,moderada,mojada,1010,2000,2216.0,10.8,False,False,False,20,False,7,208,Precaución
19.0,76,11.4,6134,lluvia_ligera,5.3,305,90,6.5,-9.3,13.7,2000,nublado,leve,mojada,1004,500,1100.0,15.4,False,False,False,5,True,2,57,Seguro
6.5,99,8.3,2163,niebla,0.8,141,315,0.9,-8.3,11.6,746,cubierto,ninguna,mojada,1011,2500,2080.0,4.7,True,False,False,14,False,10,287,Precaución
11.4,73,24.0,3907,lluvia_ligera,3.7,224,135,24.0,0.4,33.6,2291,cubierto,leve,humeda,1014,500,188.0,8.0,False,False,False,14,False,2,57,Precaución
16.3,44,1.3,9276,despejado,0.0,285,135,0.6,-1.1,1.7,6630,despejado,ninguna,seca,1030,2500,3256.0,3.5,False,False,False,12,False,2,58,Seguro
10.3,85,11.7,3635,lluvia_ligera,2.6,45,90,8.3,8.3,14.0,1139,nublado,moderada,mojada,1019,0,-564.0,5.7,False,False,False,3,True,8,227,Precaución
15.9,69,12.4,6584,nublado,0.9,22,90,11.5,4.6,18.6,1668,dispersas,ninguna,humeda,1010,1000,1348.0,1.7,False,False,False,11,False,8,237,Seguro
-2.2,76,22.6,2965,nieve,18.7,329,90,19.4,-11.6,24.9,439,cubierto,leve,contaminada,1020,500,-1444.0,-5.5,False,False,False,22,True,3,63,Peligro
10.0,85,27.9,6006,lluvia_ligera,5.5,117,90,12.7,24.9,36.3,1322,cubierto,moderada,mojada,1016,0,-600.0,7.6,True,False,False,0,True,8,228,Precaución
19.8,85,10.5,3582,lluvia_ligera,6.3,38,135,10.4,-1.3,13.7,1619,cubierto,leve,humeda,1007,0,576.0,14.9,False,False,False,10,False,5,124,Precaución
-4.2,86,12.4,3213,nieve,8.4,49,45,0.9,12.4,17.4,1529,cubierto,moderada,nevada,1001,2000,176.0,-8.1,False,False,False,8,False,4,104,Precaución
26.9,37,12.4,8289,despejado,0.0,4,180,0.9,-12.4,14.9,11264,despejado,leve,seca,1030,0,1428.0,12.5,False,False,False,22,True,5,120,Seguro
17.6,94,4.1,1987,niebla,1.8,224,0,2.8,-2.9,4.9,501,cubierto,ninguna,mojada,1018,0,312.0,16.4,False,False,False,1,True,1,10,Precaución
14.7,70,22.4,6188,nublado,0.2,78,180,21.9,-4.7,31.4,3539,nublado,ninguna,seca,1000,2000,2444.0,5.7,False,False,False,5,True,8,224,Precaución
15.8,98,28.6,2238,lluvia_fuerte,19.7,197,270,27.4,8.4,37.2,1071,cubierto,moderada,contaminada,983,0,96.0,15.2,False,True,False,4,True,5,131,Peligro
12.1,70,23.3,7697,nublado,0.3,195,45,11.6,-20.2,30.3,3392,dispersas,ninguna,seca,1001,1000,892.0,-1.2,False,False,False,9,False,9,253,Seguro
19.6,74,18.3,6266,lluvia_ligera,6.4,328,225,17.8,-4.1,25.6,1221,nublado,leve,humeda,1004,2500,3652.0,16.8,False,False,False,23,True,7,207,Precaución
16.7,87,21.6,5405,lluvia_ligera,4.4,226,90,15.0,-15.5,25.9,2276,cubierto,moderada,humeda,1006,2000,2684.0,14.0,False,False,False,6,False,8,211,Precaución
9.7,94,9.9,1163,niebla,0.6,64,270,4.3,-8.9,12.9,736,cubierto,ninguna,mojada,1002,1000,604.0,9.5,True,False,False,7,False,7,201,Precaución
22.3,25,2.8,8787,despejado,0.0,8,270,2.8,-0.4,3.4,6207,despejado,leve,seca,1027,2000,3356.0,17.2,False,False,False,12,False,9,265,Seguro
16.1,73,19.8,7390,nublado,0.3,1,0,0.3,19.8,23.8,3364,nublado,leve,seca,1008,1000,1372.0,13.8,False,False,False,23,True,12,345,Seguro
19.7,86,28.5,4001,lluvia_ligera,6.1,305,180,23.3,-16.3,42.8,1483,cubierto,moderada,mojada,1013,0,564.0,15.1,False,False,False,21,True,4,110,Peligro
21.4,87,35.4,4697,granizo,25.0,79,135,29.3,19.8,49.6,1790,cubierto,severa,contaminada,1019,0,768.0,17.2,False,True,False,8,False,2,51,Peligro
21.8,57,8.4,6004,nublado,1.2,50,225,0.7,-8.4,10.1,3271,nublado,leve,seca,1013,2500,3916.0,7.5,False,False,False,14,False,10,276,Seguro
21.3,88,36.2,3812,granizo,22.9,321,135,3.8,-36.0,43.4,1779,cubierto,severa,contaminada,1002,2000,3236.0,18.0,False,True,False,9,False,5,141,Peligro
-0.6,93,16.5,3007,nieve,5.9,328,0,8.7,14.0,24.8,1222,cubierto,leve,contaminada,1011,500,-1252.0,-2.3,False,False,False,7,False,1,26,Precaución
27.1,46,4.9,9775,despejado,0.0,318,180,3.3,-3.6,5.4,6663,despejado,leve,seca,1020,500,2072.0,19.7,False,False,False,14,False,1,29,Seguro
9.3,98,3.5,2216,niebla,1.4,76,90,0.8,3.4,3.9,587,cubierto,ninguna,mojada,1000,1000,556.0,9.3,True,False,False,21,True,9,264,Precaución
12.7,69,20.1,6012,nublado,1.7,345,180,5.2,-19.4,28.1,2347,nublado,ninguna,humeda,1004,2500,2824.0,5.9,False,False,False,17,False,9,265,Seguro
0.2,82,10.9,3699,nieve,16.1,18,180,3.4,-10.4,13.1,1342,cubierto,leve,nevada,1009,2500,1324.0,-4.1,False,False,False,11,False,7,201,Precaución
18.4,83,35.6,1651,granizo,14.0,142,270,28.1,-21.9,49.8,1058,cubierto,severa,mojada,1001,2000,2888.0,14.1,False,True,True,1,True,2,43,Peligro
12.5,95,6.2,2032,niebla,1.9,89,225,4.3,-4.5,6.8,203,cubierto,ninguna,mojada,1010,0,-300.0,12.3,False,False,False,4,True,3,85,Precaución
18.9,83,18.9,5556,lluvia_ligera,6.4,78,315,15.9,-10.3,22.7,842,cubierto,leve,humeda,1015,2000,2948.0,15.8,False,False,False,2,True,5,145,Precaución
22.8,39,8.3,9496,despejado,0.0,215,90,6.8,-4.8,9.1,5159,despejado,leve,seca,1029,500,1556.0,14.4,False,False,False,13,False,12,360,Seguro
33.3,54,4.2,8952,despejado,0.0,346,225,3.6,-2.2,5.0,6493,despejado,ninguna,seca,1025,2000,4676.0,24.2,False,False,False,10,False,12,363,Seguro
29.0,42,11.3,9896,despejado,0.0,208,135,10.8,3.3,14.7,5807,despejado,leve,seca,1017,1000,2920.0,20.0,False,False,False,3,True,12,364,Seguro
14.2,54,18.5,7757,nublado,1.0,234,90,10.9,-15.0,25.9,2928,nublado,leve,humeda,1007,0,-96.0,-0.7,False,False,False,2,True,1,19,Seguro
17.1,41,12.9,8526,despejado,0.0,240,180,11.2,6.5,16.8,8110,despejado,leve,seca,1025,0,252.0,2.7,False,False,False,19,False,9,242,Seguro
10.8,72,13.7,5941,lluvia_ligera,7.7,198,135,12.2,6.2,19.2,807,cubierto,moderada,humeda,1006,2000,1976.0,6.3,False,False,False,22,True,9,254,Precaución
17.0,83,34.2,3537,granizo,16.3,119,45,32.9,9.4,47.9,1283,cubierto,severa,mojada,1011,0,240.0,14.1,False,True,True,16,False,9,263,Peligro
20.8,87,29.8,6920,lluvia_ligera,2.4,322,0,18.3,23.5,32.8,869,nublado,moderada,humeda,1004,0,696.0,18.1,False,False,False,14,False,7,192,Precaución
19.2,81,47.9,3276,granizo,10.2,88,90,1.7,47.9,62.3,748,cubierto,severa,mojada,1008,2500,3604.0,14.8,False,True,True,3,True,6,168,Peligro
16.6,50,8.1,8434,nublado,0.3,133,225,8.1,-0.3,9.7,1739,dispersas,leve,seca,1011,1000,1432.0,2.7,False,False,False,21,True,12,332,Seguro
19.0,50,5.9,8190,nublado,0.2,295,315,2.0,5.5,7.1,2584,dispersas,leve,humeda,1007,2500,3580.0,6.5,False,False,False,14,False,7,201,Seguro
15.0,83,16.7,3192,lluvia_ligera,4.4,118,315,4.9,-16.0,21.7,1610,nublado,leve,humeda,1011,2000,2480.0,10.3,False,False,False,3,True,11,313,Seguro
22.0,61,9.0,7266,nublado,0.0,291,270,3.2,8.4,13.5,2409,nublado,leve,humeda,1020,500,1460.0,16.6,False,False,False,17,False,2,34,Seguro
-7.9,77,10.6,2860,nieve,19.0,315,270,7.5,7.5,14.8,589,cubierto,leve,nevada,1012,2500,352.0,-10.3,False,False,False,9,False,9,249,Peligro
12.3,54,13.9,8028,nublado,1.1,345,315,7.0,12.0,18.1,3695,nublado,leve,humeda,1003,2000,2156.0,4.5,False,False,False,1,True,3,65,Seguro
4.7,75,16.2,1189,nieve,19.2,251,135,14.6,-7.1,21.1,1463,cubierto,moderada,contaminada,1011,2500,1864.0,1.1,False,False,False,6,False,12,353,Peligro
15.6,98,5.7,1095,niebla,1.5,278,135,3.4,-4.6,8.6,636,cubierto,ninguna,humeda,1013,0,72.0,15.3,False,False,False,13,False,12,350,Precaución
13.7,98,0.4,1587,niebla,1.0,69,90,0.1,0.4,0.6,142,cubierto,ninguna,mojada,1000,500,464.0,11.8,False,False,False,22,True,4,110,Precaución
8.6,94,49.2,2738,tormenta,30.7,329,0,25.3,42.2,64.0,742,cubierto,severa,contaminada,1002,1000,472.0,6.9,True,True,True,12,False,5,139,Peligro
14.4,83,29.8,4228,lluvia_ligera,7.5,283,315,15.8,25.3,35.8,2089,cubierto,moderada,humeda,1000,500,548.0,10.3,False,False,False,16,False,6,165,Precaución
12.8,85,29.4,3130,lluvia_fuerte,24.8,172,135,17.7,23.5,41.2,844,cubierto,moderada,contaminada,990,1000,976.0,8.3,False,False,False,11,False,12,341,Peligro
13.4,89,25.3,4056,lluvia_ligera,6.0,108,315,11.5,-22.5,30.4,1139,nublado,leve,humeda,1011,0,-192.0,8.7,False,False,False,6,False,5,123,Precaución
9.3,99,11.3,2409,niebla,0.9,56,270,6.3,-9.4,15.8,780,cubierto,ninguna,humeda,1000,0,-684.0,7.6,True,False,False,13,False,6,165,Precaución
3.0,82,15.8,3312,nieve,16.5,250,270,5.4,14.8,19.0,1886,cubierto,moderada,contaminada,1011,0,-1440.0,-1.1,False,False,False,10,False,7,198,Precaución
20.6,55,9.3,6689,nublado,1.0,288,315,4.2,8.3,14.0,3742,dispersas,leve,humeda,1008,0,672.0,13.1,False,False,False,20,False,12,340,Seguro
12.8,74,11.3,6998,nublado,0.5,81,270,1.8,-11.2,12.4,3037,dispersas,ninguna,humeda,1007,2500,2836.0,8.8,False,False,False,5,True,7,186,Seguro
15.8,93,5.2,1431,niebla,1.1,56,90,2.9,4.3,6.8,455,cubierto,ninguna,mojada,1004,2000,2576.0,14.4,False,False,False,16,False,5,149,Precaución
20.9,26,16.4,8667,despejado,0.0,105,45,14.2,8.2,19.7,8857,despejado,ninguna,seca,1022,0,708.0,13.6,False,False,False,14,False,12,344,Seguro
16.5,94,38.6,2198,tormenta,16.8,207,225,11.9,36.7,50.2,941,cubierto,moderada,contaminada,987,2000,2660.0,16.2,False,True,False,8,False,9,262,Peligro
17.2,73,19.6,5620,lluvia_ligera,5.4,199,45,8.6,-17.6,21.6,955,cubierto,leve,mojada,1006,500,884.0,14.0,False,False,False,15,False,11,317,Precaución
13.1,71,21.4,5774,lluvia_ligera,4.3,24,180,8.7,-19.5,25.7,1193,nublado,leve,mojada,1011,0,-228.0,9.5,False,False,False,0,True,8,220,Precaución
14.0,80,25.2,6436,lluvia_ligera,6.5,208,135,24.1,7.4,35.3,1041,cubierto,leve,mojada,1002,1000,1120.0,9.7,False,False,False,13,False,6,160,Peligro
19.6,78,28.0,5262,lluvia_ligera,4.6,145,0,16.1,-22.9,33.6,852,nublado,moderada,mojada,1009,2000,3032.0,16.3,False,False,False,8,False,6,179,Precaución
-6.6,86,18.1,2273,nieve,6.9,292,315,7.1,16.7,19.9,1599,cubierto,leve,nevada,1003,1000,-1352.0,-10.6,False,False,False,2,True,7,198,Precaución
30.8,36,14.0,9663,despejado,0.0,55,0,11.5,8.0,19.6,13796,despejado,ninguna,seca,1021,500,2516.0,19.3,False,False,False,1,True,10,289,Seguro
15.0,83,13.1,6622,lluvia_ligera,7.4,91,0,13.1,-0.2,17.0,1183,nublado,leve,humeda,1000,1000,1240.0,12.4,False,False,False,0,True,3,61,Precaución
8.8,75,19.3,3959,lluvia_ligera,5.0,40,270,14.8,-12.4,27.0,2198,nublado,leve,humeda,1011,0,-744.0,4.7,False,False,False,11,False,1,5,Precaución
17.1,79,37.9,1774,granizo,26.9,130,135,3.3,37.8,45.5,1207,cubierto,severa,mojada,1013,0,252.0,12.6,False,True,True,6,False,10,274,Peligro
16.5,90,11.7,3944,lluvia_ligera,2.8,206,90,10.5,-5.1,14.0,810,cubierto,leve,mojada,1018,500,800.0,11.8,False,False,False,8,False,7,190,Precaución
19.7,49,10.2,8168,despejado,0.0,100,135,5.9,8.4,12.2,10279,despejado,leve,seca,1021,2500,3664.0,10.2,False,False,False,2,True,2,30,Seguro
17.1,99,27.7,2688,lluvia_fuerte,13.9,69,135,25.3,11.3,33.2,921,cubierto,moderada,mojada,997,0,252.0,15.7,False,False,False,15,False,9,245,Peligro
7.3,95,0.2,1379,niebla,0.2,245,90,0.1,-0.2,0.2,762,cubierto,ninguna,humeda,1008,500,-304.0,6.0,True,False,False,21,True,5,132,Precaución
3.9,76,10.5,3345,nieve,13.8,56,180,8.7,-5.9,14.7,1871,cubierto,moderada,contaminada,1003,1000,-92.0,-1.1,False,False,False,1,True,5,121,Precaución
16.9,72,8.9,8595,nublado,0.9,2,180,0.3,-8.9,12.5,2926,nublado,leve,humeda,1001,1000,1468.0,13.0,False,False,False,4,True,6,174,Seguro
7.2,94,1.6,1790,niebla,1.8,236,45,0.3,-1.6,1.9,687,cubierto,ninguna,mojada,1000,1000,304.0,5.8,True,False,False,11,False,10,290,Precaución
17.7,76,19.5,6488,lluvia_ligera,4.4,314,0,14.0,13.5,23.4,887,cubierto,leve,humeda,1012,2500,3424.0,12.9,False,False,False,15,False,11,307,Precaución
15.1,97,6.2,1672,niebla,1.3,47,135,6.2,0.2,8.1,640,cubierto,ninguna,humeda,1018,1000,1252.0,13.8,False,False,False,9,False,7,196,Precaución
22.1,50,14.4,8984,nublado,1.4,348,45,12.1,7.8,18.7,2193,dispersas,leve,seca,1006,2000,3332.0,11.6,False,False,False,1,True,8,221,Seguro
16.4,44,10.9,9551,despejado,0.0,75,270,2.8,-10.5,13.1,7157,despejado,ninguna,seca,1010,2000,2648.0,6.1,False,False,False,22,True,11,305,Seguro
17.1,35,0.1,8426,despejado,0.0,92,0,0.1,-0.0,0.1,14011,despejado,leve,seca,1022,1000,1492.0,12.0,False,False,False,11,False,4,112,Seguro
31.7,46,15.0,9609,despejado,0.0,306,45,14.8,-2.3,21.0,10636,despejado,leve,seca,1021,2500,5104.0,25.7,False,False,False,13,False,7,207,Seguro
19.3,51,5.1,8605,despejado,0.0,147,270,4.3,-2.8,7.6,6834,despejado,leve,seca,1020,2000,2996.0,7.7,False,False,False,6,False,8,222,Seguro
26.0,52,12.4,7985,nublado,1.5,6,315,9.6,7.8,16.1,3470,dispersas,ninguna,seca,1019,0,1320.0,16.0,False,False,False,8,False,6,178,Seguro
15.3,36,3.3,8224,despejado,0.0,353,135,2.0,-2.6,4.9,5687,despejado,leve,seca,1022,2000,2516.0,0.3,False,False,False,23,True,12,357,Seguro
19.6,55,18.9,9008,despejado,0.0,26,90,17.0,8.3,24.6,10030,despejado,leve,seca,1015,0,552.0,6.0,False,False,False,3,True,3,87,Seguro
14.1,73,19.7,6471,lluvia_ligera,4.9,148,90,16.7,10.4,21.7,2362,nublado,moderada,humeda,1009,2500,2992.0,12.1,False,False,False,16,False,8,230,Precaución
10.3,90,27.8,3030,lluvia_ligera,7.4,230,90,17.9,-21.3,30.6,1420,cubierto,leve,mojada,1013,500,56.0,6.3,False,False,False,19,False,10,283,Precaución
15.2,52,8.9,8800,despejado,0.0,349,135,5.0,-7.4,11.6,8221,despejado,leve,seca,1011,2500,3124.0,9.5,False,False,False,2,True,12,356,Seguro
24.8,43,18.7,8830,despejado,0.0,137,315,0.7,-18.7,24.3,14676,despejado,ninguna,seca,1030,1000,2416.0,11.7,False,False,False,21,True,10,290,Seguro
15.7,98,5.6,1126,niebla,0.8,181,90,5.6,-0.1,7.8,701,cubierto,ninguna,humeda,1012,2000,2564.0,14.3,False,False,False,5,True,4,109,Precaución
15.9,94,9.1,1334,niebla,0.4,310,270,5.8,7.0,10.0,261,cubierto,ninguna,humeda,1014,1000,1348.0,15.2,False,False,False,13,False,2,40,Precaución
25.6,51,14.6,9353,despejado,0.0,161,180,4.8,13.8,21.9,13339,despejado,leve,seca,1018,2000,3752.0,12.2,False,False,False,1,True,2,53,Seguro
19.9,71,24.8,4852,lluvia_ligera,3.0,164,45,21.7,-12.0,34.7,2354,nublado,leve,humeda,1015,0,588.0,17.4,False,False,False,18,False,6,154,Precaución
17.3,48,5.5,9979,despejado,0.0,102,0,5.4,-1.1,7.2,14661,despejado,ninguna,seca,1028,1000,1516.0,7.6,False,False,False,5,True,7,203,Seguro
14.4,87,12.5,3776,lluvia_ligera,4.4,311,0,9.4,8.2,18.8,1329,nublado,moderada,mojada,1017,500,548.0,10.7,False,False,False,23,True,1,28,Precaución
15.3,99,8.6,1928,niebla,1.0,182,135,6.3,5.9,12.0,697,cubierto,ninguna,mojada,1020,500,656.0,14.3,False,False,False,2,True,1,23,Precaución
9.7,84,17.2,6397,lluvia_ligera,2.2,342,0,5.3,16.4,25.8,1975,nublado,leve,mojada,1015,500,-16.0,4.8,False,False,False,14,False,9,243,Seguro
20.2,53,13.1,8260,nublado,0.1,140,315,1.1,-13.1,17.0,2674,dispersas,ninguna,humeda,1001,2500,3724.0,12.6,False,False,False,17,False,4,105,Seguro
12.3,97,2.0,1317,niebla,0.5,57,225,0.4,-2.0,2.2,773,cubierto,ninguna,humeda,1014,500,296.0,12.0,False,False,False,10,False,4,116,Precaución
2.7,94,12.4,2949,nieve,18.5,337,270,11.4,4.8,18.6,1628,cubierto,leve,nevada,1017,0,-1476.0,0.9,True,False,True,21,True,12,333,Peligro
13.7,55,7.0,6908,nublado,0.1,226,45,0.1,-7.0,9.1,1949,dispersas,leve,humeda,1001,500,464.0,0.7,False,False,False,0,True,9,244,Seguro
24.8,58,15.7,8238,nublado,1.9,254,0,15.1,-4.3,20.4,1566,nublado,leve,seca,1017,1000,2416.0,12.0,False,False,False,7,False,7,200,Seguro
10.8,88,15.8,3723,lluvia_ligera,5.2,280,180,15.6,-2.7,17.4,2117,nublado,leve,mojada,1013,2500,2596.0,8.5,False,False,False,17,False,8,211,Precaución
13.3,89,14.5,5272,lluvia_ligera,2.6,29,90,12.7,7.0,17.4,1007,cubierto,leve,mojada,1016,2500,2896.0,8.9,False,False,False,10,False,8,223,Precaución
18.6,92,44.0,3795,lluvia_fuerte,23.3,12,135,36.9,-24.0,57.2,1081,cubierto,moderada,contaminada,996,2000,2912.0,17.6,False,True,False,9,False,12,334,Peligro
23.3,30,0.2,9749,despejado,0.0,99,0,0.2,-0.0,0.3,14117,despejado,leve,seca,1010,0,996.0,11.1,False,False,False,13,False,9,263,Seguro
25.8,70,11.2,6596,nublado,0.9,162,45,10.0,-5.1,15.7,3502,dispersas,leve,humeda,1001,1000,2536.0,19.0,False,False,False,7,False,3,64,Seguro
14.6,94,4.3,1591,niebla,0.3,289,270,1.4,4.1,5.2,656,cubierto,ninguna,mojada,1004,500,572.0,13.7,False,False,False,20,False,5,145,Precaución
21.6,59,11.2,8302,nublado,1.1,71,315,10.1,-4.9,13.4,1746,dispersas,ninguna,humeda,1019,2500,3892.0,15.5,False,False,False,4,True,2,48,Seguro
28.0,54,8.0,6300,nublado,0.6,246,225,2.9,7.5,10.4,2862,nublado,leve,seca,1020,2500,4660.0,15.7,False,False,False,9,False,12,364,Seguro
23.4,63,6.0,8623,nublado,0.4,216,315,5.9,-0.9,9.0,2065,dispersas,leve,humeda,1019,500,1628.0,14.2,False,False,False,4,True,6,155,Seguro
15.1,98,8.8,2251,niebla,1.7,228,270,5.9,6.5,9.7,221,cubierto,ninguna,humeda,1016,2000,2492.0,13.5,False,False,False,17,False,11,315,Precaución
6.1,91,49.3,2011,tormenta,21.8,337,45,45.7,18.5,69.0,604,cubierto,severa,contaminada,1005,2500,2032.0,6.1,True,True,True,9,False,10,292,Peligro
14.0,65,5.0,8077,nublado,0.1,305,270,2.9,4.1,5.5,3845,nublado,leve,seca,1010,0,-120.0,6.1,False,False,False,1,True,8,226,Seguro
18.7,89,26.4,4664,lluvia_ligera,3.4,227,45,0.9,-26.4,31.7,2016,cubierto,moderada,humeda,1018,500,1064.0,15.8,False,False,False,16,False,8,229,Precaución
19.8,44,17.3,9886,despejado,0.0,154,180,7.6,15.5,20.8,7835,despejado,leve,seca,1027,500,1196.0,8.6,False,False,False,14,False,12,346,Seguro
27.4,71,23.1,6122,nublado,1.1,85,270,2.0,-23.0,34.7,1999,nublado,leve,humeda,1002,1000,2728.0,23.2,False,False,False,14,False,2,48,Seguro
13.2,98,7.9,848,niebla,1.7,331,225,7.6,-2.2,11.1,799,cubierto,ninguna,humeda,1006,2000,2264.0,11.3,False,False,False,10,False,10,298,Precaución
24.4,52,14.0,6558,nublado,0.4,119,90,6.8,12.2,18.2,2539,nublado,leve,seca,1003,500,1748.0,10.9,False,False,False,15,False,2,55,Seguro
21.1,31,5.8,8425,despejado,0.0,88,270,0.2,-5.8,8.7,10235,despejado,ninguna,seca,1010,2500,3832.0,11.8,False,False,False,2,True,10,270,Seguro
16.4,88,29.2,3662,lluvia_ligera,3.4,323,180,17.6,-23.3,40.9,2344,cubierto,leve,humeda,1012,2000,2648.0,11.9,False,False,False,18,False,11,305,Precaución
24.6,56,6.8,8176,nublado,0.9,296,180,6.1,-3.0,8.2,2034,dispersas,leve,humeda,1011,2000,3632.0,15.3,False,False,False,2,True,11,318,Seguro
19.0,68,21.0,8751,nublado,0.7,303,270,11.4,17.6,27.3,2184,nublado,leve,seca,1020,500,1100.0,12.9,False,False,False,0,True,7,202,Seguro
23.8,65,5.9,7489,nublado,0.3,178,315,4.0,-4.3,8.9,3970,dispersas,leve,humeda,1020,1000,2296.0,13.0,False,False,False,13,False,7,186,Seguro
6.4,85,30.9,3575,lluvia_fuerte,21.6,66,315,28.8,-11.1,43.3,613,cubierto,moderada,mojada,1004,1000,208.0,3.8,True,False,True,20,False,4,114,Peligro
10.7,98,7.5,1191,niebla,0.2,233,270,4.5,6.0,9.8,319,cubierto,ninguna,humeda,1010,1000,724.0,9.6,False,False,False,6,False,8,212,Precaución
24.0,29,8.8,9845,despejado,0.0,13,90,8.6,2.0,11.4,11338,despejado,ninguna,seca,1011,500,1700.0,15.2,False,False,False,17,False,12,337,Seguro
18.8,73,15.4,8556,nublado,1.0,282,135,8.4,-12.9,23.1,2593,nublado,leve,seca,1018,500,1076.0,16.7,False,False,False,5,True,11,321,Seguro
-2.2,85,27.4,3086,nieve,14.2,253,135,24.2,-12.9,35.6,1535,cubierto,moderada,contaminada,1009,500,-1444.0,-7.0,False,False,False,16,False,12,365,Peligro
6.2,94,11.1,1368,niebla,1.0,305,90,6.4,-9.1,14.4,755,cubierto,ninguna,mojada,1007,1000,184.0,6.0,True,False,False,16,False,5,128,Precaución
19.4,40,4.6,8541,despejado,0.0,21,0,1.6,4.3,6.0,11052,despejado,ninguna,seca,1021,2000,3008.0,9.7,False,False,False,14,False,1,24,Seguro
13.9,94,45.3,1330,tormenta,25.6,65,135,42.6,15.5,58.9,549,cubierto,moderada,contaminada,995,0,-132.0,13.9,False,True,False,11,False,8,214,Peligro
27.9,44,12.8,8635,despejado,0.0,358,225,9.4,-8.7,16.6,6267,despejado,leve,seca,1015,0,1548.0,19.2,False,False,False,18,False,4,100,Seguro
6.3,93,11.7,1171,niebla,1.0,229,180,8.8,7.7,12.9,729,cubierto,ninguna,humeda,1001,2500,2056.0,4.6,True,False,False,1,True,7,186,Precaución
19.9,62,11.3,6532,nublado,1.8,275,45,8.7,-7.3,13.6,2252,nublado,ninguna,humeda,1001,500,1208.0,8.3,False,False,False,18,False,12,360,Seguro
19.4,54,2.2,9229,despejado,0.0,226,135,2.2,-0.0,2.9,6796,despejado,ninguna,seca,1028,1000,1768.0,11.2,False,False,False,21,True,2,45,Seguro
0.8,79,22.0,3109,nieve,15.3,97,90,2.7,21.8,30.8,1786,cubierto,leve,contaminada,1017,1000,-464.0,-1.9,True,False,True,23,True,12,339,Peligro
13.0,98,4.8,1650,niebla,0.6,10,135,3.9,-2.8,6.2,260,cubierto,ninguna,mojada,1005,1000,1000.0,11.0,False,False,False,14,False,1,19,Precaución
22.9,64,14.9,8118,nublado,1.5,272,315,10.2,10.9,17.9,2419,dispersas,leve,humeda,1012,500,1568.0,14.6,False,False,False,18,False,1,13,Seguro
16.9,53,5.3,9389,despejado,0.0,253,180,5.1,1.5,5.8,11512,despejado,leve,seca,1027,0,228.0,3.2,False,False,False,14,False,8,238,Seguro
16.0,84,23.3,4068,lluvia_ligera,5.8,179,0,0.4,-23.3,35.0,1117,cubierto,leve,humeda,1019,2000,2600.0,11.4,False,False,False,14,False,7,186,Precaución
22.9,67,20.0,8625,nublado,0.7,1,45,13.9,14.4,30.0,2702,nublado,ninguna,humeda,1005,2500,4048.0,8.8,False,False,False,20,False,6,153,Seguro
21.9,73,25.9,6903,lluvia_ligera,5.4,116,45,24.5,8.4,28.5,2282,cubierto,leve,mojada,1003,500,1448.0,18.1,False,False,False,22,True,12,361,Precaución
15.7,74,20.4,7701,nublado,1.9,232,135,20.2,-2.5,28.6,1913,nublado,leve,humeda,1011,500,704.0,13.0,False,False,False,11,False,9,263,Precaución
14.2,92,36.6,2074,tormenta,22.4,39,45,3.8,36.4,40.3,721,cubierto,moderada,mojada,995,0,-96.0,12.9,False,True,True,22,True,2,53,Peligro
22.1,53,3.4,9328,despejado,0.0,297,315,1.1,3.2,5.1,9172,despejado,ninguna,seca,1025,1000,2092.0,7.8,False,False,False,13,False,1,7,Seguro
10.9,95,11.1,1517,niebla,0.7,193,315,9.4,-5.9,14.4,781,cubierto,ninguna,humeda,1006,1000,748.0,9.5,False,False,False,15,False,12,356,Precaución
20.0,87,36.3,2596,lluvia_fuerte,23.1,90,90,0.0,36.3,43.6,332,cubierto,moderada,contaminada,984,500,1220.0,15.9,False,True,False,1,True,2,32,Peligro
-1.4,79,30.9,1530,nieve,9.8,19,135,27.8,-13.5,43.3,1581,cubierto,leve,contaminada,1000,2000,512.0,-5.3,False,False,False,21,True,11,321,Peligro
31.2,26,15.9,8323,despejado,0.0,142,180,9.8,12.5,17.5,9904,despejado,ninguna,seca,1025,0,1944.0,21.5,False,False,False,17,False,8,236,Seguro
9.4,74,11.8,5434,lluvia_ligera,5.1,261,270,1.8,11.7,14.2,2025,nublado,leve,mojada,1009,1000,568.0,5.2,False,False,False,4,True,11,319,Seguro
17.8,78,10.6,6340,lluvia_ligera,5.7,270,45,7.5,-7.5,14.8,1978,cubierto,moderada,mojada,1009,2500,3436.0,14.9,False,False,False,4,True,12,347,Precaución
-4.8,84,28.6,2651,nieve,11.8,266,180,28.5,2.0,31.5,1615,cubierto,leve,nevada,1003,2000,104.0,-9.2,False,False,True,0,True,10,297,Peligro
31.5,28,18.5,9742,despejado,0.0,172,180,2.6,18.3,24.1,7719,despejado,ninguna,seca,1023,0,1980.0,19.4,False,False,False,3,True,4,93,Seguro
18.8,89,28.1,6136,lluvia_ligera,4.6,357,315,18.8,20.9,36.5,1100,nublado,leve,humeda,1012,2500,3556.0,14.0,False,False,False,8,False,3,87,Precaución
19.4,73,16.4,7037,nublado,0.7,58,315,16.0,-3.7,19.7,3898,dispersas,leve,seca,1005,2000,3008.0,17.3,False,False,False,13,False,12,361,Seguro
13.3,93,5.0,568,niebla,0.6,34,180,2.8,-4.1,5.5,670,cubierto,ninguna,mojada,1011,2000,2276.0,12.5,False,False,False,7,False,3,71,Peligro
20.3,85,16.1,4419,lluvia_ligera,3.2,263,0,16.0,-2.0,19.3,933,nublado,leve,humeda,1006,2500,3736.0,16.2,False,False,False,19,False,4,97,Precaución
18.0,94,3.1,2152,niebla,1.7,339,180,1.1,-2.9,4.3,662,cubierto,ninguna,mojada,1010,2500,3460.0,17.5,False,False,False,11,False,8,219,Precaución
15.4,90,27.5,3355,lluvia_fuerte,24.3,222,315,27.5,-1.4,35.8,1262,cubierto,severa,contaminada,1004,1000,1288.0,12.5,False,True,False,20,False,6,157,Peligro
26.8,26,2.2,9596,despejado,0.0,115,90,0.9,2.0,2.6,10878,despejado,leve,seca,1014,500,2036.0,12.7,False,False,False,18,False,2,52,Seguro
10.2,97,9.2,2365,niebla,0.8,3,315,6.8,6.2,12.0,393,cubierto,ninguna,humeda,1017,0,-576.0,8.2,False,False,False,11,False,1,2,Precaución
7.8,100,32.0,1877,lluvia_fuerte,11.5,261,270,5.0,31.6,44.8,1094,cubierto,severa,mojada,982,2000,1616.0,6.8,True,True,True,2,True,10,290,Peligro
25.3,61,22.0,6373,nublado,0.3,246,225,7.9,20.5,30.8,1585,nublado,leve,humeda,1003,2500,4336.0,15.0,False,False,False,12,False,5,149,Seguro
16.4,99,39.6,2543,tormenta,34.8,353,90,39.3,-4.8,47.5,740,cubierto,moderada,mojada,990,2000,2648.0,15.2,False,True,False,4,True,9,246,Peligro
23.1,55,16.1,9828,despejado,0.0,252,135,14.3,-7.3,24.2,5459,despejado,ninguna,seca,1013,0,972.0,10.1,False,False,False,8,False,10,299,Seguro
6.1,89,36.9,2201,tormenta,15.6,51,90,23.2,28.7,40.6,440,cubierto,severa,contaminada,1004,0,-1068.0,2.1,False,True,False,1,True,2,50,Peligro
19.2,52,20.6,7075,nublado,2.0,48,180,15.3,-13.8,24.7,3150,nublado,leve,humeda,1012,2000,2984.0,11.8,False,False,False,17,False,7,193,Precaución
8.5,82,17.0,5329,lluvia_ligera,3.4,212,270,14.4,9.0,22.1,1704,nublado,leve,humeda,1005,2000,1700.0,4.8,False,False,False,20,False,6,159,Seguro
-5.5,76,16.3,3377,nieve,11.5,29,0,7.9,14.3,22.8,1803,cubierto,moderada,nevada,1000,1000,-1220.0,-8.1,False,False,False,1,True,7,197,Precaución
32.1,52,5.8,8990,despejado,0.0,304,135,1.1,-5.7,8.1,5843,despejado,leve,seca,1019,2000,4532.0,23.0,False,False,False,3,True,2,54,Seguro
5.1,98,20.8,1107,lluvia_fuerte,12.3,220,0,13.4,-15.9,27.0,1066,cubierto,severa,contaminada,992,500,-568.0,3.9,True,False,False,12,False,1,27,Peligro
15.5,79,27.8,4240,granizo,10.3,185,135,21.3,17.9,33.4,1630,cubierto,severa,mojada,1008,500,680.0,11.7,False,True,False,2,True,2,55,Peligro
20.3,47,6.9,8462,despejado,0.0,309,90,4.3,-5.4,9.7,11508,despejado,leve,seca,1030,0,636.0,11.2,False,False,False,13,False,7,184,Seguro
30.1,50,20.0,8074,despejado,0.0,222,135,20.0,1.0,26.0,13976,despejado,ninguna,seca,1030,2500,4912.0,20.6,False,False,False,6,False,1,12,Seguro
17.1,77,28.6,4026,granizo,15.2,340,135,12.1,-25.9,40.0,1244,cubierto,severa,contaminada,1010,2000,2732.0,13.6,False,True,True,2,True,9,244,Peligro
18.5,67,22.8,8867,nublado,0.7,133,315,0.8,-22.8,31.9,1880,nublado,leve,humeda,1006,500,1040.0,4.2,False,False,False,16,False,8,238,Seguro
19.9,39,16.5,8740,despejado,0.0,209,0,8.0,-14.4,23.1,13210,despejado,leve,seca,1029,2000,3068.0,5.9,False,False,False,4,True,3,89,Seguro
15.7,83,46.4,3957,granizo,14.3,209,270,40.6,22.5,51.0,1079,cubierto,severa,mojada,1008,500,704.0,11.8,False,True,False,7,False,7,190,Peligro
14.3,80,16.0,6144,lluvia_ligera,7.0,189,45,9.4,-12.9,24.0,2085,cubierto,leve,mojada,1003,500,536.0,11.6,False,False,False,14,False,3,76,Seguro
14.4,74,11.8,4428,lluvia_ligera,2.3,75,180,11.4,-3.1,15.3,1188,cubierto,moderada,humeda,1014,1000,1168.0,12.3,False,False,False,12,False,5,132,Precaución
14.7,96,6.2,1659,niebla,0.4,300,315,1.6,6.0,8.1,317,cubierto,ninguna,mojada,1019,0,-36.0,14.2,False,False,False,8,False,7,196,Precaución
20.4,80,20.6,5980,lluvia_ligera,6.4,286,180,19.8,-5.7,28.8,1577,cubierto,leve,mojada,1015,500,1268.0,16.8,False,False,False,7,False,12,335,Precaución
11.7,89,37.3,3324,lluvia_fuerte,20.5,204,315,34.8,-13.4,41.0,852,cubierto,moderada,mojada,986,2000,2084.0,7.8,False,False,False,21,True,3,72,Peligro
22.0,27,12.8,8441,despejado,0.0,140,0,8.2,-9.8,16.6,9309,despejado,ninguna,seca,1020,2000,3320.0,11.7,False,False,False,22,True,9,268,Seguro
27.1,69,12.6,7689,nublado,1.2,70,0,11.8,4.3,16.4,3162,dispersas,leve,seca,1009,2500,4552.0,15.0,False,False,False,11,False,12,352,Seguro
21.0,72,16.4,5202,lluvia_ligera,7.5,71,225,7.2,-14.7,21.3,1085,cubierto,leve,humeda,1019,2500,3820.0,18.7,False,False,False,5,True,2,51,Seguro
5.7,92,8.6,1223,niebla,0.6,258,45,4.7,-7.2,12.0,788,cubierto,ninguna,humeda,1008,500,-496.0,5.5,True,False,False,4,True,11,308,Precaución
25.1,60,22.5,6612,nublado,1.8,220,0,14.5,-17.2,24.8,2479,nublado,leve,seca,1017,500,1832.0,15.0,False,False,False,5,True,11,308,Seguro
-4.7,84,22.5,3183,nieve,14.9,45,180,15.9,-15.9,31.5,1183,cubierto,moderada,contaminada,1011,500,-1744.0,-7.5,False,False,False,6,False,7,204,Peligro
12.1,94,9.2,2454,niebla,2.0,300,180,8.0,-4.6,10.1,174,cubierto,ninguna,humeda,1006,0,-348.0,10.3,False,False,False,12,False,9,260,Precaución
25.2,32,12.4,8397,despejado,0.0,221,270,9.4,8.1,14.9,8517,despejado,leve,seca,1018,500,1844.0,17.7,False,False,False,1,True,12,357,Seguro
-1.9,80,19.7,2576,nieve,9.3,1,135,14.2,-13.7,25.6,1961,cubierto,leve,nevada,1018,2500,1072.0,-4.0,False,False,False,13,False,5,143,Precaución
12.8,84,29.9,3770,lluvia_ligera,4.3,168,315,16.3,-25.1,38.9,1459,nublado,moderada,humeda,1008,1000,976.0,7.9,False,False,False,18,False,12,361,Precaución
10.7,87,24.2,6651,lluvia_ligera,7.3,223,180,16.5,17.7,31.5,1947,cubierto,leve,mojada,1016,2500,2584.0,6.3,False,False,False,5,True,11,307,Precaución
11.7,83,11.3,3197,lluvia_ligera,4.2,60,180,9.8,-5.6,15.8,2231,nublado,moderada,humeda,1009,2500,2704.0,7.1,False,False,False,6,False,8,212,Seguro
22.4,57,21.4,8639,nublado,1.4,201,90,20.0,-7.7,32.1,3352,nublado,leve,seca,1002,0,888.0,8.6,False,False,False,13,False,5,124,Precaución
11.0,80,23.7,6402,lluvia_ligera,3.9,313,0,17.3,16.2,33.2,2151,cubierto,moderada,humeda,1019,2000,2000.0,7.9,False,False,False,14,False,8,234,Precaución
16.2,78,27.8,6190,lluvia_ligera,7.9,357,180,1.5,-27.8,38.9,1862,cubierto,leve,mojada,1001,500,764.0,11.7,False,False,False,1,True,1,10,Precaución
16.8,79,15.1,5738,lluvia_ligera,3.3,222,270,11.2,10.1,18.1,1773,cubierto,leve,humeda,1019,2000,2696.0,13.6,False,False,False,12,False,10,290,Seguro
19.9,55,18.5,9779,despejado,0.0,172,180,2.6,18.3,24.1,13872,despejado,leve,seca,1013,2500,3688.0,7.0,False,False,False,16,False,1,19,Seguro
13.2,77,10.1,5628,lluvia_ligera,6.9,158,90,9.4,3.8,13.1,2303,nublado,leve,mojada,1014,1000,1024.0,8.7,False,False,False,21,True,12,349,Seguro
12.4,52,5.7,8811,nublado,1.8,192,180,1.2,5.6,7.4,1766,nublado,leve,seca,1006,500,308.0,1.7,False,False,False,17,False,8,221,Seguro
34.5,39,15.4,9790,despejado,0.0,189,315,12.5,-9.1,21.6,11641,despejado,ninguna,seca,1010,0,2340.0,25.7,False,False,False,22,True,6,171,Seguro
16.9,98,37.5,1044,lluvia_fuerte,14.5,215,180,21.5,30.7,45.0,718,cubierto,moderada,contaminada,1004,500,848.0,16.0,False,True,False,12,False,10,285,Peligro
4.1,79,15.7,1888,nieve,12.4,21,225,6.4,-14.3,18.8,1558,cubierto,leve,nevada,1009,500,-688.0,-0.8,False,False,False,11,False,8,238,Precaución
24.1,87,28.7,3873,granizo,14.7,250,90,9.8,-27.0,37.3,647,cubierto,severa,mojada,1019,0,1092.0,21.4,False,True,False,20,False,3,67,Peligro
33.5,28,3.5,9648,despejado,0.0,98,225,2.8,-2.1,4.2,6274,despejado,ninguna,seca,1025,500,2840.0,25.2,False,False,False,3,True,2,48,Seguro
24.0,32,10.3,8535,despejado,0.0,268,45,7.0,-7.5,14.4,12607,despejado,leve,seca,1011,2000,3560.0,18.2,False,False,False,17,False,3,66,Seguro
9.8,88,38.0,2871,tormenta,17.5,187,315,29.9,-23.4,53.2,791,cubierto,severa,mojada,1002,2500,2476.0,7.7,True,True,False,23,True,1,26,Peligro
20.2,25,12.9,8575,despejado,0.0,118,0,11.4,-6.1,14.2,5864,despejado,leve,seca,1024,2000,3104.0,10.2,False,False,False,0,True,1,26,Seguro
11.8,93,9.6,1792,niebla,1.5,65,45,3.3,9.0,13.4,562,cubierto,ninguna,humeda,1008,0,-384.0,11.0,False,False,False,4,True,12,352,Precaución
19.6,78,36.7,2019,granizo,17.5,47,0,26.8,25.0,51.4,1014,cubierto,severa,mojada,1008,1000,1792.0,15.5,False,True,True,17,False,2,57,Peligro
11.8,94,6.9,2276,niebla,1.5,219,270,5.4,4.3,9.7,562,cubierto,ninguna,humeda,1011,2500,2716.0,9.9,False,False,False,23,True,4,112,Precaución
15.2,49,12.9,8899,despejado,0.0,240,315,12.5,3.3,19.4,13321,despejado,leve,seca,1012,1000,1264.0,4.4,False,False,False,18,False,8,232,Seguro
25.1,58,9.2,6984,nublado,0.8,95,180,9.2,0.8,12.9,2965,nublado,leve,seca,1003,0,1212.0,11.0,False,False,False,11,False,5,137,Seguro
16.8,65,16.1,6614,nublado,1.4,217,0,9.7,-12.9,19.3,3692,dispersas,ninguna,seca,1013,500,836.0,5.6,False,False,False,13,False,6,167,Seguro
15.4,47,1.7,9694,despejado,0.0,257,180,1.7,0.4,2.0,7592,despejado,ninguna,seca,1015,1000,1288.0,9.3,False,False,False,4,True,6,164,Seguro
17.3,92,11.5,2125,niebla,0.4,351,180,1.8,-11.4,15.0,315,cubierto,ninguna,humeda,1012,1000,1516.0,17.1,False,False,False,12,False,3,78,Precaución
19.7,83,33.8,4943,granizo,22.7,308,180,26.6,-20.8,47.3,925,cubierto,severa,contaminada,1012,1000,1804.0,16.8,False,True,True,0,True,9,263,Peligro
9.7,95,11.0,1850,niebla,1.5,200,180,3.8,10.3,15.4,576,cubierto,ninguna,humeda,1017,0,-636.0,9.4,True,False,False,8,False,3,72,Precaución
17.0,48,2.2,8279,despejado,0.0,303,45,2.2,-0.5,2.6,8038,despejado,ninguna,seca,1015,500,860.0,11.8,False,False,False,4,True,6,153,Seguro
19.6,93,42.3,1415,lluvia_fuerte,12.0,168,45,35.5,-23.0,55.0,621,cubierto,severa,mojada,990,500,1172.0,19.1,False,False,False,0,True,12,359,Peligro
17.4,27,16.1,8067,despejado,0.0,351,270,15.9,2.5,24.2,10735,despejado,ninguna,seca,1026,500,908.0,8.8,False,False,False,5,True,3,76,Seguro
9.5,88,20.5,5529,lluvia_ligera,2.1,257,180,20.0,4.6,24.6,801,cubierto,leve,mojada,1000,500,-40.0,4.6,False,False,False,7,False,4,106,Precaución
17.5,75,28.6,4260,lluvia_ligera,2.8,65,90,12.1,25.9,37.2,1207,nublado,leve,humeda,1001,2000,2780.0,13.9,False,False,False,0,True,1,29,Precaución
3.6,95,18.4,3386,nieve,16.4,192,45,10.0,-15.4,25.8,1709,cubierto,leve,contaminada,1009,2500,1732.0,3.5,True,False,False,6,False,10,281,Peligro
28.6,26,10.0,8719,despejado,0.0,358,315,6.8,7.3,14.0,5508,despejado,leve,seca,1022,2500,4732.0,15.9,False,False,False,13,False,12,353,Seguro
14.0,99,2.5,2225,niebla,0.9,307,270,1.5,2.0,3.2,223,cubierto,ninguna,mojada,1009,0,-120.0,13.8,False,False,False,2,True,1,9,Precaución
6.3,97,4.5,2364,niebla,1.4,279,0,4.4,0.7,5.4,622,cubierto,ninguna,mojada,1005,2500,2056.0,4.7,True,False,False,8,False,7,193,Precaución
-0.6,81,18.8,3534,nieve,5.9,220,180,12.1,14.4,22.6,414,cubierto,moderada,contaminada,1009,2000,608.0,-4.6,False,False,False,2,True,12,334,Peligro
33.3,33,8.9,8212,despejado,0.0,51,90,5.6,6.9,12.5,12433,despejado,leve,seca,1028,1000,3436.0,22.9,False,False,False,23,True,10,287,Seguro
14.6,88,27.3,3250,lluvia_ligera,4.7,277,0,27.1,3.3,38.2,1839,nublado,leve,humeda,1002,500,572.0,12.0,False,False,False,10,False,4,117,Peligro
15.1,100,2.3,2375,niebla,0.0,238,90,1.2,-2.0,2.8,710,cubierto,ninguna,mojada,1001,2500,3112.0,13.2,False,False,False,7,False,4,103,Precaución
5.8,93,35.7,1504,lluvia_fuerte,10.3,212,270,30.3,18.9,39.3,391,cubierto,moderada,contaminada,987,0,-1104.0,5.3,True,True,False,12,False,3,76,Peligro
17.0,77,45.9,3811,granizo,11.2,176,225,34.6,30.1,68.8,1926,cubierto,severa,mojada,1018,500,860.0,13.3,False,True,True,12,False,9,268,Peligro
18.1,71,10.9,8305,nublado,1.8,188,225,6.6,8.7,14.2,2240,dispersas,leve,seca,1010,0,372.0,13.5,False,False,False,8,False,6,166,Seguro
5.6,95,0.7,1324,niebla,1.0,233,180,0.6,0.4,0.8,668,cubierto,ninguna,humeda,1012,1000,112.0,5.3,True,False,False,19,False,6,150,Precaución
24.4,86,33.8,3980,granizo,21.5,208,270,29.8,15.9,43.9,1329,cubierto,severa,contaminada,1015,500,1748.0,20.0,False,True,False,6,False,2,38,Peligro
23.8,36,2.0,9328,despejado,0.0,99,45,1.6,1.2,2.4,11267,despejado,leve,seca,1015,2500,4156.0,16.0,False,False,False,19,False,9,253,Seguro
20.4,60,20.7,7063,nublado,1.2,57,90,11.3,17.4,26.9,3286,nublado,leve,humeda,1020,2500,3748.0,8.3,False,False,False,5,True,5,124,Seguro
12.3,82,18.6,4606,lluvia_ligera,4.3,158,0,7.0,-17.2,24.2,1432,nublado,leve,humeda,1016,500,296.0,7.7,False,False,False,23,True,7,183,Seguro
-2.5,90,25.9,3840,nieve,18.8,95,135,16.6,19.8,36.3,754,cubierto,leve,contaminada,1019,0,-2100.0,-7.1,False,False,False,0,True,9,249,Peligro
11.6,96,5.7,1658,niebla,0.2,51,135,5.7,0.6,8.0,439,cubierto,ninguna,mojada,1003,2500,2692.0,10.5,False,False,False,6,False,7,209,Precaución
16.9,68,6.3,7368,nublado,0.1,76,45,3.2,5.4,7.6,3596,nublado,ninguna,seca,1001,2500,3328.0,10.7,False,False,False,19,False,12,344,Seguro
24.5,67,23.6,7338,nublado,1.6,333,180,10.7,-21.0,28.3,3717,dispersas,leve,humeda,1011,0,1140.0,14.3,False,False,False,7,False,8,214,Seguro
8.6,91,53.8,2227,tormenta,29.2,253,225,25.3,47.5,69.9,867,cubierto,severa,contaminada,992,500,-148.0,8.1,True,True,False,6,False,12,352,Peligro
17.4,58,12.5,8689,nublado,1.6,146,270,10.4,-7.0,16.2,3181,dispersas,ninguna,humeda,1005,500,908.0,12.3,False,False,False,13,False,12,351,Seguro
10.3,77,35.2,1686,granizo,27.6,108,225,31.4,-16.0,38.7,1110,cubierto,severa,contaminada,1001,1000,676.0,6.1,False,True,True,17,False,11,314,Peligro
14.1,73,44.9,2241,granizo,17.7,64,180,40.4,-19.7,53.9,1820,cubierto,severa,contaminada,1017,500,512.0,10.9,False,True,True,22,True,1,11,Peligro
25.6,29,5.8,8157,despejado,0.0,117,135,1.8,5.5,8.7,14435,despejado,leve,seca,1011,2000,3752.0,16.1,False,False,False,4,True,3,62,Seguro
21.9,85,28.8,4700,lluvia_ligera,2.4,246,225,10.3,26.9,40.3,916,nublado,leve,humeda,1008,1000,2068.0,17.3,False,False,False,11,False,7,196,Precaución
17.6,97,5.0,927,niebla,0.2,33,180,2.7,-4.2,6.0,318,cubierto,ninguna,mojada,1007,2000,2792.0,15.9,False,False,False,5,True,1,26,Precaución
16.3,34,16.1,8560,despejado,0.0,80,45,9.2,13.2,17.7,6775,despejado,leve,seca,1011,500,776.0,7.0,False,False,False,10,False,10,272,Seguro
21.3,82,26.7,6313,lluvia_ligera,3.9,133,180,19.5,18.2,34.7,969,cubierto,leve,humeda,1016,2000,3236.0,18.6,False,False,False,9,False,5,140,Precaución
20.3,56,15.1,7530,nublado,0.6,188,180,2.1,15.0,16.6,3119,nublado,leve,humeda,1011,2000,3116.0,14.0,False,False,False,19,False,3,87,Seguro
5.2,93,4.8,2153,niebla,1.8,169,90,4.7,0.9,6.2,769,cubierto,ninguna,humeda,1018,0,-1176.0,3.4,True,False,False,13,False,2,32,Precaución
14.8,95,1.2,977,niebla,1.6,3,45,0.8,0.9,1.4,582,cubierto,ninguna,humeda,1006,1000,1216.0,12.9,False,False,False,1,True,4,105,Precaución
12.3,79,11.3,4207,lluvia_ligera,2.1,220,135,11.3,1.0,15.8,883,nublado,leve,humeda,1000,0,-324.0,9.5,False,True,False,11,False,5,146,Peligro
17.0,95,4.2,1685,niebla,1.6,53,180,3.4,-2.5,6.3,324,cubierto,ninguna,mojada,1008,2000,2720.0,15.2,False,False,False,14,False,8,211,Precaución
18.0,38,17.1,9350,despejado,0.0,254,90,4.7,-16.4,20.5,7320,despejado,leve,seca,1023,1000,1600.0,10.9,False,False,False,2,True,4,100,Seguro
27.6,26,0.3,8073,despejado,0.0,356,225,0.2,-0.2,0.4,5794,despejado,ninguna,seca,1016,500,2132.0,21.7,False,False,False,5,True,4,96,Seguro
18.2,63,13.3,8812,nublado,1.8,349,90,13.1,-2.5,16.0,2020,nublado,leve,humeda,1009,0,384.0,9.1,False,False,False,20,False,9,258,Seguro
13.0,99,10.0,1791,niebla,0.8,61,180,8.7,-4.8,13.0,351,cubierto,ninguna,mojada,1010,0,-240.0,11.3,False,False,False,0,True,10,283,Precaución
20.2,83,29.2,3406,lluvia_ligera,7.7,30,45,7.6,28.2,32.1,2389,nublado,leve,humeda,1010,2000,3104.0,15.7,False,False,False,18,False,9,255,Precaución
25.7,41,8.6,8699,despejado,0.0,46,315,8.6,-0.2,9.5,14949,despejado,leve,seca,1025,2000,3764.0,11.4,False,False,False,21,True,9,257,Seguro
30.7,45,18.5,8656,despejado,0.0,182,225,12.6,13.5,25.9,10518,despejado,leve,seca,1013,1000,3124.0,23.0,False,False,False,2,True,5,143,Seguro
9.7,90,12.4,5184,lluvia_ligera,5.8,287,90,3.6,-11.9,16.1,963,nublado,moderada,mojada,1017,2000,1844.0,5.2,False,False,False,18,False,9,266,Precaución
27.3,74,18.6,7270,nublado,1.6,22,180,7.0,-17.2,22.3,3525,nublado,leve,humeda,1000,2500,4576.0,23.7,False,False,False,13,False,3,68,Seguro
6.8,95,45.2,1864,tormenta,18.1,114,45,42.2,16.2,49.7,994,cubierto,moderada,mojada,990,500,-364.0,5.4,True,True,False,14,False,7,184,Peligro
24.4,70,12.6,8590,nublado,1.3,42,180,8.4,-9.4,16.4,3004,dispersas,ninguna,seca,1016,500,1748.0,19.2,False,False,False,18,False,10,294,Seguro
17.2,81,20.1,3671,lluvia_ligera,4.5,65,180,18.2,-8.5,22.1,1888,nublado,moderada,mojada,1016,2000,2744.0,14.5,False,False,False,14,False,6,153,Precaución
24.9,58,21.1,6246,nublado,1.6,60,270,10.5,-18.3,29.5,3396,dispersas,ninguna,seca,1020,2500,4288.0,16.3,False,False,False,2,True,10,286,Seguro
3.8,85,19.6,3560,nieve,8.2,268,270,0.7,19.6,23.5,1297,cubierto,moderada,nevada,1018,500,-724.0,-0.8,False,False,False,17,False,8,225,Precaución
8.2,99,3.4,1725,niebla,1.9,265,180,3.4,0.3,4.1,608,cubierto,ninguna,humeda,1014,2500,2284.0,8.1,True,False,False,22,True,1,14,Precaución
12.4,96,2.0,1775,niebla,0.5,53,0,1.6,1.2,2.8,687,cubierto,ninguna,humeda,1013,500,308.0,10.6,False,False,False,12,False,6,173,Precaución
27.9,50,8.2,9754,despejado,0.0,248,135,7.5,-3.2,9.8,14447,despejado,ninguna,seca,1014,1000,2788.0,13.9,False,False,False,17,False,8,223,Seguro
11.3,75,17.5,4796,lluvia_ligera,5.1,342,180,5.4,-16.6,24.5,1235,nublado,leve,humeda,1012,2500,2656.0,7.6,False,False,False,19,False,8,229,Precaución
12.6,72,18.1,5171,lluvia_ligera,5.3,32,270,15.3,-9.6,19.9,861,cubierto,moderada,mojada,1006,500,332.0,7.8,False,False,False,16,False,8,225,Precaución
22.9,47,12.3,9072,despejado,0.0,288,315,5.6,11.0,17.2,6053,despejado,ninguna,seca,1015,2000,3428.0,12.6,False,False,False,13,False,7,192,Seguro
22.7,46,9.4,9857,despejado,0.0,11,315,7.8,5.3,12.2,9190,despejado,ninguna,seca,1021,500,1544.0,8.2,False,False,False,0,True,1,9,Seguro
10.6,100,7.9,1947,niebla,0.0,176,225,6.0,5.2,8.7,139,cubierto,ninguna,mojada,1016,1000,712.0,9.1,False,False,False,10,False,10,287,Precaución
18.9,58,14.1,8845,nublado,0.7,228,135,14.1,-0.7,18.3,1853,nublado,ninguna,seca,1006,500,1088.0,7.7,False,False,False,16,False,10,280,Seguro
15.4,86,12.5,6281,lluvia_ligera,2.7,281,0,12.3,2.4,18.8,806,nublado,moderada,mojada,1016,1000,1288.0,12.3,False,False,False,8,False,4,110,Precaución
14.1,93,39.2,2899,tormenta,32.1,177,45,29.1,-26.2,51.0,634,cubierto,severa,contaminada,995,1000,1132.0,13.6,False,True,True,14,False,12,344,Peligro
10.9,96,33.9,2724,tormenta,17.9,194,90,32.9,-8.2,50.8,418,cubierto,severa,mojada,991,2000,1988.0,8.9,False,True,False,6,False,1,28,Peligro
15.4,41,16.9,8872,despejado,0.0,267,180,16.9,0.9,25.3,5818,despejado,leve,seca,1019,1000,1288.0,1.8,False,False,False,13,False,11,328,Seguro
15.9,35,16.5,9240,despejado,0.0,321,225,16.4,-1.7,21.4,10463,despejado,ninguna,seca,1011,2500,3208.0,7.5,False,False,False,12,False,3,89,Seguro
20.3,56,20.4,7720,nublado,1.8,209,225,5.6,19.6,22.4,3673,dispersas,leve,seca,1006,2000,3116.0,5.8,False,False,False,21,True,9,244,Seguro
34.9,43,18.4,8512,despejado,0.0,153,135,5.7,17.5,25.8,13567,despejado,leve,seca,1013,1000,3628.0,23.8,False,False,False,3,True,7,206,Seguro
8.2,99,40.8,2181,tormenta,32.3,156,135,14.6,38.1,57.1,232,cubierto,severa,mojada,991,0,-816.0,7.0,True,True,False,17,False,5,138,Peligro
10.5,96,3.5,1464,niebla,0.0,181,90,3.5,-0.1,3.9,249,cubierto,ninguna,mojada,1008,1000,700.0,8.6,False,False,False,20,False,8,239,Precaución
15.9,100,10.8,1007,niebla,0.7,108,270,3.3,-10.3,14.0,727,cubierto,ninguna,mojada,1001,500,728.0,15.5,False,False,False,5,True,6,154,Precaución
17.5,47,12.2,8610,despejado,0.0,352,90,12.1,-1.7,17.1,7871,despejado,ninguna,seca,1027,1000,1540.0,6.6,False,False,False,0,True,4,98,Seguro
18.4,74,21.6,6089,nublado,1.8,74,45,10.5,18.9,23.8,2975,nublado,leve,humeda,1003,2000,2888.0,15.4,False,False,False,1,True,4,99,Seguro
-4.0,88,11.1,3739,nieve,14.1,127,180,8.9,6.7,14.4,1148,cubierto,moderada,nevada,1020,2000,200.0,-6.6,False,False,False,4,True,1,9,Peligro
10.8,77,16.6,5949,lluvia_ligera,2.0,60,270,8.3,-14.4,19.9,2458,nublado,leve,humeda,1020,1000,736.0,7.1,False,False,False,11,False,4,100,Seguro
12.7,94,44.2,1611,lluvia_fuerte,24.4,35,315,43.5,7.7,53.0,1100,cubierto,moderada,mojada,990,500,344.0,11.8,False,False,False,11,False,11,327,Peligro
28.8,35,18.7,9859,despejado,0.0,31,180,9.6,-16.0,24.3,8221,despejado,leve,seca,1017,2000,4136.0,21.5,False,False,False,23,True,11,313,Seguro
33.7,44,17.4,8472,despejado,0.0,44,225,0.3,-17.4,22.6,14173,despejado,leve,seca,1022,1000,3484.0,27.5,False,False,False,16,False,1,1,Seguro
11.2,97,10.7,855,niebla,0.4,231,315,10.6,1.1,15.0,765,cubierto,ninguna,humeda,1001,0,-456.0,10.7,False,False,False,6,False,6,174,Precaución
19.0,71,28.7,3699,lluvia_ligera,3.9,270,45,20.3,-20.3,40.2,1793,nublado,leve,humeda,1013,2500,3580.0,14.3,False,False,False,21,True,11,301,Precaución
5.6,96,11.4,806,niebla,1.4,145,180,6.5,9.3,12.5,758,cubierto,ninguna,humeda,1011,500,-508.0,4.7,True,False,False,19,False,10,271,Precaución
10.8,80,18.1,5746,lluvia_ligera,5.9,270,135,12.8,-12.8,25.3,1382,nublado,leve,humeda,1008,1000,736.0,6.2,False,False,False,5,True,12,345,Precaución
-4.1,75,20.5,3028,nieve,19.9,279,90,3.2,-20.2,28.7,1943,cubierto,moderada,nevada,1003,2500,808.0,-9.0,False,False,False,5,True,11,305,Peligro
19.7,63,17.7,6076,nublado,0.5,155,225,16.6,6.1,23.0,3900,dispersas,ninguna,seca,1020,2500,3664.0,12.7,False,False,False,4,True,7,192,Seguro
12.8,98,7.0,922,niebla,1.7,2,225,4.8,-5.1,9.1,401,cubierto,ninguna,humeda,1007,1000,976.0,12.6,False,False,False,21,True,8,235,Precaución
8.3,85,18.4,4452,lluvia_ligera,2.5,241,0,16.1,-8.9,25.8,2022,cubierto,leve,humeda,1006,0,-804.0,4.4,False,False,False,1,True,1,17,Precaución
10.7,94,8.8,1935,niebla,0.9,254,45,4.3,-7.7,12.3,403,cubierto,ninguna,mojada,1003,2500,2584.0,9.6,False,False,False,10,False,1,16,Precaución
13.8,88,27.1,5952,lluvia_ligera,3.3,140,270,20.8,-17.4,32.5,1609,cubierto,leve,mojada,1009,2000,2336.0,11.6,False,False,False,3,True,3,74,Precaución
20.1,74,14.3,6232,nublado,1.4,137,90,10.5,9.8,17.2,2904,dispersas,leve,humeda,1008,0,612.0,16.4,False,False,False,18,False,11,300,Seguro
29.1,43,1.5,8015,despejado,0.0,56,315,1.5,-0.3,2.1,9464,despejado,leve,seca,1015,500,2312.0,23.4,False,False,False,19,False,1,15,Seguro
10.7,82,11.7,5297,lluvia_ligera,2.8,288,90,3.6,-11.1,15.2,2275,nublado,leve,mojada,1005,2500,2584.0,5.8,False,False,False,5,True,2,43,Seguro
13.8,91,51.8,1914,tormenta,31.8,291,315,21.1,47.3,77.7,722,cubierto,moderada,mojada,987,2500,2956.0,13.1,False,True,True,22,True,7,205,Peligro
16.7,88,18.6,6133,lluvia_ligera,2.1,310,180,14.2,-12.0,20.5,1381,cubierto,leve,mojada,1006,500,824.0,11.7,False,False,False,18,False,5,149,Precaución
19.5,74,19.7,4876,lluvia_ligera,6.4,122,180,16.7,10.4,25.6,1222,nublado,moderada,humeda,1001,2500,3640.0,15.2,False,False,False,11,False,6,177,Precaución
16.3,38,16.9,8178,despejado,0.0,332,225,16.2,-4.9,20.3,12396,despejado,ninguna,seca,1013,1000,1396.0,8.2,False,False,False,6,False,5,126,Seguro
20.7,27,12.0,8934,despejado,0.0,191,135,9.9,6.7,16.8,12741,despejado,ninguna,seca,1027,500,1304.0,12.5,False,False,False,20,False,6,178,Seguro
27.1,50,10.3,8216,nublado,1.6,77,180,10.0,-2.3,14.4,1773,nublado,leve,seca,1006,0,1452.0,17.9,False,False,False,0,True,9,257,Seguro
0.7,94,13.4,1079,nieve,13.3,24,270,12.2,-5.5,17.4,588,cubierto,moderada,contaminada,1019,0,-1716.0,-0.8,True,False,False,8,False,1,12,Peligro
18.3,70,16.1,5223,lluvia_ligera,4.9,106,0,15.5,-4.4,22.5,884,cubierto,leve,mojada,1018,2500,3496.0,3.4,False,False,False,13,False,7,182,Precaución
19.5,76,37.4,4384,granizo,29.3,107,0,35.8,-10.9,52.4,620,cubierto,severa,contaminada,1001,500,1160.0,14.9,False,True,True,23,True,7,201,Peligro
6.3,96,9.3,1461,niebla,0.1,188,0,1.3,-9.2,12.1,729,cubierto,ninguna,humeda,1017,500,-424.0,5.7,True,False,False,4,True,7,194,Precaución
9.4,89,24.5,3700,lluvia_ligera,2.4,289,180,23.2,-8.0,31.9,1874,nublado,moderada,mojada,1003,2500,2428.0,6.1,False,False,False,17,False,7,191,Peligro
15.8,61,14.3,8383,nublado,1.6,315,45,14.3,0.0,15.7,2640,nublado,ninguna,seca,1003,0,96.0,1.2,False,False,False,2,True,5,137,Seguro
18.3,48,10.6,9101,despejado,0.0,109,315,4.6,-9.5,13.8,14120,despejado,ninguna,seca,1025,0,396.0,5.6,False,False,False,14,False,9,244,Seguro
12.5,53,10.9,7894,nublado,1.7,295,0,9.9,4.6,16.4,3827,dispersas,leve,seca,1010,2500,2800.0,5.0,False,False,False,17,False,12,364,Seguro
15.2,85,23.8,4978,lluvia_ligera,3.2,143,90,19.0,14.3,30.9,1662,cubierto,moderada,humeda,1009,0,24.0,12.3,False,False,False,18,False,2,44,Precaución
24.2,88,32.5,3237,granizo,23.8,196,315,28.4,-15.8,35.8,1435,cubierto,severa,contaminada,1012,2500,4204.0,21.1,False,True,True,9,False,12,359,Peligro
9.8,100,4.1,2471,niebla,1.1,168,270,4.0,-0.9,5.7,748,cubierto,ninguna,mojada,1011,2000,1856.0,9.7,True,False,False,1,True,6,178,Precaución
15.6,70,24.5,3604,lluvia_ligera,7.3,41,0,16.1,18.5,36.8,2304,cubierto,leve,humeda,1005,0,72.0,0.7,False,False,False,10,False,5,127,Precaución
24.3,67,15.0,7494,nublado,1.1,355,270,14.9,1.3,21.0,3818,nublado,ninguna,seca,1004,2000,3596.0,14.0,False,False,False,19,False,11,303,Seguro
13.9,97,5.2,1892,niebla,1.4,233,270,3.1,4.2,6.8,120,cubierto,ninguna,mojada,1005,1000,1108.0,13.5,False,False,False,0,True,11,316,Precaución
10.5,97,5.9,1407,niebla,0.7,157,135,2.2,5.5,8.9,129,cubierto,ninguna,mojada,1006,2500,2560.0,8.9,False,False,False,0,True,8,218,Peligro
21.7,46,9.5,9625,despejado,0.0,60,0,8.2,4.8,13.3,14498,despejado,leve,seca,1011,2000,3284.0,10.7,False,False,False,15,False,12,355,Seguro
16.9,87,24.2,4463,lluvia_ligera,4.1,125,45,23.8,4.2,31.5,2170,cubierto,leve,humeda,1014,500,848.0,14.8,False,False,False,17,False,1,4,Precaución
32.8,39,7.2,9778,despejado,0.0,176,135,4.7,5.4,10.1,9682,despejado,leve,seca,1024,2500,5236.0,24.1,False,False,False,9,False,7,188,Seguro
25.0,67,23.7,8828,nublado,1.1,20,45,10.0,21.5,35.5,3762,nublado,ninguna,humeda,1013,0,1200.0,13.4,False,False,False,8,False,1,27,Seguro
15.2,54,13.5,8328,despejado,0.0,89,270,0.2,-13.5,16.2,8059,despejado,ninguna,seca,1024,2000,2504.0,0.6,False,False,False,15,False,12,356,Seguro
17.0,83,28.0,2967,granizo,29.3,135,180,19.8,19.8,30.8,925,cubierto,severa,contaminada,1009,2500,3340.0,14.9,False,True,False,10,False,3,76,Peligro
27.3,67,17.1,8632,nublado,1.8,106,225,15.0,-8.3,18.8,3177,nublado,ninguna,seca,1002,2000,3956.0,18.4,False,False,False,7,False,4,96,Seguro
33.5,37,6.2,9617,despejado,0.0,170,225,5.1,3.6,8.7,10042,despejado,ninguna,seca,1030,2500,5320.0,19.0,False,False,False,21,True,4,116,Seguro
7.2,99,5.3,1277,niebla,1.1,246,0,4.8,-2.2,7.4,683,cubierto,ninguna,mojada,1018,1000,304.0,7.0,True,False,False,20,False,7,198,Precaución
16.1,96,3.2,1687,niebla,0.5,92,225,2.3,-2.2,3.8,730,cubierto,ninguna,mojada,1010,2500,3232.0,14.5,False,False,False,2,True,11,305,Precaución
33.4,41,19.4,8909,despejado,0.0,138,90,14.4,13.0,23.3,10236,despejado,leve,seca,1029,500,2828.0,26.0,False,False,False,0,True,4,108,Seguro
18.7,56,22.0,7065,nublado,0.7,9,135,17.8,-12.9,26.4,2722,dispersas,leve,seca,1019,0,444.0,13.0,False,False,False,17,False,5,120,Precaución
15.1,44,6.1,8777,despejado,0.0,342,90,5.8,-1.9,7.3,11649,despejado,leve,seca,1020,2000,2492.0,9.2,False,False,False,17,False,10,270,Seguro
33.8,46,6.9,9568,despejado,0.0,203,270,6.4,2.7,9.0,5378,despejado,leve,seca,1020,2500,5356.0,25.1,False,False,False,18,False,9,251,Seguro
24.6,65,9.0,6818,nublado,1.6,151,270,7.9,-4.4,9.9,3642,dispersas,leve,humeda,1015,500,1772.0,12.7,False,False,False,15,False,6,170,Seguro
20.0,34,0.0,9968,despejado,0.0,307,0,0.0,0.0,0.0,10972,despejado,leve,seca,1026,0,600.0,10.2,False,False,False,0,True,9,250,Seguro
17.9,94,10.6,1025,niebla,0.4,208,225,3.1,10.1,15.9,690,cubierto,ninguna,humeda,1014,0,348.0,16.3,False,False,False,17,False,6,162,Precaución
15.7,51,9.2,7439,nublado,1.4,277,90,1.1,-9.1,12.0,3880,nublado,leve,humeda,1016,1000,1324.0,9.7,False,False,False,16,False,8,215,Seguro
26.5,54,1.8,9018,despejado,0.0,72,135,1.6,0.8,2.3,8439,despejado,ninguna,seca,1019,500,2000.0,14.7,False,False,False,6,False,3,80,Seguro
16.4,81,13.0,5020,lluvia_ligera,5.7,209,180,6.3,11.4,18.2,907,cubierto,moderada,mojada,1004,1000,1408.0,12.8,False,False,False,0,True,8,230,Precaución
5.2,95,10.2,2142,niebla,1.9,77,180,9.9,-2.3,11.2,493,cubierto,ninguna,mojada,1010,2000,1304.0,4.3,True,False,False,23,True,9,268,Precaución
10.5,92,3.6,1439,niebla,0.4,192,45,2.0,-3.0,4.7,370,cubierto,ninguna,mojada,1007,2000,1940.0,9.4,False,False,False,15,False,5,146,Precaución
16.4,94,11.5,1235,niebla,0.7,351,135,6.8,-9.3,13.8,349,cubierto,ninguna,mojada,1011,2000,2648.0,16.3,False,False,False,1,True,7,209,Precaución
16.2,25,2.7,8378,despejado,0.0,275,270,0.2,2.7,3.2,12651,despejado,ninguna,seca,1029,0,144.0,5.4,False,False,False,9,False,5,136,Seguro
26.0,41,19.8,9697,despejado,0.0,14,270,19.2,-4.8,25.7,5122,despejado,ninguna,seca,1015,2000,3800.0,13.8,False,False,False,19,False,10,289,Seguro
17.4,96,4.0,548,niebla,1.3,302,90,2.1,-3.4,5.2,450,cubierto,ninguna,mojada,1001,2500,3388.0,16.2,False,False,False,17,False,4,107,Peligro
14.1,62,11.4,7024,nublado,1.8,84,180,11.3,-1.2,16.0,2306,nublado,ninguna,humeda,1003,1000,1132.0,7.7,False,False,False,17,False,8,231,Seguro
6.4,93,4.2,2285,niebla,0.3,11,270,4.1,-0.8,5.9,315,cubierto,ninguna,humeda,1005,2500,2068.0,4.9,True,False,False,21,True,1,13,Precaución
30.3,32,17.2,8191,despejado,0.0,82,315,13.7,-10.4,22.4,13175,despejado,ninguna,seca,1022,500,2456.0,20.1,False,False,False,11,False,5,144,Seguro
24.9,49,4.7,8717,despejado,0.0,276,270,0.5,4.7,6.6,14939,despejado,leve,seca,1014,1000,2428.0,16.3,False,False,False,9,False,10,278,Seguro
23.8,57,24.0,6604,nublado,1.7,156,315,8.6,-22.4,31.2,2678,dispersas,leve,seca,1010,500,1676.0,11.4,False,False,False,6,False,4,105,Seguro
23.4,57,11.7,6662,nublado,1.2,210,270,10.1,5.9,15.2,3059,dispersas,leve,humeda,1016,1000,2248.0,14.3,False,False,False,15,False,7,193,Seguro
10.6,83,29.9,5968,lluvia_ligera,6.7,38,225,3.6,-29.7,44.8,1062,cubierto,leve,mojada,1016,0,-528.0,5.7,False,False,False,12,False,6,153,Precaución
13.7,97,2.2,1805,niebla,1.1,103,90,0.5,2.1,2.6,162,cubierto,ninguna,humeda,1009,500,464.0,11.9,False,False,False,20,False,2,42,Precaución
10.0,94,3.2,1716,niebla,1.2,100,180,3.2,0.6,4.2,358,cubierto,ninguna,humeda,1017,500,20.0,9.1,True,False,False,23,True,1,20,Precaución
25.8,51,17.0,8444,nublado,1.9,207,315,16.2,-5.3,23.8,3929,nublado,leve,humeda,1004,500,1916.0,12.5,False,False,False,22,True,1,18,Seguro
22.9,54,14.3,6445,nublado,1.9,202,45,5.6,-13.2,21.5,1965,nublado,ninguna,seca,1008,2000,3428.0,8.3,False,False,False,10,False,8,216,Seguro
26.6,50,6.2,8503,despejado,0.0,326,225,6.1,-1.2,7.4,7452,despejado,leve,seca,1018,1000,2632.0,17.6,False,False,False,10,False,1,19,Seguro
20.0,65,21.0,8068,nublado,1.5,71,0,19.9,6.8,27.3,2972,dispersas,leve,humeda,1014,2500,3700.0,12.3,False,False,False,16,False,12,332,Precaución
17.3,98,6.6,2363,niebla,0.6,269,0,6.6,-0.1,7.9,463,cubierto,ninguna,humeda,1000,500,896.0,16.4,False,False,False,11,False,5,135,Precaución
17.7,52,5.9,8907,nublado,0.5,149,135,1.4,5.7,7.1,2417,dispersas,leve,seca,1001,0,324.0,11.0,False,False,False,19,False,1,24,Seguro
34.6,54,6.8,9498,despejado,0.0,329,45,6.6,1.6,8.8,6304,despejado,ninguna,seca,1014,2500,5452.0,26.3,False,False,False,15,False,1,14,Seguro
21.8,50,16.9,6776,nublado,1.0,160,0,5.8,-15.9,20.3,3871,nublado,ninguna,humeda,1010,2500,3916.0,12.0,False,False,False,17,False,9,268,Seguro
16.6,93,8.5,2416,niebla,0.5,160,0,2.9,-8.0,10.2,783,cubierto,ninguna,humeda,1014,500,812.0,16.3,False,False,False,20,False,10,272,Precaución
27.1,31,5.7,9586,despejado,0.0,114,225,5.3,-2.0,6.8,10980,despejado,ninguna,seca,1017,0,1452.0,18.9,False,False,False,22,True,7,189,Seguro
12.2,70,14.5,8833,nublado,0.8,353,225,11.4,-8.9,20.3,3965,nublado,leve,humeda,1002,500,284.0,5.8,False,False,False,6,False,2,58,Seguro
21.6,39,8.6,9672,despejado,0.0,137,45,8.6,-0.3,10.3,10366,despejado,ninguna,seca,1019,2000,3272.0,11.9,False,False,False,17,False,10,271,Seguro
22.7,35,3.7,8716,despejado,0.0,296,0,3.3,1.6,5.2,8554,despejado,ninguna,seca,1018,1000,2164.0,9.3,False,False,False,21,True,10,276,Seguro
16.6,92,0.9,1794,niebla,1.4,223,225,0.0,0.9,1.1,355,cubierto,ninguna,mojada,1018,2500,3292.0,16.4,False,False,False,16,False,8,220,Precaución
13.0,94,8.3,899,niebla,1.4,76,135,7.1,4.3,11.6,730,cubierto,ninguna,mojada,1014,1000,1000.0,11.6,False,False,False,21,True,7,202,Precaución
31.6,25,8.2,9075,despejado,0.0,179,0,0.1,-8.2,11.5,6702,despejado,leve,seca,1018,500,2612.0,26.3,False,False,False,19,False,2,48,Seguro
6.3,95,7.4,2359,niebla,0.3,320,180,4.8,-5.7,9.6,673,cubierto,ninguna,humeda,1005,2000,1436.0,4.7,True,False,False,17,False,11,306,Precaución
18.0,89,46.5,1775,granizo,20.9,297,315,14.4,44.2,69.8,1268,cubierto,severa,mojada,1016,1000,1600.0,15.0,False,True,False,9,False,1,28,Peligro
9.1,75,22.4,5392,lluvia_ligera,5.8,285,45,19.4,-11.2,31.4,1429,cubierto,leve,humeda,1019,0,-708.0,6.7,True,False,False,19,False,7,208,Precaución
26.1,67,23.9,7586,nublado,0.0,81,315,19.3,-14.0,31.1,3049,nublado,leve,seca,1009,500,1952.0,17.4,False,False,False,17,False,12,345,Precaución
13.6,53,6.8,6232,nublado,1.8,273,45,5.1,-4.6,8.8,3622,nublado,leve,seca,1013,2500,2932.0,2.5,False,False,False,21,True,6,165,Seguro
21.7,46,16.1,9591,despejado,0.0,80,315,13.2,-9.2,24.2,8282,despejado,leve,seca,1023,2000,3284.0,12.3,False,False,False,4,True,2,41,Seguro
9.0,88,29.6,1158,lluvia_fuerte,22.9,116,0,26.6,-13.0,32.6,755,cubierto,moderada,contaminada,986,2000,1760.0,6.0,False,False,False,2,True,5,143,Peligro
12.4,50,6.9,7046,nublado,0.4,202,270,6.4,2.6,8.3,3170,nublado,leve,seca,1010,2000,2168.0,4.2,False,False,False,10,False,2,56,Seguro
8.2,97,7.9,1365,niebla,0.7,102,270,1.6,-7.7,11.9,450,cubierto,ninguna,humeda,1013,0,-816.0,6.9,True,False,False,21,True,1,7,Peligro
14.6,100,8.7,1871,niebla,0.4,212,45,2.0,-8.5,12.2,653,cubierto,ninguna,mojada,1007,500,572.0,12.9,False,False,False,22,True,7,187,Precaución
29.4,36,10.2,9790,despejado,0.0,266,270,0.7,10.2,12.2,8583,despejado,leve,seca,1012,2000,4208.0,16.7,False,False,False,20,False,3,76,Seguro
6.9,97,10.8,1732,niebla,0.6,23,0,4.2,9.9,13.0,535,cubierto,ninguna,mojada,1003,1000,268.0,6.8,True,False,False,22,True,11,321,Precaución
19.1,53,17.0,7370,nublado,1.5,283,225,14.4,9.0,22.1,3310,dispersas,ninguna,seca,1005,2000,2972.0,11.6,False,False,False,19,False,5,134,Seguro
15.0,27,3.3,8424,despejado,0.0,62,225,1.0,-3.2,4.3,8592,despejado,ninguna,seca,1022,1000,1240.0,0.2,False,False,False,20,False,7,200,Seguro
20.6,71,29.6,5921,lluvia_ligera,6.8,155,135,10.1,27.8,44.4,1864,cubierto,leve,mojada,1000,1000,1912.0,15.9,False,False,False,19,False,3,76,Precaución
8.9,70,13.1,4384,lluvia_ligera,2.6,277,270,1.6,13.0,14.4,1091,nublado,leve,humeda,1018,500,-112.0,1.2,False,False,False,12,False,10,273,Seguro
17.4,86,11.9,5746,lluvia_ligera,4.5,248,0,11.0,-4.5,14.3,1541,nublado,leve,mojada,1004,500,908.0,15.2,False,False,False,3,True,9,260,Seguro
24.0,70,28.6,4973,granizo,26.7,218,90,22.5,-17.6,37.2,912,cubierto,severa,contaminada,1007,1000,2320.0,10.8,False,True,False,1,True,2,33,Peligro
24.6,58,20.3,6840,nublado,1.6,186,225,12.8,15.8,24.4,1557,dispersas,leve,humeda,1006,500,1772.0,17.0,False,False,False,15,False,9,269,Seguro
8.4,97,6.7,2408,niebla,1.6,210,180,3.4,5.8,8.0,452,cubierto,ninguna,humeda,1019,500,-172.0,7.2,True,False,False,20,False,12,333,Precaución
15.3,87,15.7,3380,lluvia_ligera,5.1,276,45,12.2,-9.9,18.8,1439,cubierto,moderada,humeda,1009,2000,2516.0,10.3,False,True,False,3,True,2,31,Peligro
0.3,78,27.0,1990,nieve,10.6,242,135,25.8,-7.9,32.4,1616,cubierto,moderada,nevada,1008,0,-1764.0,-2.6,True,False,False,12,False,1,26,Peligro
21.9,73,10.6,7397,nublado,1.2,105,180,10.2,2.7,15.9,3218,dispersas,ninguna,humeda,1002,500,1448.0,18.8,False,False,False,11,False,9,257,Seguro
15.2,88,29.3,6896,lluvia_ligera,5.4,1,225,20.4,-21.1,44.0,2113,cubierto,moderada,mojada,1003,2500,3124.0,10.5,False,True,False,12,False,2,57,Peligro
31.5,50,12.1,9267,despejado,0.0,335,315,4.1,11.4,18.1,9990,despejado,ninguna,seca,1021,0,1980.0,18.3,False,False,False,14,False,6,170,Seguro
16.9,100,6.4,1347,niebla,0.2,99,270,1.0,-6.3,7.7,504,cubierto,ninguna,mojada,1018,0,228.0,16.1,False,False,False,4,True,9,259,Precaución
16.5,61,12.1,6291,nublado,0.4,226,270,8.4,8.7,18.1,3387,nublado,leve,humeda,1018,2000,2660.0,11.1,False,False,False,9,False,7,206,Seguro
24.4,74,18.2,8710,nublado,0.6,301,135,4.4,-17.7,25.5,2843,dispersas,ninguna,seca,1005,1000,2368.0,21.6,False,False,False,10,False,7,202,Seguro
19.5,30,19.5,9332,despejado,0.0,15,180,5.0,-18.8,23.4,9082,despejado,leve,seca,1010,2500,3640.0,11.0,False,False,False,20,False,2,32,Seguro
33.3,36,2.6,9278,despejado,0.0,328,225,2.5,-0.6,3.6,6360,despejado,ninguna,seca,1014,2000,4676.0,27.2,False,False,False,3,True,9,247,Seguro
28.0,59,6.5,7275,nublado,0.7,128,135,0.8,6.5,8.5,2157,dispersas,leve,seca,1000,2500,4660.0,16.3,False,False,False,20,False,10,291,Seguro
10.1,86,26.0,1376,lluvia_fuerte,18.8,127,90,15.6,20.8,28.6,765,cubierto,moderada,mojada,984,2000,1892.0,7.6,False,False,True,1,True,6,161,Peligro
21.2,74,22.4,6781,nublado,1.8,104,45,19.2,11.5,26.9,3439,nublado,leve,seca,1006,2500,3844.0,18.1,False,False,False,12,False,7,195,Precaución
17.3,74,19.2,6844,lluvia_ligera,7.2,349,135,10.7,-15.9,26.9,2152,nublado,moderada,humeda,1020,1000,1516.0,12.6,False,False,False,3,True,2,57,Precaución
31.0,29,17.8,9693,despejado,0.0,100,0,17.5,-3.1,19.6,12905,despejado,ninguna,seca,1011,500,2540.0,18.5,False,False,False,15,False,9,258,Seguro
25.9,71,9.8,8343,nublado,2.0,307,90,5.9,-7.8,11.8,1853,dispersas,ninguna,seca,1012,0,1308.0,21.2,False,False,False,13,False,10,293,Seguro
22.2,29,15.0,8087,despejado,0.0,294,135,5.4,-14.0,19.5,13876,despejado,ninguna,seca,1011,2500,3964.0,11.5,False,False,False,0,True,6,150,Seguro
16.1,46,11.9,9321,despejado,0.0,184,315,9.0,-7.8,14.3,8829,despejado,leve,seca,1023,1000,1372.0,9.4,False,False,False,7,False,3,82,Seguro
30.0,50,7.7,8098,despejado,0.0,7,270,7.6,-0.9,10.8,8242,despejado,ninguna,seca,1017,500,2420.0,21.0,False,False,False,0,True,10,293,Seguro
21.7,46,19.5,9616,despejado,0.0,297,180,17.4,-8.9,27.3,9362,despejado,ninguna,seca,1019,1000,2044.0,7.3,False,False,False,19,False,4,90,Seguro
25.8,61,14.7,8841,nublado,0.1,136,45,14.7,-0.3,20.6,3317,nublado,ninguna,humeda,1014,2500,4396.0,17.5,False,False,False,17,False,10,294,Seguro
30.3,38,5.2,8442,despejado,0.0,356,270,5.2,0.4,7.3,14593,despejado,leve,seca,1016,2500,4936.0,15.7,False,False,False,5,True,9,246,Seguro
34.9,55,6.2,8525,despejado,0.0,356,135,4.1,-4.7,8.7,12950,despejado,ninguna,seca,1030,500,3008.0,26.6,False,False,False,1,True,6,171,Seguro
12.4,63,15.9,7885,nublado,1.8,33,45,3.3,15.6,20.7,1638,dispersas,ninguna,seca,1009,2000,2168.0,6.0,False,False,False,11,False,1,17,Seguro
5.1,85,29.2,2154,lluvia_fuerte,24.1,151,180,14.2,25.5,40.9,1469,cubierto,moderada,contaminada,983,2000,1292.0,0.4,False,False,False,15,False,5,135,Peligro
8.9,85,11.1,4332,lluvia_ligera,5.5,343,315,5.2,9.8,14.4,1401,cubierto,leve,mojada,1014,2500,2368.0,6.3,True,False,False,16,False,10,298,Precaución
10.2,89,21.3,6964,lluvia_ligera,6.4,75,90,5.5,20.6,27.7,1032,cubierto,leve,humeda,1006,1000,664.0,6.9,False,False,False,17,False,12,333,Precaución
15.4,54,8.3,6263,nublado,0.3,344,270,8.0,2.3,10.8,3831,nublado,leve,seca,1000,500,668.0,8.9,False,False,False,6,False,8,216,Seguro
17.0,70,11.0,8679,nublado,1.2,161,225,9.9,4.8,13.2,1971,nublado,leve,humeda,1008,500,860.0,6.5,False,False,False,0,True,10,295,Seguro
28.4,25,6.7,9353,despejado,0.0,184,315,5.1,-4.4,10.1,9128,despejado,leve,seca,1024,1000,2848.0,17.0,False,False,False,23,True,8,227,Seguro
31.8,40,3.7,9074,despejado,0.0,351,135,2.2,-3.0,4.8,10325,despejado,ninguna,seca,1020,1000,3256.0,23.2,False,False,False,3,True,4,109,Seguro
22.5,53,17.0,8133,despejado,0.0,226,90,11.8,-12.2,20.4,7089,despejado,ninguna,seca,1030,2000,3380.0,16.8,False,False,False,21,True,1,29,Seguro
20.5,71,22.3,4791,lluvia_ligera,4.9,170,0,3.9,-22.0,29.0,1347,cubierto,moderada,humeda,1009,2500,3760.0,16.8,False,False,True,3,True,11,307,Peligro
15.5,95,8.9,1973,niebla,1.9,245,0,8.1,-3.8,11.6,377,cubierto,ninguna,mojada,1018,2000,2540.0,14.6,False,False,False,10,False,8,232,Precaución
21.8,83,18.4,4895,lluvia_ligera,2.7,251,180,17.4,6.0,22.1,1770,nublado,moderada,humeda,1000,500,1436.0,17.9,False,False,False,15,False,2,37,Precaución
13.1,94,6.9,2053,niebla,1.4,305,225,6.8,1.2,9.7,709,cubierto,ninguna,humeda,1019,0,-228.0,11.9,False,False,False,2,True,5,121,Precaución
34.3,29,1.9,9996,despejado,0.0,61,45,0.5,1.8,2.3,12494,despejado,ninguna,seca,1021,1000,3556.0,24.8,False,False,False,17,False,2,43,Seguro
17.0,92,35.2,2562,lluvia_fuerte,17.8,98,90,4.9,34.9,49.3,675,cubierto,moderada,mojada,984,500,860.0,16.7,False,True,False,5,True,11,304,Peligro
8.5,87,30.7,2913,lluvia_fuerte,14.7,146,315,5.9,-30.1,46.0,704,cubierto,moderada,contaminada,986,1000,460.0,3.9,False,True,False,15,False,2,41,Peligro
17.2,73,19.2,6127,nublado,0.0,223,270,14.0,13.1,26.9,2551,dispersas,leve,seca,1002,500,884.0,15.1,False,False,False,22,True,2,56,Seguro
19.2,51,8.6,8637,nublado,0.2,11,315,7.1,4.8,12.0,3630,nublado,leve,humeda,1007,500,1124.0,7.7,False,False,False,12,False,12,332,Seguro
16.5,94,1.4,2143,niebla,0.7,31,90,1.2,0.7,2.0,139,cubierto,ninguna,humeda,1008,1000,1420.0,16.1,False,False,False,1,True,3,72,Precaución
13.0,70,27.6,5371,lluvia_ligera,7.3,171,180,4.3,27.3,33.1,1853,cubierto,leve,humeda,1016,500,380.0,4.8,False,False,False,10,False,3,73,Seguro
16.1,50,20.6,7103,nublado,1.3,334,45,19.5,6.7,26.8,3169,dispersas,leve,humeda,1018,1000,1372.0,10.2,False,False,False,12,False,6,174,Precaución
15.4,34,3.9,9978,despejado,0.0,18,90,3.7,1.2,5.1,14113,despejado,ninguna,seca,1015,1000,1288.0,3.4,False,False,False,6,False,4,110,Seguro
17.8,93,4.6,2075,niebla,1.9,50,270,3.0,-3.5,5.5,715,cubierto,ninguna,mojada,1009,500,956.0,17.4,False,False,False,4,True,9,264,Precaución
23.2,37,3.6,8860,despejado,0.0,88,0,3.6,0.1,4.7,12015,despejado,leve,seca,1012,2500,4084.0,11.9,False,False,False,22,True,2,43,Seguro
7.4,99,30.0,2516,tormenta,27.1,183,270,30.0,1.6,39.0,640,cubierto,moderada,mojada,1005,2500,2188.0,6.5,True,True,False,12,False,2,35,Peligro
14.6,55,9.6,8466,nublado,0.6,148,315,2.2,-9.4,11.5,3780,dispersas,leve,seca,1003,1000,1192.0,2.3,False,False,False,23,True,9,269,Seguro
16.7,100,4.7,628,niebla,0.3,335,135,1.6,-4.4,6.1,255,cubierto,ninguna,mojada,1004,1000,1444.0,15.1,False,False,False,21,True,6,156,Peligro
13.9,97,5.9,2372,niebla,0.6,150,315,1.5,-5.7,8.9,137,cubierto,ninguna,mojada,1007,1000,1108.0,13.7,False,False,False,3,True,4,112,Precaución
9.3,71,11.4,5431,lluvia_ligera,3.3,88,0,11.4,0.4,13.7,2387,cubierto,moderada,humeda,1003,0,-684.0,5.5,False,False,False,9,False,4,99,Precaución
5.4,92,32.2,1258,lluvia_fuerte,21.9,173,90,32.0,3.9,38.6,930,cubierto,moderada,contaminada,1003,0,-1152.0,4.6,True,False,True,6,False,12,335,Peligro
9.2,100,4.7,1043,niebla,0.6,310,225,4.7,0.4,5.6,709,cubierto,ninguna,humeda,1003,1000,544.0,7.3,True,False,False,8,False,12,333,Precaución
-3.9,80,21.5,3183,nieve,10.1,126,45,21.2,3.4,27.9,1125,cubierto,moderada,contaminada,1007,1000,-1028.0,-8.2,False,False,False,22,True,4,107,Peligro
7.4,99,2.6,1879,niebla,0.5,6,0,0.3,2.6,2.9,678,cubierto,ninguna,mojada,1006,2500,2188.0,6.2,True,False,False,8,False,5,138,Precaución
14.8,78,13.1,6492,lluvia_ligera,2.7,290,45,11.9,-5.5,14.4,1966,nublado,moderada,mojada,1018,0,-24.0,12.0,False,False,False,8,False,10,295,Precaución
17.5,75,22.8,6652,nublado,0.5,33,45,4.7,22.3,29.6,1712,nublado,leve,seca,1001,0,300.0,14.7,False,False,False,2,True,3,78,Seguro
16.7,72,21.7,5432,lluvia_ligera,4.8,240,225,5.6,21.0,30.4,1862,nublado,leve,mojada,1001,500,824.0,13.4,False,False,False,5,True,11,308,Seguro
9.2,86,42.7,1204,lluvia_fuerte,15.7,65,270,18.0,-38.7,51.2,597,cubierto,severa,mojada,983,2500,2404.0,6.6,True,True,False,2,True,10,275,Peligro
7.9,93,8.6,1848,niebla,1.8,282,315,4.7,7.2,11.2,606,cubierto,ninguna,humeda,1009,0,-852.0,6.9,True,False,False,3,True,8,217,Precaución
13.1,87,28.5,3201,lluvia_fuerte,11.4,251,0,26.9,-9.3,34.2,834,cubierto,moderada,mojada,1005,500,392.0,9.0,False,False,True,2,True,9,266,Peligro
15.9,61,19.3,8770,nublado,0.6,82,225,11.6,-15.4,27.0,1947,nublado,ninguna,seca,1010,2000,2588.0,10.4,False,False,False,15,False,8,230,Seguro
27.3,57,8.5,6044,nublado,1.0,205,225,2.9,8.0,10.2,2253,nublado,leve,humeda,1007,0,1476.0,16.9,False,False,False,12,False,3,60,Seguro
18.6,41,14.0,9429,despejado,0.0,103,90,3.1,13.6,16.8,7909,despejado,leve,seca,1019,2500,3532.0,4.9,False,False,False,23,True,3,79,Seguro
11.9,78,24.7,6878,lluvia_ligera,2.2,52,270,15.2,-19.5,27.2,803,cubierto,moderada,mojada,1006,1000,868.0,9.4,False,False,False,2,True,6,171,Precaución
15.4,99,7.4,1524,niebla,1.9,229,270,4.9,5.6,8.9,504,cubierto,ninguna,humeda,1019,500,668.0,15.0,False,False,False,21,True,12,365,Precaución
19.9,73,19.9,6004,nublado,1.3,87,315,14.8,-13.3,25.9,3504,dispersas,ninguna,seca,1013,500,1208.0,15.7,False,False,False,9,False,6,173,Seguro
9.9,94,9.1,2482,niebla,1.3,243,180,8.1,4.1,10.9,473,cubierto,ninguna,humeda,1019,2000,1868.0,9.6,True,False,False,20,False,8,222,Precaución
14.6,95,11.1,2021,niebla,1.4,81,90,1.7,11.0,14.4,725,cubierto,ninguna,humeda,1010,2000,2432.0,13.7,False,False,False,6,False,8,218,Precaución
3.3,87,12.4,2953,nieve,16.4,1,225,8.6,-8.9,18.6,1802,cubierto,leve,contaminada,1015,0,-1404.0,-0.4,False,False,False,0,True,6,176,Precaución
12.8,61,5.8,6414,nublado,1.2,335,90,5.3,-2.5,7.5,1839,dispersas,ninguna,humeda,1015,2500,2836.0,0.3,False,False,False,4,True,5,120,Seguro
19.4,54,10.2,8652,nublado,1.1,197,45,4.8,-9.0,12.2,2517,nublado,ninguna,humeda,1016,500,1148.0,6.8,False,False,False,7,False,1,6,Seguro
26.0,55,19.3,8792,nublado,1.1,11,270,18.9,-3.7,21.2,3380,nublado,ninguna,seca,1008,500,1940.0,17.4,False,False,False,17,False,5,140,Seguro
11.2,100,1.3,1435,niebla,0.0,204,180,0.5,1.2,1.6,489,cubierto,ninguna,mojada,1009,0,-456.0,10.3,False,False,False,20,False,6,154,Precaución
11.2,90,43.8,1910,lluvia_fuerte,15.2,48,270,29.3,-32.5,56.9,1230,cubierto,moderada,mojada,990,0,-456.0,7.6,False,True,False,21,True,8,215,Peligro
32.3,36,16.1,9597,despejado,0.0,238,45,3.6,-15.7,20.9,7429,despejado,ninguna,seca,1013,2000,4556.0,17.6,False,False,False,13,False,11,308,Seguro
16.0,95,7.1,1180,niebla,1.7,226,225,0.1,7.1,9.9,249,cubierto,ninguna,humeda,1004,2500,3220.0,14.1,False,False,False,0,True,6,175,Precaución
8.8,91,54.0,2826,tormenta,28.2,4,315,40.8,35.4,64.8,819,cubierto,moderada,mojada,990,0,-744.0,8.1,True,True,False,8,False,12,354,Peligro
12.8,92,41.2,2058,tormenta,20.4,72,45,18.7,36.7,53.6,435,cubierto,severa,mojada,996,1000,976.0,12.6,False,True,True,14,False,3,61,Peligro
20.3,73,10.6,4416,lluvia_ligera,3.8,96,45,8.2,6.7,14.8,1968,nublado,moderada,mojada,1006,0,636.0,16.4,False,False,False,13,False,8,224,Precaución
11.3,85,28.3,2824,granizo,29.5,216,45,4.4,-28.0,31.1,1314,cubierto,severa,mojada,1017,0,-444.0,9.1,False,True,False,7,False,9,242,Peligro
10.7,96,2.5,692,niebla,1.8,220,270,1.9,1.6,3.0,437,cubierto,ninguna,mojada,1017,2000,1964.0,9.6,False,False,False,16,False,8,227,Peligro
26.6,72,10.2,6142,nublado,0.1,254,270,2.8,9.8,14.3,3840,nublado,leve,seca,1000,0,1392.0,22.6,False,False,False,8,False,3,78,Seguro
15.4,71,29.8,6827,lluvia_ligera,4.4,305,135,5.2,-29.3,35.8,1513,cubierto,leve,humeda,1012,0,48.0,12.4,False,False,False,12,False,9,242,Seguro
5.2,100,9.2,1680,niebla,1.4,265,180,9.2,0.8,12.0,329,cubierto,ninguna,mojada,1007,2000,1304.0,4.5,True,False,False,21,True,11,329,Precaución
30.2,48,4.9,8016,despejado,0.0,272,90,0.2,-4.9,5.9,7078,despejado,ninguna,seca,1026,0,1824.0,15.7,False,False,False,16,False,7,189,Seguro
10.6,83,16.0,3133,lluvia_ligera,5.6,98,270,2.2,-15.8,17.6,1335,nublado,leve,mojada,1018,0,-528.0,8.4,False,False,False,1,True,11,305,Precaución
17.7,99,0.9,1911,niebla,2.0,21,180,0.3,-0.8,1.3,367,cubierto,ninguna,humeda,1011,0,324.0,17.2,False,False,False,21,True,4,113,Precaución
14.9,61,24.6,7737,nublado,0.4,63,315,23.4,-7.6,27.1,2432,nublado,ninguna,humeda,1004,2000,2468.0,2.3,False,False,False,22,True,5,148,Precaución
20.1,41,9.7,8877,despejado,0.0,308,0,7.6,6.0,13.6,7212,despejado,ninguna,seca,1016,2000,3092.0,12.6,False,False,False,12,False,6,167,Seguro
-4.3,94,31.8,2365,nieve,6.2,335,225,29.9,-10.9,38.2,1759,cubierto,leve,contaminada,1002,1000,-1076.0,-5.4,False,False,False,20,False,6,169,Peligro
23.0,84,36.3,2081,granizo,24.8,71,135,32.6,15.9,47.2,1289,cubierto,severa,contaminada,1020,500,1580.0,19.8,False,True,False,0,True,8,223,Peligro
3.5,78,28.3,2339,nieve,14.9,281,270,5.4,27.8,34.0,1598,cubierto,leve,contaminada,1005,1000,-140.0,-0.5,False,False,False,22,True,5,126,Peligro
8.6,73,13.8,5715,lluvia_ligera,4.3,135,270,9.8,-9.8,20.7,1306,cubierto,leve,humeda,1001,1000,472.0,5.3,False,False,False,11,False,4,117,Seguro
33.4,55,3.3,8159,despejado,0.0,348,180,0.7,-3.2,4.3,14580,despejado,leve,seca,1012,0,2208.0,27.1,False,False,False,2,True,5,138,Seguro
21.7,75,7.0,7954,nublado,1.8,228,225,0.4,7.0,9.1,2269,nublado,leve,seca,1020,500,1424.0,18.0,False,False,False,22,True,8,229,Seguro
14.2,73,21.1,7238,nublado,0.8,53,90,12.7,16.9,23.2,2142,nublado,ninguna,seca,1020,2000,2384.0,11.9,False,False,False,15,False,11,302,Seguro
16.6,72,18.5,7290,nublado,0.8,131,225,18.5,-1.3,22.2,3230,dispersas,leve,seca,1000,0,192.0,13.3,False,False,False,9,False,8,238,Seguro
9.4,75,28.8,3962,lluvia_ligera,2.6,252,225,13.1,25.7,37.4,1537,cubierto,leve,humeda,1016,2000,1808.0,5.5,False,False,False,12,False,12,356,Precaución
19.1,55,4.2,8281,despejado,0.0,167,180,0.9,4.1,4.6,9186,despejado,leve,seca,1023,500,1112.0,12.8,False,False,False,17,False,12,361,Seguro
20.8,51,4.3,8541,despejado,0.0,135,270,3.0,-3.0,4.7,8473,despejado,ninguna,seca,1024,0,696.0,15.8,False,False,False,4,True,7,202,Seguro
31.4,42,1.7,8176,despejado,0.0,248,270,0.6,1.6,2.4,8238,despejado,leve,seca,1028,2000,4448.0,16.8,False,False,False,4,True,6,171,Seguro
30.5,30,8.4,9242,despejado,0.0,205,135,7.9,2.9,9.2,7468,despejado,leve,seca,1028,500,2480.0,17.2,False,False,False,6,False,1,23,Seguro
14.1,95,4.8,1782,niebla,0.6,172,90,4.8,0.7,7.2,514,cubierto,ninguna,mojada,1006,2000,2372.0,13.6,False,False,False,20,False,12,339,Precaución
20.3,27,13.2,9063,despejado,0.0,219,315,13.1,-1.4,15.8,11719,despejado,leve,seca,1021,2000,3116.0,6.9,False,False,False,9,False,12,341,Seguro
24.2,75,21.1,7233,nublado,2.0,55,270,12.1,-17.3,29.5,2102,dispersas,ninguna,humeda,1006,500,1724.0,20.5,False,False,False,21,True,3,62,Seguro
9.3,82,11.2,6935,lluvia_ligera,7.3,230,180,8.6,7.2,15.7,1157,nublado,moderada,humeda,1005,0,-684.0,5.1,False,False,False,22,True,4,114,Precaución
11.3,97,8.1,1084,niebla,1.9,251,90,2.6,-7.7,11.3,680,cubierto,ninguna,humeda,1010,0,-444.0,10.8,False,False,False,3,True,8,230,Precaución
20.2,88,26.1,6002,lluvia_ligera,6.5,208,225,7.6,25.0,36.5,2209,nublado,leve,humeda,1020,1000,1864.0,17.1,False,False,False,3,True,8,227,Precaución
14.7,98,2.1,866,niebla,0.5,136,180,1.5,1.5,3.2,754,cubierto,ninguna,humeda,1002,500,584.0,13.1,False,False,False,21,True,1,22,Precaución
34.0,47,10.6,9300,despejado,0.0,296,0,9.5,4.6,11.7,11846,despejado,ninguna,seca,1028,2000,4760.0,27.9,False,False,False,1,True,9,246,Seguro
12.8,93,10.8,1333,niebla,1.8,203,270,9.9,4.2,13.0,787,cubierto,ninguna,humeda,1018,2500,2836.0,10.9,False,False,False,16,False,12,341,Precaución
23.9,74,25.1,4524,granizo,20.9,151,315,6.9,-24.1,37.7,1539,cubierto,severa,contaminada,1018,500,1688.0,19.5,False,True,False,23,True,8,227,Peligro
12.1,66,8.9,6671,nublado,0.1,290,0,8.4,3.0,11.6,2944,nublado,leve,humeda,1016,1000,892.0,4.1,False,False,False,14,False,1,28,Seguro
13.7,78,17.8,3229,lluvia_ligera,4.4,269,90,0.3,-17.8,23.1,2037,nublado,leve,humeda,1019,2000,2324.0,11.0,False,False,False,18,False,6,162,Seguro
18.0,90,13.5,4480,lluvia_ligera,5.1,283,135,7.2,-11.4,17.6,1048,nublado,leve,humeda,1017,500,980.0,14.2,False,False,True,2,True,2,34,Peligro
23.9,55,14.3,8914,nublado,1.0,84,45,9.0,11.1,15.7,1609,dispersas,leve,humeda,1018,2500,4168.0,10.4,False,False,False,22,True,8,234,Seguro
12.1,92,3.1,1106,niebla,0.9,158,0,1.2,-2.9,3.7,786,cubierto,ninguna,humeda,1009,1000,892.0,11.8,False,False,False,2,True,11,301,Precaución
10.5,79,15.3,5649,lluvia_ligera,7.2,102,45,12.8,8.3,21.4,2405,cubierto,moderada,humeda,1010,2000,1940.0,8.1,False,False,False,13,False,2,56,Precaución
26.5,45,11.7,9448,despejado,0.0,285,0,11.3,3.0,15.2,8066,despejado,ninguna,seca,1024,2000,3860.0,20.3,False,False,False,23,True,7,194,Seguro
32.7,40,4.2,9512,despejado,0.0,101,90,0.8,4.1,5.0,11699,despejado,leve,seca,1014,1000,3364.0,20.2,False,False,False,14,False,3,76,Seguro
25.5,71,8.3,6284,nublado,0.4,81,225,4.9,-6.7,10.8,1588,dispersas,leve,humeda,1014,500,1880.0,20.5,False,False,False,1,True,10,278,Seguro
13.1,71,16.7,8909,nublado,0.3,185,315,12.8,-10.7,18.4,2821,nublado,leve,humeda,1002,2000,2252.0,9.9,False,False,False,21,True,2,53,Seguro
22.8,55,6.4,7084,nublado,0.1,358,225,4.7,-4.4,8.3,2162,dispersas,leve,humeda,1009,2500,4036.0,12.3,False,False,False,15,False,3,67,Seguro
2.9,87,32.7,3735,nieve,10.2,270,0,32.7,0.0,42.5,1817,cubierto,leve,contaminada,1011,1000,-212.0,0.0,True,False,False,2,True,5,133,Peligro
22.3,52,18.5,6535,nublado,0.7,71,270,6.0,-17.5,24.1,3502,dispersas,leve,seca,1001,2000,3356.0,10.4,False,False,False,9,False,3,89,Seguro
27.5,52,8.9,8902,despejado,0.0,305,135,1.5,-8.8,11.6,12474,despejado,leve,seca,1030,500,2120.0,16.8,False,False,False,13,False,3,74,Seguro
20.4,90,25.6,3471,lluvia_ligera,7.3,169,315,14.3,-21.2,33.3,1393,nublado,moderada,humeda,1013,0,648.0,18.2,False,False,False,0,True,7,201,Precaución
12.8,90,20.5,5734,lluvia_ligera,2.6,346,180,5.0,-19.9,26.7,2010,cubierto,moderada,mojada,1004,1000,976.0,10.1,False,False,False,6,False,9,261,Precaución
12.3,52,8.5,7285,nublado,0.1,8,315,6.8,5.1,11.1,3755,dispersas,ninguna,humeda,1001,0,-324.0,5.2,False,False,False,5,True,4,92,Seguro
20.1,82,21.1,5718,lluvia_ligera,2.6,246,225,7.6,19.7,27.4,2236,nublado,leve,mojada,1001,2000,3092.0,18.1,False,False,False,11,False,10,287,Seguro
11.4,86,13.8,5531,lluvia_ligera,2.2,192,45,7.5,-11.6,16.6,2055,cubierto,leve,mojada,1012,500,188.0,8.8,False,False,False,7,False,11,325,Seguro
19.1,86,21.5,6718,lluvia_ligera,4.3,20,45,9.1,19.5,25.8,1192,nublado,leve,mojada,1007,1000,1732.0,14.4,False,False,False,14,False,12,334,Precaución
18.5,87,18.4,3037,lluvia_ligera,3.8,190,270,18.1,3.2,22.1,1691,cubierto,moderada,mojada,1016,500,1040.0,14.1,False,False,False,22,True,7,191,Precaución
24.7,43,7.5,9315,despejado,0.0,176,180,0.5,7.5,9.0,6673,despejado,leve,seca,1021,0,1164.0,16.9,False,False,False,22,True,12,334,Seguro
27.8,55,5.3,8445,despejado,0.0,246,135,4.9,-1.9,6.4,6135,despejado,leve,seca,1017,2000,4016.0,17.8,False,False,False,21,True,2,40,Seguro
13.9,54,20.9,6785,nublado,1.1,325,0,12.0,17.1,31.3,3032,nublado,leve,humeda,1019,2500,2968.0,7.0,False,False,False,17,False,6,151,Precaución
10.3,94,36.7,3928,lluvia_fuerte,18.6,167,0,8.3,-35.8,51.4,586,cubierto,severa,contaminada,991,2000,1916.0,10.1,False,False,False,22,True,8,218,Peligro
11.6,82,11.0,6403,lluvia_ligera,4.5,176,225,8.3,7.2,12.1,1674,nublado,leve,mojada,1017,1000,832.0,8.9,False,False,False,7,False,4,106,Seguro
21.1,70,13.7,4630,lluvia_ligera,6.4,348,270,13.4,2.8,19.2,1765,nublado,moderada,mojada,1007,2500,3832.0,7.3,False,False,False,22,True,4,104,Precaución
12.8,99,20.2,3849,lluvia_fuerte,15.2,45,180,14.3,-14.3,22.2,546,cubierto,moderada,mojada,991,1000,976.0,12.5,False,False,False,4,True,11,329,Peligro
10.4,82,21.5,3471,lluvia_ligera,3.7,316,270,15.5,14.9,27.9,1022,nublado,leve,humeda,1016,500,68.0,7.6,False,False,False,16,False,5,145,Precaución
4.8,79,11.6,3110,nieve,6.1,30,90,10.0,5.8,15.1,1906,cubierto,leve,contaminada,1018,0,-1224.0,1.3,False,False,False,6,False,5,146,Precaución
13.7,97,1.4,920,niebla,0.5,216,45,0.2,-1.4,1.8,769,cubierto,ninguna,mojada,1008,500,464.0,13.5,False,False,False,14,False,5,136,Precaución
21.9,56,16.5,8550,nublado,0.8,336,135,5.9,-15.4,21.4,2568,dispersas,leve,humeda,1000,2000,3308.0,12.4,False,False,False,19,False,5,136,Seguro
15.7,50,0.9,8753,despejado,0.0,203,45,0.3,-0.8,1.3,7563,despejado,leve,seca,1024,2000,2564.0,8.9,False,False,False,15,False,1,23,Seguro
31.7,28,13.6,8577,despejado,0.0,291,45,12.4,-5.5,15.0,9446,despejado,leve,seca,1026,0,2004.0,20.1,False,False,False,0,True,10,276,Seguro
25.2,42,19.9,9526,despejado,0.0,257,0,19.4,-4.5,21.9,5883,despejado,leve,seca,1013,500,1844.0,10.6,False,False,False,3,True,8,236,Seguro
20.0,41,18.6,8927,despejado,0.0,72,225,8.4,-16.6,22.3,7441,despejado,leve,seca,1015,500,1220.0,10.9,False,False,False,5,True,9,267,Seguro
10.1,82,34.7,4614,granizo,27.0,24,315,32.4,12.4,45.1,1720,cubierto,severa,mojada,1007,2000,1892.0,5.8,False,True,False,18,False,10,285,Peligro
31.0,42,10.8,8752,despejado,0.0,20,270,10.1,-3.7,16.2,7306,despejado,ninguna,seca,1018,2000,4400.0,25.4,False,False,False,2,True,3,75,Seguro
14.3,84,28.9,2227,granizo,18.0,335,270,26.2,12.2,40.5,506,cubierto,severa,contaminada,1003,2000,2396.0,10.6,False,True,False,13,False,8,215,Peligro
27.6,55,14.0,9021,despejado,0.0,178,0,0.5,-14.0,15.4,8060,despejado,leve,seca,1011,2000,3992.0,20.6,False,False,False,2,True,4,96,Seguro
11.8,98,10.9,2340,niebla,1.8,170,0,1.9,-10.7,13.1,563,cubierto,ninguna,humeda,1015,0,-384.0,11.5,False,False,False,18,False,11,310,Precaución
23.9,75,12.4,6218,nublado,1.8,18,45,5.6,11.0,13.6,3674,dispersas,ninguna,humeda,1003,1000,2308.0,21.2,False,False,False,8,False,4,113,Seguro
13.0,77,26.2,6077,lluvia_ligera,5.2,221,270,19.8,17.2,31.4,1990,cubierto,leve,mojada,1010,1000,1000.0,9.4,False,False,False,4,True,3,85,Precaución
16.6,89,49.1,1249,tormenta,25.6,156,270,44.9,-20.0,68.7,468,cubierto,moderada,mojada,1001,0,192.0,14.5,False,True,True,12,False,4,91,Peligro
16.9,88,26.0,1873,granizo,15.8,152,225,24.9,7.6,33.8,1434,cubierto,severa,contaminada,1005,2000,2708.0,14.2,False,True,False,19,False,8,222,Peligro
13.6,93,5.7,2376,niebla,0.0,25,45,1.9,5.4,7.4,365,cubierto,ninguna,humeda,1000,2500,2932.0,11.9,False,False,False,17,False,10,279,Precaución
30.3,46,11.5,8083,despejado,0.0,238,45,2.6,-11.2,13.8,13997,despejado,leve,seca,1030,1000,3076.0,15.5,False,False,False,18,False,4,116,Seguro
14.9,73,28.3,6257,lluvia_ligera,7.8,7,225,17.4,-22.3,36.8,1806,nublado,leve,mojada,1001,2000,2468.0,10.9,False,False,False,22,True,8,223,Precaución
12.3,93,8.2,1604,niebla,1.6,280,315,4.7,6.7,10.7,535,cubierto,ninguna,mojada,1006,0,-324.0,10.7,False,False,False,6,False,1,4,Precaución
13.6,51,22.8,7789,nublado,1.7,204,135,21.3,8.2,31.9,1797,nublado,ninguna,seca,1009,0,-168.0,1.6,False,False,False,14,False,12,337,Precaución
16.0,75,7.9,8911,nublado,1.7,151,135,2.2,7.6,9.5,3421,dispersas,leve,humeda,1009,1000,1360.0,12.3,False,False,False,11,False,1,8,Seguro
16.0,90,10.4,3823,lluvia_ligera,7.7,142,90,8.2,6.4,15.6,2273,cubierto,leve,humeda,1004,2000,2600.0,12.4,False,False,False,13,False,12,355,Seguro
17.3,61,17.6,6265,nublado,1.0,4,315,13.3,11.5,21.1,2135,dispersas,leve,seca,1013,2000,2756.0,10.4,False,False,False,7,False,4,97,Seguro
17.9,36,6.2,9947,despejado,0.0,327,0,3.4,5.2,8.1,6177,despejado,leve,seca,1020,2500,3448.0,9.8,False,False,False,13,False,5,140,Seguro
3.6,87,24.4,1026,nieve,14.4,218,270,19.2,15.0,29.3,1198,cubierto,leve,nevada,1007,2500,1732.0,-0.4,False,False,False,10,False,10,273,Peligro
16.1,99,2.4,1445,niebla,1.1,329,0,1.2,2.1,2.9,203,cubierto,ninguna,mojada,1012,1000,1372.0,15.2,False,False,False,13,False,3,83,Precaución
28.8,35,3.3,8968,despejado,0.0,155,0,1.4,-3.0,4.9,7639,despejado,ninguna,seca,1012,1000,2896.0,22.9,False,False,False,2,True,5,143,Seguro
16.1,76,23.2,6374,lluvia_ligera,6.5,30,0,11.6,20.1,27.8,1757,cubierto,moderada,mojada,1004,500,752.0,13.6,False,False,False,21,True,6,154,Precaución
2.2,80,33.4,2185,nieve,18.2,171,45,27.0,-19.6,43.4,418,cubierto,moderada,nevada,1020,2500,1564.0,-1.4,False,False,False,4,True,9,259,Peligro
11.7,79,24.5,6786,lluvia_ligera,3.0,247,0,22.6,-9.6,27.0,1429,cubierto,leve,humeda,1012,2000,2084.0,6.8,False,False,False,20,False,3,82,Precaución
22.3,50,14.8,7530,nublado,1.9,213,0,8.1,-12.4,17.8,3417,nublado,ninguna,seca,1009,1000,2116.0,15.0,False,False,False,1,True,6,171,Seguro
18.3,56,24.0,8272,nublado,1.7,240,315,23.2,6.2,26.4,2322,dispersas,leve,seca,1007,0,396.0,5.0,False,False,False,5,True,2,43,Precaución
12.7,88,33.9,3583,lluvia_fuerte,18.4,108,45,30.2,15.4,50.8,1422,cubierto,severa,contaminada,989,1000,964.0,9.5,False,False,False,12,False,3,81,Peligro
28.0,52,7.4,9093,despejado,0.0,43,315,7.4,0.3,10.4,7157,despejado,ninguna,seca,1017,0,1560.0,18.5,False,False,False,13,False,8,210,Seguro
29.7,37,14.4,8937,despejado,0.0,190,135,11.8,8.3,18.7,6020,despejado,ninguna,seca,1029,0,1764.0,21.5,False,False,False,12,False,8,225,Seguro
14.6,89,34.7,1073,lluvia_fuerte,11.9,320,90,26.6,-22.3,45.1,607,cubierto,moderada,mojada,985,2500,3052.0,10.3,False,True,False,0,True,7,206,Peligro
8.6,100,6.1,1432,niebla,0.4,312,225,6.1,0.3,8.5,381,cubierto,ninguna,mojada,1016,2000,1712.0,7.7,True,False,False,18,False,10,276,Peligro
30.3,46,19.0,9870,despejado,0.0,244,270,8.3,17.1,22.8,14186,despejado,leve,seca,1016,0,1836.0,24.7,False,False,False,21,True,5,135,Seguro
13.5,69,15.4,6706,nublado,0.7,308,135,1.9,-15.3,20.0,2326,dispersas,leve,humeda,1013,500,440.0,6.3,False,False,False,11,False,1,9,Seguro
21.6,61,16.6,8316,nublado,0.9,191,90,16.3,-3.2,23.2,2556,nublado,leve,seca,1005,2500,3892.0,16.0,False,False,False,10,False,8,237,Seguro
13.9,81,26.0,5641,lluvia_ligera,6.6,185,225,16.7,19.9,31.2,1500,nublado,moderada,humeda,1011,1000,1108.0,10.9,False,False,False,8,False,1,8,Precaución
8.0,94,23.3,3873,lluvia_fuerte,15.9,299,90,11.3,-20.4,28.0,1061,cubierto,moderada,mojada,1005,500,-220.0,7.4,True,True,False,7,False,9,246,Peligro
15.1,75,18.3,4986,lluvia_ligera,7.1,235,90,10.5,-15.0,22.0,1791,nublado,leve,humeda,1004,500,632.0,12.1,False,False,False,17,False,4,100,Precaución
7.8,93,1.5,2268,niebla,1.6,27,0,0.7,1.3,1.8,171,cubierto,ninguna,humeda,1002,500,-244.0,7.6,True,False,False,13,False,2,52,Precaución
9.8,85,40.9,1133,lluvia_fuerte,18.7,156,315,14.7,-38.2,57.3,751,cubierto,moderada,mojada,1000,2000,1856.0,5.6,False,True,False,9,False,4,114,Peligro
7.4,96,7.6,2120,niebla,0.3,27,180,3.5,-6.8,9.1,549,cubierto,ninguna,humeda,1002,0,-912.0,6.9,True,False,False,0,True,9,264,Precaución
19.3,75,19.5,6242,nublado,0.0,234,270,11.5,15.8,27.3,2166,dispersas,ninguna,humeda,1009,1000,1756.0,17.2,False,False,False,21,True,12,360,Seguro
5.6,99,7.2,1315,niebla,1.6,114,315,2.6,-6.7,9.4,542,cubierto,ninguna,mojada,1014,2500,1972.0,5.1,True,False,False,8,False,9,252,Precaución
16.1,51,18.9,8993,nublado,0.6,187,90,18.8,-2.3,26.5,3628,nublado,leve,seca,1010,500,752.0,6.2,False,False,False,12,False,8,220,Seguro
23.3,64,21.0,6454,nublado,1.9,259,180,20.6,4.0,25.2,4000,dispersas,leve,seca,1003,500,1616.0,9.2,False,False,False,5,True,6,150,Precaución
14.9,71,17.1,6932,lluvia_ligera,7.0,352,225,13.7,-10.3,20.5,1940,cubierto,leve,humeda,1011,2500,3088.0,12.0,False,False,False,20,False,9,263,Seguro
11.4,81,15.2,4656,lluvia_ligera,7.3,148,90,12.9,8.1,16.7,2404,nublado,moderada,humeda,1020,1000,808.0,7.6,False,False,False,11,False,4,118,Precaución
16.0,25,7.7,9089,despejado,0.0,199,45,3.4,-6.9,10.0,13372,despejado,ninguna,seca,1014,2000,2600.0,7.4,False,False,False,11,False,4,107,Seguro
14.9,52,23.2,6201,nublado,0.3,77,270,5.2,-22.6,30.2,2620,nublado,leve,humeda,1017,1000,1228.0,1.8,False,False,False,22,True,11,329,Seguro
8.5,78,22.3,5584,lluvia_ligera,5.5,149,315,5.4,-21.6,29.0,2106,cubierto,leve,humeda,1020,2000,1700.0,4.7,False,False,False,17,False,9,247,Seguro
28.7,36,5.1,8936,despejado,0.0,18,135,4.5,-2.3,6.6,10014,despejado,leve,seca,1014,500,2264.0,23.4,False,False,False,23,True,1,25,Seguro
21.4,78,12.9,6002,lluvia_ligera,3.2,127,225,12.8,-1.8,16.8,1998,nublado,leve,humeda,1003,1000,2008.0,16.6,False,True,False,19,False,6,160,Peligro
21.6,39,19.0,9265,despejado,0.0,87,45,12.7,14.1,22.8,10385,despejado,ninguna,seca,1018,500,1412.0,12.4,False,False,False,7,False,7,192,Seguro
24.4,30,0.6,9341,despejado,0.0,80,180,0.6,-0.1,0.8,12824,despejado,ninguna,seca,1018,1000,2368.0,17.6,False,False,False,19,False,12,330,Seguro
21.5,69,19.4,6970,nublado,0.9,49,90,12.7,14.6,27.2,3431,nublado,ninguna,seca,1010,500,1400.0,8.7,False,False,False,21,True,6,164,Seguro
23.0,51,4.5,8763,despejado,0.0,4,0,0.3,4.5,6.3,12410,despejado,leve,seca,1028,1000,2200.0,15.2,False,False,False,18,False,12,359,Seguro
17.0,57,21.8,8741,nublado,0.0,342,270,20.7,6.7,28.3,1790,nublado,leve,humeda,1016,500,860.0,4.4,False,False,False,1,True,5,148,Precaución
12.4,81,21.9,5405,lluvia_ligera,3.6,356,135,14.4,-16.5,26.3,1104,nublado,leve,mojada,1016,2500,2788.0,8.9,False,False,False,20,False,9,262,Precaución
24.6,57,24.3,8594,nublado,0.8,339,225,22.2,-9.9,31.6,3868,dispersas,leve,seca,1005,0,1152.0,10.6,False,False,False,0,True,6,163,Precaución
9.8,87,12.2,4786,lluvia_ligera,2.0,297,45,11.6,-3.8,14.6,1063,nublado,leve,mojada,1001,1000,616.0,5.4,False,False,False,22,True,11,302,Precaución
21.1,47,14.5,8461,despejado,0.0,320,180,9.3,-11.1,16.0,11164,despejado,leve,seca,1023,1000,1972.0,10.3,False,False,False,11,False,10,283,Seguro
17.5,95,30.3,2404,lluvia_fuerte,19.8,156,270,27.7,-12.3,42.4,968,cubierto,moderada,contaminada,987,2000,2780.0,16.8,False,False,False,9,False,1,25,Peligro
10.6,99,1.3,1826,niebla,0.4,132,45,1.3,0.1,1.7,154,cubierto,ninguna,humeda,1019,2500,2572.0,10.0,False,False,False,18,False,10,278,Precaución
19.9,74,12.5,5899,lluvia_ligera,2.5,289,90,4.1,-11.8,15.0,1248,nublado,moderada,mojada,1000,2000,3068.0,15.1,False,False,False,23,True,7,182,Precaución
15.9,81,23.3,6255,lluvia_ligera,4.8,87,315,17.3,-15.6,32.6,2124,nublado,moderada,mojada,1012,2000,2588.0,11.4,False,False,False,3,True,12,333,Precaución
10.1,75,14.3,3067,lluvia_ligera,4.3,155,45,13.4,-4.9,17.2,1106,cubierto,leve,humeda,1015,2500,2512.0,5.9,False,True,False,13,False,8,223,Peligro
17.8,98,52.8,1452,tormenta,34.8,242,135,50.5,-15.4,73.9,761,cubierto,severa,contaminada,992,0,336.0,16.7,False,True,False,9,False,5,145,Peligro
6.1,90,36.8,2902,tormenta,17.9,178,90,36.8,1.3,47.8,647,cubierto,severa,mojada,992,2500,2032.0,3.0,False,True,False,12,False,2,42,Peligro
12.2,62,5.4,7774,nublado,0.7,293,45,5.0,-2.0,6.5,3694,nublado,ninguna,humeda,1005,0,-336.0,1.9,False,False,False,2,True,4,116,Seguro
16.7,50,16.9,6726,nublado,0.2,62,225,4.9,-16.2,22.0,3486,dispersas,ninguna,seca,1001,0,204.0,9.9,False,False,False,11,False,11,310,Seguro
11.5,77,19.2,6276,lluvia_ligera,2.9,133,135,0.7,19.2,28.8,2048,nublado,moderada,humeda,1020,2000,2060.0,7.2,False,False,False,1,True,4,98,Seguro
17.9,35,6.8,9835,despejado,0.0,252,270,2.1,6.5,8.2,8138,despejado,ninguna,seca,1020,2000,2828.0,3.9,False,False,False,1,True,4,95,Seguro
30.2,31,1.0,9179,despejado,0.0,243,225,0.3,1.0,1.1,12635,despejado,ninguna,seca,1015,2000,4304.0,15.6,False,False,False,15,False,1,29,Seguro
33.2,38,3.6,9621,despejado,0.0,219,270,2.8,2.3,4.3,5008,despejado,ninguna,seca,1019,500,2804.0,21.6,False,False,False,14,False,8,228,Seguro
22.5,78,41.6,3331,granizo,28.1,8,0,5.8,41.2,49.9,663,cubierto,severa,mojada,1008,2500,4000.0,18.7,False,True,True,10,False,5,126,Peligro
9.8,98,10.1,2436,niebla,0.5,70,45,4.3,9.2,13.1,591,cubierto,ninguna,humeda,1000,0,-624.0,9.7,True,False,False,1,True,3,61,Precaución
23.5,25,10.0,9922,despejado,0.0,142,0,6.2,-7.9,12.0,11182,despejado,ninguna,seca,1024,0,1020.0,8.6,False,False,False,8,False,11,303,Seguro
16.1,59,16.0,7949,nublado,0.3,219,180,10.1,12.4,19.2,3621,nublado,leve,seca,1016,500,752.0,11.0,False,False,False,13,False,10,282,Seguro
17.7,44,0.6,8751,despejado,0.0,129,0,0.5,-0.4,0.7,9621,despejado,ninguna,seca,1024,0,324.0,3.1,False,False,False,8,False,2,57,Seguro
21.5,70,20.6,3198,lluvia_ligera,5.3,65,180,18.7,-8.7,26.8,1686,cubierto,moderada,humeda,1019,2500,3880.0,7.7,False,False,False,16,False,7,197,Precaución
14.5,68,19.0,8679,nublado,1.6,149,0,9.8,-16.3,26.6,2701,dispersas,ninguna,humeda,1005,500,560.0,8.9,False,False,False,14,False,9,264,Seguro
25.7,73,17.4,6111,nublado,0.7,303,225,17.0,3.6,20.9,3046,dispersas,leve,seca,1010,2000,3764.0,21.9,False,False,False,11,False,12,331,Seguro
12.2,93,8.8,2303,niebla,0.6,85,180,8.8,-0.8,11.4,574,cubierto,ninguna,mojada,1016,0,-336.0,10.8,False,False,False,10,False,5,122,Precaución
9.2,98,10.0,1448,niebla,0.9,205,90,9.1,-4.2,12.0,656,cubierto,ninguna,humeda,1014,1000,544.0,8.1,True,False,False,0,True,5,122,Precaución
22.9,32,10.1,9881,despejado,0.0,297,0,9.0,4.6,12.1,11208,despejado,leve,seca,1029,500,1568.0,10.4,False,False,False,0,True,9,255,Seguro
10.7,82,29.3,5070,lluvia_ligera,5.9,15,0,7.6,28.3,35.2,1637,cubierto,leve,mojada,1008,500,104.0,7.1,False,False,False,5,True,8,235,Precaución
19.5,56,22.4,6182,nublado,0.0,279,315,13.2,18.1,29.1,3111,nublado,leve,humeda,1001,1000,1780.0,13.5,False,False,False,10,False,9,243,Seguro
16.7,36,15.6,9693,despejado,0.0,357,0,0.8,15.6,23.4,8826,despejado,leve,seca,1023,0,204.0,9.1,False,False,False,11,False,1,28,Seguro
16.6,32,10.6,8475,despejado,0.0,264,225,6.7,8.2,12.7,5778,despejado,leve,seca,1021,2500,3292.0,2.7,False,False,False,17,False,6,154,Seguro
25.3,55,24.0,7013,nublado,1.1,103,315,12.7,-20.4,28.8,1979,dispersas,leve,humeda,1019,2000,3716.0,16.0,False,False,False,5,True,11,323,Seguro
17.3,83,19.2,5883,lluvia_ligera,4.9,41,225,1.3,-19.2,26.9,1698,nublado,leve,mojada,1012,2500,3376.0,12.6,False,False,False,2,True,7,184,Seguro
12.8,83,17.5,3168,lluvia_ligera,3.2,195,0,4.5,-16.9,21.0,1591,nublado,leve,mojada,1006,2000,2216.0,10.2,False,False,False,4,True,4,108,Seguro
26.3,27,19.9,9657,despejado,0.0,169,135,11.1,16.5,25.9,7608,despejado,ninguna,seca,1022,0,1356.0,13.0,False,False,False,18,False,3,73,Seguro
24.4,40,11.7,9260,despejado,0.0,141,135,1.2,11.6,15.2,14541,despejado,leve,seca,1030,1000,2368.0,10.7,False,False,False,9,False,5,142,Seguro
12.1,69,7.1,8824,nublado,0.9,293,90,2.8,-6.5,9.9,1655,nublado,leve,seca,1000,1000,892.0,-0.8,False,False,False,5,True,2,45,Seguro
22.9,54,22.0,8644,nublado,0.9,99,90,3.4,21.7,30.8,3177,dispersas,leve,humeda,1006,2000,3428.0,8.6,False,False,False,2,True,9,242,Seguro
6.3,94,3.1,1382,niebla,0.5,197,315,2.7,-1.5,3.7,107,cubierto,ninguna,humeda,1013,2500,2056.0,4.6,True,False,False,9,False,12,350,Peligro
5.8,95,11.5,1751,niebla,0.0,122,315,2.6,-11.2,16.1,575,cubierto,ninguna,humeda,1006,2500,1996.0,4.7,False,False,False,19,False,6,164,Precaución
25.2,29,11.2,9932,despejado,0.0,15,270,10.8,-2.9,14.6,8532,despejado,ninguna,seca,1017,2500,4324.0,17.0,False,False,False,17,False,11,308,Seguro
34.8,30,7.2,9666,despejado,0.0,195,270,7.0,1.9,10.1,8900,despejado,leve,seca,1011,2000,4856.0,20.4,False,False,False,6,False,9,266,Seguro
19.9,65,18.3,6292,nublado,0.5,122,45,17.8,4.1,27.5,2682,dispersas,ninguna,humeda,1005,500,1208.0,9.8,False,False,False,8,False,9,266,Seguro
24.5,33,17.0,9796,despejado,0.0,127,0,13.6,-10.2,22.1,14130,despejado,leve,seca,1012,500,1760.0,17.4,False,False,False,19,False,5,141,Seguro
15.8,73,19.2,6056,lluvia_ligera,3.6,348,180,4.0,-18.8,23.0,1942,cubierto,leve,mojada,1009,1000,1336.0,11.0,False,False,False,23,True,2,33,Seguro
18.1,74,30.8,2739,granizo,26.1,262,45,18.5,-24.6,37.0,1785,cubierto,severa,contaminada,1015,2500,3472.0,13.7,False,True,False,0,True,4,119,Peligro
21.3,55,6.2,8730,despejado,0.0,256,0,6.0,-1.5,7.4,9626,despejado,leve,seca,1022,1000,1996.0,6.6,False,False,False,22,True,12,346,Seguro
8.3,89,48.0,2092,tormenta,17.4,247,45,18.0,-44.5,67.2,748,cubierto,moderada,mojada,1004,2500,2296.0,4.5,False,True,True,3,True,4,100,Peligro
15.7,81,49.2,2884,granizo,28.3,247,45,18.4,-45.6,59.0,1011,cubierto,severa,mojada,1000,2500,3184.0,12.5,False,True,True,9,False,12,330,Peligro
20.9,26,1.4,8980,despejado,0.0,350,180,0.2,-1.4,1.8,7248,despejado,leve,seca,1025,1000,1948.0,15.6,False,False,False,16,False,10,285,Seguro
34.3,49,15.4,9620,despejado,0.0,199,135,13.8,6.8,20.0,9371,despejado,ninguna,seca,1010,2000,4796.0,25.9,False,False,False,11,False,5,135,Seguro
10.8,98,31.9,1511,tormenta,29.7,284,45,27.3,-16.4,38.3,322,cubierto,severa,mojada,998,1000,736.0,10.8,False,True,False,14,False,12,364,Peligro
21.6,80,24.0,5910,lluvia_ligera,6.8,246,270,9.8,21.9,33.6,1076,cubierto,leve,humeda,1005,1000,2032.0,18.7,False,False,False,6,False,11,327,Precaución
13.2,90,24.6,3517,lluvia_ligera,2.3,316,180,17.1,-17.7,36.9,2105,cubierto,leve,mojada,1013,2000,2264.0,8.4,False,False,False,2,True,3,73,Precaución
16.6,75,18.8,4636,lluvia_ligera,7.6,329,90,16.1,-9.7,20.7,1274,nublado,moderada,mojada,1013,2500,3292.0,13.8,False,False,False,21,True,2,40,Precaución
20.3,50,19.2,7138,nublado,1.2,21,270,17.9,-6.9,25.0,3265,dispersas,leve,humeda,1001,0,636.0,9.0,False,False,False,3,True,1,3,Seguro
14.1,93,7.5,1411,niebla,0.8,103,180,7.3,1.7,11.2,421,cubierto,ninguna,mojada,1017,2500,2992.0,12.9,False,False,False,1,True,8,232,Precaución
10.6,81,22.0,6346,lluvia_ligera,2.7,107,270,6.4,-21.0,30.8,1271,cubierto,leve,humeda,1013,0,-528.0,7.9,False,False,False,4,True,10,294,Seguro
11.1,92,5.8,1286,niebla,0.2,90,270,0.0,-5.8,8.1,362,cubierto,ninguna,humeda,1020,1000,772.0,9.3,False,False,False,18,False,8,214,Precaución
17.9,81,18.2,6026,lluvia_ligera,5.8,43,135,18.2,-0.6,27.3,2198,nublado,moderada,mojada,1020,500,968.0,14.2,False,False,False,0,True,12,345,Precaución
20.1,77,46.1,4117,granizo,25.3,90,45,32.6,32.6,59.9,984,cubierto,severa,mojada,1013,2000,3092.0,17.1,False,True,True,15,False,5,136,Peligro
15.8,98,3.1,1552,niebla,1.8,257,270,0.7,3.0,3.4,206,cubierto,ninguna,mojada,1014,0,96.0,15.2,False,False,False,23,True,3,87,Precaución
12.7,85,32.2,1683,lluvia_fuerte,10.8,172,90,31.9,4.5,38.6,789,cubierto,severa,contaminada,1004,2000,2204.0,8.7,False,True,False,10,False,10,283,Peligro
13.3,100,1.3,1084,niebla,0.7,139,225,1.3,0.1,1.7,602,cubierto,ninguna,humeda,1018,1000,1036.0,12.8,False,False,False,15,False,4,110,Precaución
27.8,70,18.7,7449,nublado,0.2,148,180,9.9,15.9,26.2,3069,nublado,ninguna,humeda,1010,500,2156.0,12.8,False,False,False,15,False,1,5,Seguro
23.1,53,22.3,6293,nublado,0.4,95,270,1.9,-22.2,26.8,3904,nublado,leve,seca,1011,0,972.0,13.0,False,False,False,11,False,7,203,Seguro
16.4,55,10.5,6062,nublado,1.9,281,135,5.9,-8.7,12.6,3792,dispersas,ninguna,humeda,1009,2500,3268.0,9.0,False,False,False,2,True,6,160,Seguro
13.3,50,9.8,7491,nublado,0.7,212,225,2.2,9.5,13.7,1921,dispersas,leve,seca,1011,2000,2276.0,-0.2,False,False,False,15,False,9,246,Seguro
20.2,79,40.6,3697,granizo,24.2,277,180,40.3,-4.9,44.7,799,cubierto,severa,mojada,1007,2500,3724.0,16.2,False,True,False,14,False,3,89,Peligro
26.7,51,12.4,9176,despejado,0.0,128,45,12.3,1.5,17.4,9760,despejado,leve,seca,1011,1000,2644.0,17.4,False,False,False,11,False,12,349,Seguro
12.1,63,20.0,7907,nublado,1.1,96,315,12.6,-15.5,24.0,2145,dispersas,leve,humeda,1015,1000,892.0,-1.2,False,False,False,20,False,7,209,Seguro
20.6,71,13.9,6505,nublado,0.7,356,90,13.9,-1.0,15.3,3041,nublado,leve,seca,1011,500,1292.0,17.3,False,False,False,7,False,1,11,Seguro
16.1,90,22.9,4412,lluvia_ligera,4.8,8,135,18.3,-13.8,32.1,1203,cubierto,leve,mojada,1004,1000,1372.0,13.7,False,False,False,1,True,1,21,Precaución
18.7,30,0.2,9650,despejado,0.0,76,90,0.0,0.2,0.2,9473,despejado,ninguna,seca,1017,1000,1684.0,12.8,False,False,False,19,False,10,277,Seguro
12.7,57,6.1,8806,nublado,0.7,130,180,4.7,3.9,7.9,3353,dispersas,ninguna,humeda,1008,1000,964.0,0.0,False,False,False,22,True,6,154,Seguro
17.5,56,12.2,7890,nublado,0.9,9,45,7.2,9.9,14.6,3718,dispersas,ninguna,humeda,1012,2000,2780.0,8.5,False,False,False,14,False,2,36,Seguro
33.0,48,12.3,9038,despejado,0.0,149,135,3.0,11.9,14.8,13374,despejado,leve,seca,1023,2500,5260.0,18.1,False,False,False,23,True,6,150,Seguro
25.4,61,14.5,8973,nublado,2.0,45,180,10.3,-10.3,16.0,2405,nublado,ninguna,humeda,1011,2500,4348.0,15.1,False,False,False,17,False,4,91,Seguro
11.7,85,46.5,2786,granizo,17.2,118,270,21.8,-41.1,69.8,748,cubierto,severa,contaminada,1020,500,224.0,6.8,False,True,False,13,False,5,126,Peligro
15.6,99,7.7,1645,niebla,0.3,165,0,2.0,-7.4,8.5,514,cubierto,ninguna,humeda,1012,500,692.0,14.2,False,False,False,0,True,8,226,Precaución
14.5,88,18.3,5282,lluvia_ligera,7.5,169,45,15.2,-10.2,22.0,1917,cubierto,moderada,mojada,1005,500,560.0,12.2,False,False,False,18,False,5,142,Precaución
32.7,45,6.8,9215,despejado,0.0,104,225,5.8,-3.5,9.5,10971,despejado,ninguna,seca,1014,2000,4604.0,26.0,False,False,False,7,False,9,244,Seguro
14.1,62,18.3,6601,nublado,0.6,8,135,14.6,-11.0,23.8,2146,nublado,leve,humeda,1018,0,-108.0,6.5,False,False,False,0,True,11,304,Seguro
26.7,29,9.5,9162,despejado,0.0,301,90,4.9,-8.1,11.4,5114,despejado,ninguna,seca,1027,2500,4504.0,20.6,False,False,False,11,False,7,187,Seguro
11.2,92,2.9,2429,niebla,1.8,52,315,2.9,-0.4,3.5,502,cubierto,ninguna,mojada,1008,2000,2024.0,10.4,False,False,False,4,True,3,76,Precaución
20.0,27,18.6,9967,despejado,0.0,291,180,17.4,-6.7,22.3,14745,despejado,ninguna,seca,1013,500,1220.0,6.7,False,False,False,22,True,6,178,Seguro
13.9,90,17.1,3386,lluvia_ligera,3.3,153,90,15.2,7.8,25.7,1067,cubierto,leve,humeda,1004,1000,1108.0,9.1,False,False,False,22,True,7,184,Precaución
34.5,46,2.4,8050,despejado,0.0,339,45,2.2,1.0,3.4,10641,despejado,ninguna,seca,1015,2500,5440.0,28.5,False,False,False,9,False,6,163,Seguro
14.0,94,8.2,2141,niebla,0.4,148,315,1.8,-8.0,9.8,748,cubierto,ninguna,mojada,1014,1000,1120.0,13.7,False,False,False,23,True,6,150,Precaución
33.5,30,8.8,8187,despejado,0.0,38,135,8.7,-1.1,10.6,7175,despejado,leve,seca,1029,2500,5320.0,19.3,False,False,False,21,True,7,188,Seguro
20.1,48,2.8,9736,despejado,0.0,206,315,2.6,-0.9,3.6,10241,despejado,leve,seca,1021,0,612.0,14.1,False,False,False,3,True,2,52,Seguro
-3.7,95,26.5,1370,nieve,8.3,231,45,2.8,-26.4,34.5,684,cubierto,leve,nevada,1018,2000,236.0,-4.1,False,False,False,21,True,6,163,Peligro
20.5,89,12.1,6745,lluvia_ligera,6.2,359,90,12.1,-0.2,15.7,1393,nublado,leve,mojada,1015,2000,3140.0,15.9,False,False,False,22,True,1,19,Precaución
14.1,89,21.4,6304,lluvia_ligera,5.8,313,0,15.7,14.6,30.0,2447,cubierto,leve,humeda,1012,2500,2992.0,9.8,False,False,False,9,False,7,193,Precaución
10.6,86,11.1,6026,lluvia_ligera,2.4,4,90,11.1,0.8,15.5,1327,cubierto,moderada,humeda,1001,2500,2572.0,8.1,False,False,False,16,False,12,330,Precaución
17.4,75,7.2,7548,nublado,0.2,146,270,6.0,-4.0,10.1,3893,nublado,leve,seca,1016,1000,1528.0,15.1,False,False,False,13,False,11,321,Seguro
14.9,64,13.7,8863,nublado,2.0,254,45,6.6,-12.0,16.4,2169,dispersas,ninguna,humeda,1020,500,608.0,6.5,False,False,False,22,True,8,237,Seguro
17.5,71,19.6,8983,nublado,1.3,256,135,16.8,-10.1,23.5,3532,dispersas,ninguna,humeda,1017,500,920.0,13.1,False,False,False,14,False,8,219,Seguro
12.1,65,6.7,7838,nublado,0.2,128,90,4.1,5.3,8.0,3884,nublado,leve,humeda,1003,2500,2752.0,0.4,False,False,False,18,False,7,186,Seguro
-6.6,76,26.2,1454,nieve,8.3,272,180,26.2,-0.9,31.4,508,cubierto,leve,contaminada,1019,2000,-112.0,-9.8,False,False,False,3,True,4,113,Peligro
17.5,63,10.0,6635,nublado,0.7,37,270,8.0,-6.0,15.0,3827,dispersas,ninguna,humeda,1000,2000,2780.0,9.5,False,False,False,2,True,12,344,Seguro
9.7,99,3.0,1906,niebla,1.3,117,180,2.7,1.4,3.6,253,cubierto,ninguna,humeda,1002,2500,2464.0,8.1,True,False,False,20,False,5,124,Precaución
8.1,95,2.7,1273,niebla,0.8,145,0,1.5,-2.2,3.2,754,cubierto,ninguna,mojada,1009,500,-208.0,8.0,True,False,False,9,False,12,330,Precaución
12.7,93,2.1,2339,niebla,1.0,69,315,1.9,-0.9,2.9,580,cubierto,ninguna,mojada,1010,2000,2204.0,11.1,False,False,False,23,True,8,224,Precaución
18.5,81,18.2,3791,lluvia_ligera,5.5,102,90,3.8,17.8,21.8,1676,nublado,leve,mojada,1013,1000,1660.0,14.8,False,False,False,14,False,2,40,Precaución
26.0,46,5.9,9585,despejado,0.0,240,90,2.9,-5.1,7.1,5773,despejado,ninguna,seca,1022,1000,2560.0,20.6,False,False,False,7,False,12,334,Seguro
23.1,73,8.7,8150,nublado,1.5,159,315,3.5,-7.9,9.6,2189,dispersas,leve,humeda,1010,1000,2212.0,18.4,False,False,False,6,False,4,91,Seguro
29.1,31,4.9,9812,despejado,0.0,86,225,3.2,-3.7,5.4,12431,despejado,ninguna,seca,1016,2000,4172.0,20.1,False,False,False,1,True,4,115,Seguro
17.6,30,7.7,8605,despejado,0.0,118,45,7.4,2.3,11.6,10198,despejado,leve,seca,1026,1000,1552.0,8.9,False,False,False,6,False,12,363,Seguro
5.0,94,8.9,1185,niebla,0.7,147,45,8.7,-1.9,13.4,313,cubierto,ninguna,mojada,1012,2000,1280.0,4.7,True,False,False,17,False,10,275,Peligro
15.9,75,18.5,8017,nublado,1.0,340,270,17.4,6.3,24.1,1776,nublado,leve,humeda,1007,0,108.0,12.2,False,False,False,14,False,9,242,Seguro
11.6,100,6.4,1951,niebla,1.1,188,135,5.1,3.9,9.0,586,cubierto,ninguna,humeda,1013,2500,2692.0,11.0,False,False,False,23,True,12,353,Precaución
27.9,53,16.6,8543,despejado,0.0,355,45,12.7,10.7,24.9,12208,despejado,ninguna,seca,1020,500,2168.0,19.3,False,False,False,6,False,8,232,Seguro
16.6,50,9.6,9751,despejado,0.0,59,0,8.2,4.9,14.4,6415,despejado,leve,seca,1013,2500,3292.0,4.8,False,False,False,0,True,3,70,Seguro
15.4,92,0.4,1875,niebla,1.3,179,0,0.0,-0.4,0.5,230,cubierto,ninguna,mojada,1005,1000,1288.0,14.6,False,False,False,6,False,8,233,Precaución
14.0,78,20.7,5234,lluvia_ligera,6.4,166,270,20.1,-5.0,24.8,2064,cubierto,moderada,mojada,1009,500,500.0,10.0,False,False,False,11,False,3,72,Peligro
15.3,100,0.3,1490,niebla,1.0,247,90,0.1,-0.3,0.3,406,cubierto,ninguna,mojada,1018,2000,2516.0,13.3,False,False,False,0,True,3,78,Precaución
18.4,37,9.5,9162,despejado,0.0,355,315,6.1,7.3,10.5,8292,despejado,leve,seca,1024,2000,2888.0,3.6,False,False,False,6,False,2,42,Seguro
15.9,79,18.5,6927,lluvia_ligera,2.7,13,90,18.0,4.2,25.9,2388,nublado,leve,humeda,1000,2500,3208.0,11.9,False,False,False,22,True,9,256,Precaución
9.1,91,39.1,1944,tormenta,29.8,348,315,21.3,32.8,43.0,380,cubierto,severa,contaminada,995,500,-88.0,7.8,True,True,True,5,True,12,332,Peligro
17.0,42,15.6,9709,despejado,0.0,279,315,9.2,12.6,21.8,11047,despejado,ninguna,seca,1022,500,860.0,7.0,False,False,False,10,False,4,104,Seguro
19.1,72,11.0,6118,nublado,0.1,220,270,8.4,7.1,13.2,1729,nublado,leve,humeda,1013,2500,3592.0,15.1,False,False,False,5,True,3,88,Seguro
22.7,45,11.8,9879,despejado,0.0,29,135,11.3,-3.3,15.3,6316,despejado,ninguna,seca,1021,0,924.0,12.0,False,False,False,22,True,2,56,Seguro
11.4,93,5.8,1936,niebla,0.1,33,45,1.2,5.7,8.1,722,cubierto,ninguna,mojada,1008,1000,808.0,11.3,False,False,False,7,False,9,266,Precaución
18.0,77,20.2,5718,lluvia_ligera,2.8,353,45,15.9,12.4,30.3,1521,nublado,moderada,mojada,1016,2500,3460.0,13.5,False,False,False,3,True,12,332,Precaución
-3.8,79,25.0,1370,nieve,7.0,24,90,22.8,10.2,35.0,1103,cubierto,leve,contaminada,1008,1000,-1016.0,-7.4,False,False,False,17,False,6,173,Peligro
8.3,76,10.5,4071,lluvia_ligera,2.7,290,180,9.9,-3.6,11.6,1504,nublado,leve,humeda,1011,500,-184.0,6.0,True,False,False,1,True,1,10,Precaución
11.8,95,8.0,2370,niebla,0.4,357,225,5.9,-5.4,8.8,100,cubierto,ninguna,humeda,1006,2000,2096.0,10.9,False,False,False,10,False,1,25,Precaución
9.8,94,10.2,1133,niebla,1.0,42,0,6.8,7.6,14.3,572,cubierto,ninguna,humeda,1013,500,-4.0,8.5,True,False,False,12,False,3,79,Precaución
15.7,96,4.8,1393,niebla,1.2,247,270,1.9,4.4,6.2,234,cubierto,ninguna,humeda,1004,500,704.0,14.1,False,False,False,7,False,12,359,Precaución
5.0,98,6.2,2455,niebla,1.5,34,180,3.5,-5.1,7.4,661,cubierto,ninguna,humeda,1012,500,-580.0,3.6,True,False,False,13,False,9,254,Precaución
31.8,27,17.5,9880,despejado,0.0,35,90,14.3,10.0,24.5,14983,despejado,ninguna,seca,1024,0,2016.0,24.3,False,False,False,19,False,2,40,Seguro
21.6,61,17.2,6820,nublado,1.0,115,225,16.2,-5.9,25.8,2075,nublado,ninguna,seca,1006,2500,3892.0,10.5,False,False,False,11,False,5,148,Seguro
6.0,92,1.6,2153,niebla,0.9,167,45,1.4,-0.8,2.1,780,cubierto,ninguna,mojada,1003,500,-460.0,4.9,True,False,False,12,False,7,198,Precaución
17.9,52,18.1,9207,despejado,0.0,315,0,12.8,12.8,23.5,14992,despejado,ninguna,seca,1015,500,968.0,11.2,False,False,False,9,False,2,58,Seguro
15.3,77,21.4,3422,lluvia_ligera,2.9,290,0,20.1,7.3,32.1,1030,cubierto,leve,mojada,1016,2500,3136.0,10.5,False,False,False,22,True,10,296,Peligro
16.6,94,9.1,2487,niebla,1.5,79,135,7.5,5.1,10.0,455,cubierto,ninguna,humeda,1013,1000,1432.0,16.6,False,False,False,4,True,12,330,Precaución
-5.7,86,19.4,3416,nieve,18.6,283,315,10.3,16.5,27.2,1630,cubierto,leve,nevada,1012,2500,616.0,-9.2,False,False,False,22,True,9,254,Peligro
17.7,75,18.5,5621,lluvia_ligera,7.9,325,0,10.6,15.2,24.1,909,cubierto,leve,humeda,1017,500,944.0,13.5,False,False,False,19,False,7,193,Precaución
-3.9,83,19.4,1625,nieve,15.3,47,225,0.7,-19.4,21.3,1371,cubierto,leve,nevada,1011,500,-1648.0,-7.6,False,False,False,18,False,10,288,Peligro
13.2,97,8.9,1674,niebla,0.0,35,180,5.1,-7.3,10.7,135,cubierto,ninguna,mojada,1009,2500,2884.0,12.2,False,False,False,10,False,2,51,Precaución
11.0,70,20.7,6141,lluvia_ligera,5.8,65,90,8.7,18.8,24.8,1089,cubierto,leve,mojada,1002,1000,760.0,2.1,False,False,False,21,True,3,70,Precaución
7.0,98,50.4,2025,tormenta,33.9,317,270,36.9,34.4,60.5,602,cubierto,severa,mojada,991,0,-960.0,6.7,True,True,True,7,False,9,262,Peligro
-0.8,81,31.3,1661,nieve,11.9,102,135,17.0,26.3,37.6,1880,cubierto,leve,nevada,1002,0,-1896.0,-3.4,False,False,False,14,False,8,236,Peligro
10.4,89,21.2,3468,lluvia_ligera,7.2,172,0,3.0,-21.0,29.7,2227,cubierto,moderada,mojada,1001,1000,688.0,6.4,False,False,False,16,False,6,171,Precaución
13.5,82,38.0,4807,granizo,12.9,192,270,37.2,7.9,41.8,531,cubierto,severa,contaminada,1005,500,440.0,10.8,False,True,False,11,False,6,168,Peligro
13.4,65,11.3,6893,nublado,1.6,25,270,10.2,-4.8,12.4,2659,nublado,ninguna,humeda,1018,0,-192.0,-0.5,False,False,False,5,True,8,222,Seguro
19.1,81,43.8,2791,granizo,15.0,189,0,6.9,-43.3,48.2,616,cubierto,severa,mojada,1005,500,1112.0,14.9,False,True,True,17,False,5,133,Peligro
19.1,47,5.0,9306,despejado,0.0,246,270,2.0,4.6,7.0,5738,despejado,leve,seca,1028,1000,1732.0,5.1,False,False,False,0,True,1,2,Seguro
26.7,71,20.5,8841,nublado,1.8,209,315,19.7,-5.7,26.7,2777,dispersas,leve,seca,1019,0,1404.0,23.3,False,False,False,0,True,6,163,Seguro
18.5,88,25.3,1578,granizo,18.0,198,315,22.5,-11.5,32.9,1377,cubierto,severa,mojada,1001,500,1040.0,13.5,False,True,True,16,False,5,137,Peligro
7.1,93,6.5,1338,niebla,1.3,87,45,4.3,4.8,8.5,397,cubierto,ninguna,mojada,1016,2500,2152.0,6.5,True,False,False,21,True,11,315,Peligro
17.9,92,2.5,2189,niebla,0.5,266,180,2.5,0.2,3.2,516,cubierto,ninguna,mojada,1010,500,968.0,16.1,False,False,False,20,False,9,255,Precaución
16.9,78,22.8,6834,lluvia_ligera,2.3,274,135,15.0,-17.2,31.9,2077,nublado,leve,mojada,1012,1000,1468.0,12.3,False,False,False,19,False,6,150,Precaución
25.5,60,10.7,8135,nublado,0.1,179,270,10.7,-0.2,11.8,3663,nublado,leve,humeda,1012,500,1880.0,20.1,False,False,False,12,False,8,222,Seguro
4.2,92,16.6,1799,nieve,8.0,160,135,7.0,15.0,23.2,1329,cubierto,leve,nevada,1005,500,-676.0,3.5,True,False,False,12,False,2,56,Peligro
24.2,54,21.1,6377,nublado,0.2,344,90,20.3,-5.8,25.3,1950,dispersas,ninguna,seca,1004,0,1104.0,15.0,False,False,False,10,False,9,254,Precaución
7.1,98,10.1,2389,niebla,0.9,31,225,2.4,-9.8,14.1,713,cubierto,ninguna,humeda,1020,1000,292.0,5.4,True,False,False,15,False,4,102,Precaución
5.3,89,40.3,1707,lluvia_fuerte,23.6,186,0,4.2,-40.1,52.4,1167,cubierto,moderada,contaminada,1005,1000,76.0,0.3,False,False,False,22,True,6,168,Peligro
17.7,95,10.7,1503,niebla,1.5,87,135,8.0,7.2,13.9,800,cubierto,ninguna,humeda,1006,1000,1564.0,16.7,False,False,False,23,True,4,97,Precaución
33.6,28,9.4,9417,despejado,0.0,248,180,8.7,3.5,11.3,13428,despejado,leve,seca,1011,2000,4712.0,23.9,False,False,False,3,True,1,29,Seguro
17.9,81,29.4,4799,lluvia_ligera,3.1,210,45,7.6,-28.4,44.1,806,cubierto,leve,mojada,1018,500,968.0,14.5,False,False,False,15,False,10,297,Precaución
24.5,57,24.6,7724,nublado,1.9,33,315,24.1,5.1,36.9,2692,dispersas,ninguna,seca,1013,0,1140.0,13.3,False,False,False,10,False,11,304,Precaución
23.6,61,19.6,8918,nublado,1.8,150,135,5.1,18.9,21.6,1513,dispersas,leve,humeda,1010,1000,2272.0,16.1,False,False,False,22,True,3,65,Seguro
12.3,98,44.6,816,tormenta,25.5,126,315,7.0,-44.1,62.4,784,cubierto,severa,contaminada,990,0,-324.0,11.7,False,True,False,21,True,3,63,Peligro
14.4,90,18.4,6807,lluvia_ligera,5.4,270,270,0.0,18.4,22.1,1058,nublado,moderada,humeda,1003,1000,1168.0,9.5,False,False,False,9,False,12,337,Precaución
-5.9,94,21.5,1063,nieve,12.9,349,315,12.0,17.8,30.1,1505,cubierto,moderada,nevada,1002,1000,-1268.0,-6.0,False,False,False,18,False,8,220,Peligro
19.1,88,12.1,6969,lluvia_ligera,3.7,211,315,11.7,-2.9,16.9,2413,nublado,leve,humeda,1019,0,492.0,14.8,False,False,False,18,False,2,55,Seguro
23.7,26,5.5,9725,despejado,0.0,55,45,1.0,5.4,7.7,13253,despejado,ninguna,seca,1014,0,1044.0,12.6,False,False,False,18,False,2,58,Seguro
13.7,97,42.3,1927,tormenta,22.8,217,270,33.8,25.5,46.5,914,cubierto,severa,contaminada,994,0,-156.0,12.6,False,True,False,0,True,10,298,Peligro
-2.5,91,34.4,1462,nieve,6.3,296,0,30.9,15.1,48.2,1569,cubierto,moderada,contaminada,1005,2000,380.0,-2.6,False,False,False,1,True,6,165,Peligro
33.2,28,10.3,9093,despejado,0.0,333,90,9.2,-4.7,14.4,9810,despejado,ninguna,seca,1015,500,2804.0,18.9,False,False,False,18,False,6,164,Seguro
15.0,68,19.4,8156,nublado,1.1,283,135,10.3,-16.5,27.2,3406,nublado,leve,seca,1012,2500,3100.0,1.7,False,False,False,4,True,1,26,Seguro
17.6,80,10.4,6568,lluvia_ligera,6.8,60,270,5.2,-9.0,13.5,1381,nublado,moderada,humeda,1008,500,932.0,12.9,False,False,False,13,False,8,214,Precaución
32.8,39,8.3,9883,despejado,0.0,273,90,0.4,-8.3,11.6,13857,despejado,ninguna,seca,1014,2000,4616.0,25.4,False,False,False,17,False,8,221,Seguro
5.2,99,24.7,1117,lluvia_fuerte,17.1,43,135,24.7,-0.9,32.1,1387,cubierto,moderada,contaminada,984,2000,1304.0,4.2,True,True,False,16,False,6,171,Peligro
18.7,41,17.2,9187,despejado,0.0,283,0,16.8,3.9,18.9,10199,despejado,ninguna,seca,1018,1000,1684.0,13.5,False,False,False,11,False,10,277,Seguro
26.5,47,10.6,9692,despejado,0.0,257,180,10.3,2.4,11.7,13765,despejado,ninguna,seca,1020,0,1380.0,12.7,False,False,False,9,False,4,109,Seguro
-6.6,83,24.2,3023,nieve,7.6,33,270,20.3,-13.2,29.0,796,cubierto,leve,nevada,1018,500,-1972.0,-11.2,False,False,False,23,True,5,141,Peligro
13.3,93,46.7,819,tormenta,19.8,286,135,22.6,-40.8,51.4,229,cubierto,severa,contaminada,981,500,416.0,11.9,False,True,True,20,False,1,3,Peligro
14.3,93,1.8,2070,niebla,1.8,270,0,1.8,0.0,2.3,197,cubierto,ninguna,humeda,1012,500,536.0,12.7,False,False,False,23,True,9,255,Precaución
22.6,70,13.0,8656,nublado,1.9,358,0,0.5,13.0,19.5,2764,nublado,leve,seca,1018,1000,2152.0,15.1,False,False,False,22,True,8,231,Seguro
25.8,54,11.4,8939,nublado,1.0,58,270,6.0,-9.7,12.5,3536,nublado,ninguna,seca,1006,2000,3776.0,13.4,False,False,False,13,False,1,7,Seguro
17.2,70,11.1,7653,nublado,0.2,108,0,10.6,-3.4,15.5,2703,dispersas,leve,seca,1011,0,264.0,7.6,False,False,False,12,False,7,185,Seguro
17.8,71,9.4,7590,nublado,1.8,276,90,1.0,-9.3,12.2,3971,dispersas,leve,humeda,1000,2000,2816.0,14.0,False,False,False,1,True,12,335,Seguro
14.5,93,1.6,2402,niebla,1.8,142,180,1.0,1.3,2.2,551,cubierto,ninguna,humeda,1010,2000,2420.0,14.3,False,False,False,22,True,7,205,Precaución
20.7,52,5.8,7405,nublado,0.5,171,315,3.4,-4.7,7.0,2181,nublado,ninguna,humeda,1003,2500,3784.0,8.2,False,False,False,16,False,9,254,Seguro
15.6,70,14.0,5221,lluvia_ligera,6.4,233,225,1.9,13.9,16.8,2413,nublado,leve,mojada,1008,2000,2552.0,8.3,False,False,False,7,False,7,187,Seguro
-3.7,78,31.4,2350,nieve,11.2,281,90,6.0,-30.8,40.8,1414,cubierto,moderada,contaminada,1010,1000,-1004.0,-6.7,False,False,False,12,False,9,264,Peligro
17.9,55,4.5,9299,despejado,0.0,62,180,4.0,-2.1,5.4,5250,despejado,ninguna,seca,1011,2500,3448.0,12.5,False,False,False,18,False,11,324,Seguro
18.7,51,16.3,8452,nublado,1.0,50,135,16.2,1.4,19.6,1721,nublado,leve,humeda,1001,0,444.0,7.1,False,False,False,22,True,9,248,Seguro
10.1,72,39.5,3007,granizo,20.2,274,90,2.8,-39.4,59.2,836,cubierto,severa,contaminada,1019,1000,652.0,7.3,False,True,True,11,False,9,262,Peligro
25.9,55,18.2,8005,despejado,0.0,282,270,3.8,17.8,20.0,11565,despejado,leve,seca,1012,2000,3788.0,18.2,False,False,False,16,False,2,54,Seguro
7.7,99,54.2,1901,tormenta,16.8,133,90,37.0,39.6,81.3,991,cubierto,severa,contaminada,996,500,-256.0,6.7,True,True,True,14,False,11,301,Peligro
10.1,93,5.6,1491,niebla,1.7,42,0,3.7,4.2,7.8,364,cubierto,ninguna,humeda,1013,500,32.0,9.8,False,False,False,13,False,4,109,Precaución
14.9,59,12.9,6217,nublado,1.0,10,45,7.4,10.6,15.5,1737,nublado,leve,seca,1017,2000,2468.0,7.7,False,False,False,7,False,2,34,Seguro
10.5,72,25.1,5501,lluvia_ligera,5.9,192,90,24.6,-5.2,35.1,1871,nublado,moderada,humeda,1006,0,-540.0,6.6,False,False,False,7,False,8,211,Precaución
20.8,77,25.7,4969,lluvia_ligera,5.9,254,315,22.5,12.5,30.8,1531,nublado,moderada,mojada,1006,0,696.0,15.9,False,False,False,11,False,2,40,Peligro
-1.4,75,17.0,2890,nieve,16.0,75,90,4.4,16.4,23.8,1242,cubierto,moderada,contaminada,1004,1000,-728.0,-4.6,False,False,False,19,False,11,301,Peligro
13.5,99,4.8,1728,niebla,0.4,282,180,4.7,-1.0,5.8,153,cubierto,ninguna,humeda,1018,1000,1060.0,12.3,False,False,False,1,True,9,247,Precaución
10.1,97,1.8,1994,niebla,1.7,305,0,1.5,1.0,2.2,401,cubierto,ninguna,humeda,1014,1000,652.0,8.7,False,False,False,4,True,12,353,Precaución
26.9,41,10.3,9770,despejado,0.0,303,315,2.1,10.1,13.4,8840,despejado,leve,seca,1020,1000,2668.0,18.4,False,False,False,11,False,1,11,Seguro
14.6,79,26.5,3019,lluvia_ligera,5.3,204,0,10.8,-24.2,31.8,2225,nublado,leve,humeda,1013,2000,2432.0,10.3,False,False,False,13,False,9,265,Precaución
15.5,75,14.9,3427,lluvia_ligera,6.7,322,135,1.8,-14.8,20.9,962,cubierto,moderada,humeda,1006,500,680.0,12.4,False,False,False,14,False,6,154,Precaución
16.8,51,12.8,9635,despejado,0.0,177,315,8.6,-9.5,14.1,7942,despejado,ninguna,seca,1010,0,216.0,7.3,False,False,False,15,False,3,77,Seguro
22.8,44,5.7,9428,despejado,0.0,77,90,1.3,5.6,8.0,6567,despejado,ninguna,seca,1013,0,936.0,10.3,False,False,False,13,False,12,352,Seguro
19.9,46,6.6,9686,despejado,0.0,32,135,6.4,-1.5,7.9,12144,despejado,ninguna,seca,1016,2500,3688.0,9.2,False,False,False,4,True,6,155,Seguro
5.9,95,7.7,1826,niebla,1.2,133,0,5.6,-5.3,10.8,323,cubierto,ninguna,humeda,1016,1000,148.0,4.0,True,False,False,10,False,5,127,Precaución
30.1,46,19.7,9365,despejado,0.0,36,45,3.1,19.5,29.5,14402,despejado,ninguna,seca,1023,1000,3052.0,18.7,False,False,False,15,False,7,204,Seguro
17.9,35,16.7,9524,despejado,0.0,302,0,14.2,8.8,21.7,14565,despejado,ninguna,seca,1016,500,968.0,8.3,False,False,False,6,False,6,153,Seguro
18.5,81,21.6,5540,lluvia_ligera,5.1,59,270,11.1,-18.5,32.4,2419,nublado,leve,humeda,1006,500,1040.0,14.2,False,False,False,18,False,5,132,Precaución
-7.4,76,19.8,1170,nieve,10.9,66,180,18.1,-8.1,27.7,888,cubierto,moderada,nevada,1013,1000,-1448.0,-11.9,False,False,False,19,False,10,280,Peligro
14.1,52,24.6,6488,nublado,1.1,352,225,19.6,-14.8,34.4,3603,dispersas,ninguna,humeda,1019,0,-108.0,2.4,False,False,False,2,True,8,233,Precaución
7.8,97,8.3,2379,niebla,0.9,235,180,6.8,4.8,10.8,155,cubierto,ninguna,mojada,1002,2500,2236.0,6.5,True,False,False,17,False,7,204,Peligro
10.6,94,1.0,875,niebla,0.6,273,0,1.0,0.1,1.4,689,cubierto,ninguna,humeda,1004,2000,1952.0,8.9,False,False,False,12,False,2,42,Precaución
16.0,94,11.2,1141,niebla,0.4,131,45,11.2,0.8,13.4,729,cubierto,ninguna,mojada,1016,1000,1360.0,14.5,False,False,False,7,False,11,323,Precaución
32.0,28,15.2,8524,despejado,0.0,107,0,14.5,-4.4,19.8,13752,despejado,leve,seca,1016,500,2660.0,20.6,False,False,False,11,False,4,93,Seguro
12.2,97,1.8,1990,niebla,0.2,122,315,0.4,-1.8,2.3,284,cubierto,ninguna,mojada,1014,500,284.0,11.0,False,False,False,18,False,2,53,Precaución
21.0,56,14.3,7049,nublado,1.5,55,90,8.2,11.7,21.5,2187,dispersas,ninguna,humeda,1018,2000,3200.0,12.0,False,False,False,22,True,4,102,Seguro
23.9,65,10.3,6289,nublado,1.5,123,90,5.6,8.6,15.5,3410,dispersas,leve,seca,1017,2500,4168.0,15.9,False,False,False,12,False,8,224,Seguro
16.2,98,11.2,1386,niebla,1.2,32,225,2.5,-10.9,14.6,780,cubierto,ninguna,mojada,1013,1000,1384.0,15.5,False,False,False,19,False,10,298,Precaución
17.2,78,16.2,3768,lluvia_ligera,5.2,357,0,0.8,16.2,19.4,1434,nublado,leve,humeda,1014,2500,3364.0,12.4,False,False,False,3,True,12,354,Precaución
32.2,47,6.0,8797,despejado,0.0,120,135,1.6,5.8,7.8,11409,despejado,ninguna,seca,1020,500,2684.0,26.9,False,False,False,0,True,12,349,Seguro
12.4,74,22.8,8224,nublado,0.3,222,180,15.3,16.9,27.4,3896,nublado,leve,humeda,1001,2000,2168.0,9.5,False,False,False,8,False,8,210,Precaución
17.7,71,21.7,7015,nublado,0.9,240,45,5.6,-21.0,32.5,3487,nublado,leve,humeda,1013,2000,2804.0,12.8,False,False,False,23,True,9,266,Seguro
-7.7,77,13.2,1992,nieve,12.8,89,0,13.2,0.2,19.8,1338,cubierto,leve,nevada,1004,2500,376.0,-11.9,False,False,True,20,False,8,219,Peligro
29.1,51,19.6,8224,despejado,0.0,120,225,18.9,-5.1,27.4,9623,despejado,ninguna,seca,1022,1000,2932.0,17.0,False,False,False,12,False,7,196,Seguro
29.5,47,1.3,9360,despejado,0.0,290,0,1.2,0.4,1.4,12555,despejado,leve,seca,1024,1000,2980.0,20.4,False,False,False,0,True,9,256,Seguro
6.7,99,8.0,1529,niebla,0.2,50,45,0.7,8.0,10.4,606,cubierto,ninguna,mojada,1013,2000,1484.0,5.4,True,False,False,14,False,1,23,Precaución
20.9,72,15.8,7243,nublado,1.0,83,45,9.7,12.5,22.1,2737,nublado,ninguna,seca,1014,2500,3808.0,17.5,False,False,False,10,False,9,269,Seguro
13.7,84,20.4,4261,lluvia_ligera,7.2,133,270,13.9,-14.9,28.6,1697,cubierto,leve,humeda,1008,2000,2324.0,8.9,False,False,False,19,False,5,124,Precaución
9.2,96,35.5,1901,tormenta,29.7,40,0,22.8,27.2,42.6,788,cubierto,severa,contaminada,986,0,-696.0,7.3,True,True,True,10,False,6,177,Peligro
18.8,46,19.0,8520,despejado,0.0,299,0,16.6,9.2,22.8,6619,despejado,ninguna,seca,1020,0,456.0,10.8,False,False,False,0,True,2,37,Seguro
11.9,87,28.8,1265,lluvia_fuerte,14.8,321,225,28.6,-3.0,34.6,418,cubierto,severa,contaminada,997,500,248.0,8.4,False,False,False,17,False,9,263,Peligro
18.6,79,11.0,5131,lluvia_ligera,2.9,19,225,4.8,-9.9,13.2,2427,cubierto,moderada,humeda,1001,2500,3532.0,15.0,False,False,False,1,True,5,131,Seguro
23.7,78,39.0,4021,granizo,19.9,284,315,20.1,33.4,58.5,763,cubierto,severa,contaminada,1004,2500,4144.0,20.7,False,True,False,9,False,6,172,Peligro
21.2,58,24.5,6008,nublado,1.4,167,315,13.0,-20.8,34.3,3459,nublado,ninguna,seca,1011,0,744.0,6.7,False,False,False,2,True,2,56,Seguro
5.2,100,46.9,1501,tormenta,17.9,65,315,44.1,-16.0,65.7,248,cubierto,moderada,contaminada,986,2500,1924.0,3.9,True,True,False,17,False,11,329,Peligro
6.7,93,9.2,1933,niebla,0.7,327,270,7.7,5.0,12.9,795,cubierto,ninguna,mojada,1011,2000,1484.0,5.9,True,False,False,13,False,4,110,Precaución
16.0,78,16.0,6250,lluvia_ligera,3.8,141,270,12.4,-10.1,20.8,2398,nublado,leve,humeda,1007,2500,3220.0,11.7,False,False,False,10,False,12,340,Seguro
13.8,72,27.8,6165,lluvia_ligera,5.2,342,225,24.8,-12.6,30.6,2490,nublado,leve,mojada,1019,500,476.0,8.9,False,False,False,0,True,8,212,Precaución
5.9,91,30.7,3778,lluvia_fuerte,16.0,109,90,10.0,29.0,39.9,547,cubierto,severa,mojada,990,0,-1092.0,5.7,True,False,False,4,True,8,213,Peligro
12.5,71,9.9,8915,nublado,1.7,356,45,7.5,6.5,12.9,1637,nublado,ninguna,humeda,1019,500,320.0,9.9,False,False,False,15,False,12,365,Seguro
21.7,29,9.5,9440,despejado,0.0,315,225,9.5,0.0,10.5,7952,despejado,leve,seca,1013,1000,2044.0,14.5,False,False,False,16,False,4,100,Seguro
-2.7,90,32.8,3631,nieve,9.2,259,225,18.3,27.2,39.4,566,cubierto,leve,contaminada,1016,1000,-884.0,-6.7,False,False,False,1,True,7,199,Peligro
8.1,97,8.1,1053,niebla,0.2,43,180,5.5,-5.9,12.1,508,cubierto,ninguna,humeda,1017,1000,412.0,7.0,True,False,False,16,False,8,226,Precaución
2.2,95,20.5,3422,nieve,7.9,141,270,15.9,-12.9,30.8,1117,cubierto,leve,nevada,1003,2500,1564.0,0.3,True,False,False,4,True,4,106,Peligro
22.5,89,28.3,2067,granizo,20.1,76,135,24.3,14.6,31.1,1443,cubierto,severa,contaminada,1019,2500,4000.0,19.3,False,True,False,7,False,7,203,Peligro
-4.2,81,18.2,2555,nieve,13.5,250,315,16.5,7.7,23.7,903,cubierto,moderada,contaminada,1011,500,-1684.0,-6.6,False,False,False,17,False,9,251,Peligro
12.3,80,46.9,1667,granizo,17.6,218,270,37.0,28.9,70.3,1023,cubierto,severa,mojada,1015,1000,916.0,9.6,False,True,False,3,True,2,46,Peligro
20.3,84,47.2,3251,granizo,18.1,201,90,44.1,-16.9,61.4,585,cubierto,severa,contaminada,1014,2000,3116.0,15.8,False,True,False,1,True,5,126,Peligro
28.2,42,9.2,8111,despejado,0.0,318,315,0.5,9.2,12.9,8073,despejado,leve,seca,1011,500,2204.0,20.5,False,False,False,4,True,5,148,Seguro
33.8,37,8.3,9367,despejado,0.0,98,270,1.2,-8.2,11.6,6007,despejado,ninguna,seca,1012,500,2876.0,24.4,False,False,False,8,False,11,312,Seguro
10.6,97,2.3,1781,niebla,0.6,101,45,1.9,1.3,3.2,633,cubierto,ninguna,humeda,1011,0,-528.0,9.1,False,False,False,3,True,5,149,Precaución
1.5,82,17.8,3383,nieve,5.0,103,270,4.0,-17.3,19.6,798,cubierto,leve,contaminada,1014,500,-1000.0,-2.2,False,False,False,21,True,7,202,Precaución
15.5,98,3.6,1361,niebla,0.1,13,315,3.1,1.9,4.3,488,cubierto,ninguna,humeda,1008,0,60.0,14.1,False,False,False,2,True,5,133,Precaución
5.5,98,10.2,2475,niebla,1.4,228,180,7.6,6.8,13.3,574,cubierto,ninguna,mojada,1008,0,-1140.0,4.3,True,False,False,5,True,7,206,Precaución
20.8,38,19.8,9458,despejado,0.0,350,270,19.5,3.4,21.8,6933,despejado,ninguna,seca,1030,2000,3176.0,6.0,False,False,False,23,True,6,159,Seguro
15.7,93,11.2,1042,niebla,1.3,8,90,11.1,1.6,13.4,504,cubierto,ninguna,humeda,1005,2000,2564.0,15.5,False,False,False,0,True,9,267,Precaución
9.6,82,21.1,6605,lluvia_ligera,2.1,112,225,19.4,-8.2,31.7,1847,cubierto,leve,humeda,1008,2000,1832.0,5.8,False,False,False,20,False,8,216,Precaución
14.0,84,20.9,6180,lluvia_ligera,3.6,179,225,15.0,14.5,27.2,1498,cubierto,leve,humeda,1002,2000,2360.0,9.2,False,False,False,19,False,7,197,Precaución
25.1,74,5.3,6888,nublado,1.4,50,0,4.1,3.4,7.9,2654,dispersas,leve,seca,1015,1000,2452.0,21.0,False,False,False,5,True,8,226,Seguro
27.5,68,23.6,8388,nublado,0.0,35,45,4.1,23.2,26.0,2824,nublado,leve,seca,1010,500,2120.0,15.6,False,False,False,10,False,12,355,Seguro
21.8,43,15.0,9965,despejado,0.0,359,225,10.8,-10.4,19.5,5375,despejado,leve,seca,1013,2000,3296.0,12.0,False,False,False,1,True,7,207,Seguro
25.9,53,12.3,6693,nublado,0.8,222,135,12.3,0.6,17.2,2149,dispersas,leve,seca,1005,1000,2548.0,18.8,False,False,False,9,False,4,105,Seguro
7.4,99,4.5,1302,niebla,1.0,275,135,2.9,-3.4,5.4,377,cubierto,ninguna,mojada,1019,0,-912.0,6.9,True,False,False,12,False,10,282,Peligro
11.7,73,15.5,3689,lluvia_ligera,2.2,172,270,15.3,-2.2,21.7,1707,cubierto,leve,humeda,1009,2500,2704.0,8.6,False,False,False,13,False,1,28,Precaución
13.4,73,19.3,8547,nublado,1.3,50,135,19.2,1.7,27.0,2177,nublado,leve,humeda,1017,0,-192.0,10.1,False,False,False,16,False,5,137,Seguro
18.8,73,17.8,6119,nublado,0.8,62,315,17.0,-5.2,24.9,1610,dispersas,leve,humeda,1009,2000,2936.0,16.2,False,False,False,1,True,3,89,Seguro
15.1,26,16.6,8205,despejado,0.0,71,270,5.4,-15.7,23.2,5101,despejado,ninguna,seca,1015,2000,2492.0,4.5,False,False,False,6,False,11,315,Seguro
15.6,94,4.0,1576,niebla,1.2,153,135,1.2,3.8,5.6,358,cubierto,ninguna,mojada,1010,500,692.0,15.4,False,False,False,1,True,7,190,Precaución
8.0,90,37.6,2987,tormenta,17.5,64,315,35.6,-12.2,41.4,246,cubierto,severa,contaminada,980,2500,2260.0,5.1,True,True,False,15,False,8,226,Peligro
14.5,95,11.0,1272,niebla,1.9,322,135,1.3,-10.9,14.3,376,cubierto,ninguna,humeda,1010,2500,3040.0,13.4,False,False,False,3,True,10,280,Precaución
21.3,72,7.3,6609,nublado,0.1,177,225,5.4,4.9,10.2,1557,dispersas,leve,humeda,1010,1000,1996.0,16.8,False,False,False,23,True,10,271,Seguro
7.9,92,34.3,1732,lluvia_fuerte,18.4,345,315,17.1,29.7,48.0,1443,cubierto,moderada,mojada,993,0,-852.0,7.6,True,False,False,5,True,10,282,Peligro
11.5,95,8.5,1630,niebla,1.5,53,0,6.8,5.1,10.2,722,cubierto,ninguna,humeda,1005,0,-420.0,10.8,False,False,False,18,False,5,144,Precaución
11.5,73,19.3,4386,lluvia_ligera,5.4,233,225,2.7,19.1,27.0,1806,nublado,leve,mojada,1006,0,-420.0,7.3,False,False,False,2,True,1,29,Precaución
11.7,94,43.5,3258,lluvia_fuerte,14.4,53,90,26.2,34.7,52.2,800,cubierto,severa,contaminada,993,2500,2704.0,10.7,False,False,False,2,True,4,105,Peligro
11.4,92,44.7,2286,lluvia_fuerte,19.2,144,225,44.1,7.0,62.6,1374,cubierto,severa,contaminada,987,1000,808.0,9.5,False,False,False,8,False,6,150,Peligro
11.0,95,5.2,1664,niebla,1.5,161,315,2.3,-4.7,5.7,694,cubierto,ninguna,humeda,1005,2000,2000.0,9.3,False,False,False,23,True,10,295,Precaución
23.0,61,18.4,8201,nublado,1.4,282,225,15.4,10.0,23.9,2644,dispersas,ninguna,humeda,1002,2500,4060.0,13.8,False,False,False,8,False,3,77,Seguro
24.9,75,16.5,6787,nublado,1.7,69,225,6.7,-15.1,19.8,3772,nublado,leve,humeda,1005,2000,3668.0,21.9,False,False,False,5,True,9,252,Seguro
17.0,58,11.4,8411,nublado,1.1,127,0,9.1,-6.9,16.0,1578,dispersas,leve,humeda,1016,500,860.0,10.7,False,False,False,4,True,5,143,Seguro
25.1,58,21.2,7483,nublado,1.2,281,0,20.8,4.0,29.7,2653,nublado,leve,seca,1006,2000,3692.0,15.3,False,False,False,1,True,8,229,Precaución
19.7,73,19.4,8564,nublado,1.4,143,135,2.7,19.2,25.2,3210,nublado,leve,seca,1017,2500,3664.0,16.9,False,False,False,3,True,5,133,Seguro
17.0,44,1.5,8874,despejado,0.0,245,270,0.6,1.4,1.8,12805,despejado,ninguna,seca,1025,0,240.0,11.8,False,False,False,2,True,4,101,Seguro
16.0,94,11.0,1089,niebla,0.4,88,180,11.0,-0.4,15.4,171,cubierto,ninguna,humeda,1006,0,120.0,15.7,False,False,False,19,False,3,74,Peligro
20.6,77,24.7,5185,lluvia_ligera,7.7,118,270,11.6,-21.8,29.6,1031,cubierto,leve,humeda,1001,2500,3772.0,16.0,False,True,False,17,False,2,38,Peligro
13.7,54,7.0,8845,nublado,1.6,214,90,5.8,-3.9,9.1,3876,dispersas,leve,seca,1015,0,-156.0,4.0,False,False,False,19,False,11,318,Seguro
25.7,62,19.1,6581,nublado,1.0,44,180,13.3,-13.7,26.7,3915,nublado,leve,seca,1018,2500,4384.0,12.5,False,False,False,1,True,6,151,Seguro
23.5,53,7.8,9915,despejado,0.0,177,135,5.2,5.8,10.9,13324,despejado,ninguna,seca,1013,1000,2260.0,14.9,False,False,False,13,False,12,347,Seguro
18.2,39,8.5,8754,despejado,0.0,2,90,8.5,0.3,10.2,6860,despejado,ninguna,seca,1030,0,384.0,4.2,False,False,False,3,True,11,320,Seguro
17.7,92,3.0,1375,niebla,1.1,105,90,0.8,2.9,3.6,537,cubierto,ninguna,mojada,1001,0,324.0,17.6,False,False,False,11,False,4,109,Precaución
16.9,100,3.0,1871,niebla,0.7,128,45,3.0,0.4,3.3,322,cubierto,ninguna,mojada,1000,0,228.0,15.3,False,False,False,21,True,3,88,Precaución
14.7,73,20.1,4661,lluvia_ligera,5.8,248,45,7.9,-18.5,28.1,912,cubierto,moderada,humeda,1001,0,-36.0,12.2,False,False,False,2,True,8,223,Precaución
-1.4,80,23.3,3457,nieve,11.6,211,225,5.6,22.6,32.6,1121,cubierto,moderada,contaminada,1010,2500,1132.0,-4.1,False,False,False,17,False,4,110,Peligro
33.7,54,3.1,8273,despejado,0.0,112,315,1.2,-2.9,3.4,12539,despejado,ninguna,seca,1029,2500,5344.0,19.2,False,False,False,0,True,3,78,Seguro
24.4,69,9.3,7786,nublado,1.0,150,225,9.0,2.4,11.2,3589,nublado,leve,humeda,1002,500,1748.0,13.9,False,False,False,2,True,1,20,Seguro
13.2,77,12.8,4464,lluvia_ligera,5.1,88,315,9.4,-8.7,15.4,1948,cubierto,moderada,humeda,1004,0,-216.0,10.8,False,False,False,3,True,2,46,Precaución
27.6,54,18.7,8440,nublado,1.0,340,0,6.4,17.6,24.3,2380,dispersas,leve,humeda,1013,1000,2752.0,21.0,False,False,False,10,False,2,35,Seguro
23.6,73,42.4,3571,granizo,17.3,153,180,19.2,37.8,50.9,1318,cubierto,severa,contaminada,1019,2000,3512.0,18.8,False,True,False,21,True,2,34,Peligro
17.7,99,0.3,1995,niebla,0.8,245,180,0.3,0.1,0.4,454,cubierto,ninguna,humeda,1010,0,324.0,17.5,False,False,False,6,False,10,297,Precaución
14.5,82,22.4,5386,lluvia_ligera,6.2,239,45,5.4,-21.7,26.9,2379,cubierto,leve,mojada,1001,500,560.0,10.1,False,False,False,5,True,1,11,Precaución
30.0,53,7.5,8678,despejado,0.0,146,270,6.2,-4.2,8.2,9293,despejado,leve,seca,1014,2500,4900.0,15.1,False,False,False,23,True,3,77,Seguro
15.1,92,7.8,1377,niebla,1.4,296,315,2.5,7.4,9.4,413,cubierto,ninguna,mojada,1008,0,12.0,14.0,False,False,False,23,True,11,313,Precaución
21.5,40,10.4,8239,despejado,0.0,308,270,6.4,8.2,12.5,7811,despejado,leve,seca,1016,2500,3880.0,7.4,False,False,False,13,False,10,280,Seguro
18.5,86,29.8,1627,lluvia_fuerte,24.2,336,315,10.7,27.8,32.8,1335,cubierto,moderada,mojada,994,0,420.0,14.0,False,True,False,19,False,10,271,Peligro
12.5,52,8.2,7915,nublado,2.0,0,270,8.2,0.0,9.8,2766,dispersas,leve,humeda,1003,0,-300.0,-1.3,False,False,False,3,True,3,61,Seguro
1.8,87,23.8,1275,nieve,10.5,311,90,15.6,-18.0,35.7,1008,cubierto,leve,contaminada,1004,2000,896.0,-1.6,False,False,False,22,True,3,86,Peligro
12.2,63,9.5,8756,nublado,1.5,86,135,7.2,6.2,12.3,2879,dispersas,leve,humeda,1006,500,284.0,3.9,False,False,False,21,True,7,190,Seguro
19.2,74,8.9,7131,nublado,1.4,114,90,3.6,8.1,10.7,2990,dispersas,leve,seca,1019,2000,2984.0,15.5,False,False,False,8,False,6,164,Seguro
6.7,99,6.6,2499,niebla,0.7,111,315,2.7,-6.0,7.3,224,cubierto,ninguna,humeda,1017,1000,244.0,6.1,True,False,False,18,False,1,26,Precaución
20.9,33,11.6,8326,despejado,0.0,34,90,9.6,6.5,16.2,12879,despejado,ninguna,seca,1016,2000,3188.0,10.2,False,False,False,16,False,8,232,Seguro
14.1,87,24.1,5505,lluvia_ligera,7.9,68,45,9.4,22.2,26.5,2452,nublado,moderada,mojada,1003,2500,2992.0,11.6,False,False,False,9,False,11,310,Precaución
-4.3,81,18.1,1393,nieve,17.6,234,180,14.6,10.6,25.3,1363,cubierto,moderada,contaminada,1016,500,-1696.0,-6.3,False,False,True,18,False,11,302,Peligro
-4.9,84,18.1,2243,nieve,6.8,314,45,18.1,-0.3,21.7,1543,cubierto,leve,nevada,1001,2000,92.0,-7.8,False,False,False,2,True,11,317,Peligro
15.4,99,35.6,1979,lluvia_fuerte,17.2,3,135,26.5,-23.8,39.2,978,cubierto,severa,contaminada,991,0,48.0,14.3,False,True,False,4,True,5,149,Peligro
-3.5,84,12.9,1805,nieve,11.9,244,225,4.2,12.2,19.4,1350,cubierto,moderada,contaminada,1001,2000,260.0,-8.1,False,False,False,6,False,5,129,Peligro
7.8,95,0.8,1821,niebla,1.1,225,180,0.6,0.6,1.1,423,cubierto,ninguna,mojada,1020,2500,2236.0,6.4,True,False,False,7,False,8,211,Precaución
14.2,69,7.5,8005,nublado,0.4,347,225,6.4,-4.0,9.0,3196,dispersas,leve,humeda,1015,2000,2384.0,4.7,False,False,False,9,False,1,28,Seguro
13.4,82,19.6,4085,lluvia_ligera,4.0,191,315,16.2,-11.0,25.5,1895,cubierto,moderada,mojada,1016,2000,2288.0,9.2,False,False,False,7,False,5,137,Precaución
31.8,27,14.1,9138,despejado,0.0,181,135,10.1,9.8,15.5,8781,despejado,ninguna,seca,1012,500,2636.0,19.6,False,False,False,17,False,4,111,Seguro
23.3,60,22.8,6157,nublado,0.9,324,90,18.4,-13.4,27.4,3635,nublado,ninguna,seca,1018,2000,3476.0,9.6,False,False,False,7,False,12,345,Seguro
16.6,53,19.5,9129,despejado,0.0,296,315,6.3,18.4,27.3,8375,despejado,leve,seca,1011,1000,1432.0,4.7,False,False,False,17,False,6,171,Seguro
18.4,82,28.5,4804,lluvia_ligera,5.3,278,315,17.2,22.8,39.9,851,cubierto,leve,mojada,1001,500,1028.0,14.2,False,False,False,6,False,12,352,Peligro
27.1,39,4.8,8233,despejado,0.0,301,45,4.7,-1.2,7.2,5941,despejado,ninguna,seca,1011,500,2072.0,18.4,False,False,False,17,False,3,85,Seguro
29.6,26,19.5,9044,despejado,0.0,219,180,12.3,15.2,23.4,6249,despejado,ninguna,seca,1026,2500,4852.0,17.9,False,False,False,3,True,12,343,Seguro
22.4,59,11.9,8564,nublado,1.1,46,135,11.9,0.2,17.9,3375,dispersas,leve,humeda,1007,2500,3988.0,13.4,False,False,False,12,False,9,245,Seguro
32.3,53,12.1,8438,despejado,0.0,348,315,6.6,10.1,15.7,11158,despejado,leve,seca,1019,0,2076.0,27.0,False,False,False,23,True,12,351,Seguro
16.4,64,18.6,7039,nublado,0.8,129,270,11.7,-14.5,22.3,1649,dispersas,leve,humeda,1006,2500,3268.0,4.9,False,False,False,18,False,8,231,Seguro
18.3,49,1.6,8760,despejado,0.0,317,90,1.2,-1.1,1.9,9903,despejado,ninguna,seca,1027,2500,3496.0,4.2,False,False,False,18,False,4,116,Seguro
21.3,88,15.8,3300,lluvia_ligera,5.5,185,0,1.4,-15.7,19.0,2343,nublado,leve,mojada,1004,2500,3856.0,18.6,False,False,False,11,False,2,48,Precaución
16.6,58,21.8,6558,nublado,0.5,86,0,21.7,1.5,30.5,1556,nublado,ninguna,humeda,1017,2000,2672.0,10.9,False,False,False,11,False,10,297,Precaución
12.4,82,25.5,2710,granizo,25.7,216,315,25.2,-4.0,33.1,1391,cubierto,severa,contaminada,1001,1000,928.0,10.2,False,True,False,3,True,1,14,Peligro
20.0,76,19.5,5376,lluvia_ligera,6.7,108,180,18.5,6.0,29.2,1351,cubierto,leve,mojada,1013,0,600.0,17.1,False,False,False,12,False,12,339,Precaución
18.6,28,6.7,9038,despejado,0.0,86,225,4.4,-5.1,8.7,11504,despejado,leve,seca,1010,500,1052.0,11.9,False,False,False,19,False,10,294,Seguro
7.7,100,7.9,1740,niebla,0.1,293,45,7.3,-3.0,11.1,498,cubierto,ninguna,mojada,1012,2500,2224.0,6.9,True,False,False,18,False,3,80,Precaución
17.6,64,21.9,7156,nublado,1.5,207,180,9.9,19.5,26.3,3975,dispersas,leve,seca,1020,0,312.0,4.7,False,False,False,17,False,8,237,Seguro
13.8,58,14.8,8073,nublado,0.6,222,0,9.9,-11.0,20.7,2393,dispersas,leve,seca,1007,0,-144.0,5.1,False,False,False,9,False,11,321,Seguro
10.1,92,31.9,3732,lluvia_fuerte,23.7,191,180,6.1,31.3,35.1,1382,cubierto,moderada,contaminada,1001,1000,652.0,9.2,False,True,False,22,True,1,10,Peligro
15.9,63,14.6,6478,nublado,0.3,302,315,3.3,14.2,16.1,3685,nublado,ninguna,humeda,1008,2000,2588.0,2.4,False,False,False,3,True,4,111,Seguro
18.1,76,14.4,3018,lluvia_ligera,2.1,248,45,5.6,-13.3,17.3,1891,nublado,moderada,mojada,1008,500,992.0,14.4,False,False,False,3,True,12,331,Precaución
27.8,28,2.6,8849,despejado,0.0,260,180,2.6,0.5,3.1,5479,despejado,leve,seca,1017,500,2156.0,15.7,False,False,False,22,True,5,136,Seguro
8.1,83,12.4,3275,lluvia_ligera,7.9,351,135,7.3,-10.0,16.1,1350,cubierto,leve,mojada,1015,2000,1652.0,5.1,False,False,False,0,True,8,234,Precaución
16.6,71,24.4,5239,lluvia_ligera,7.2,165,180,6.3,23.6,34.2,1703,cubierto,moderada,mojada,1005,2500,3292.0,12.8,False,False,False,21,True,3,77,Precaución
29.9,34,12.6,8714,despejado,0.0,134,315,0.2,-12.6,16.4,6671,despejado,leve,seca,1018,2000,4268.0,19.8,False,False,False,14,False,12,335,Seguro
9.7,96,7.0,2094,niebla,1.5,335,90,6.3,-3.0,9.1,360,cubierto,ninguna,mojada,1013,2000,1844.0,7.7,True,False,False,21,True,6,157,Precaución
8.1,93,0.3,2241,niebla,1.4,109,270,0.1,-0.3,0.4,331,cubierto,ninguna,humeda,1010,500,-208.0,6.2,True,False,False,9,False,10,277,Precaución
10.0,82,13.5,5781,lluvia_ligera,3.9,99,90,2.1,13.3,18.9,2460,cubierto,moderada,mojada,1006,500,20.0,5.1,False,False,False,9,False,6,155,Seguro
8.5,84,29.8,5146,lluvia_ligera,5.1,347,90,29.0,-6.7,41.7,1125,cubierto,leve,mojada,1020,1000,460.0,6.3,True,False,False,3,True,10,286,Peligro
14.4,75,40.0,4896,granizo,12.6,277,270,4.9,39.7,60.0,1118,cubierto,severa,mojada,1011,500,548.0,10.6,False,True,False,12,False,7,196,Peligro
14.4,97,43.5,1494,lluvia_fuerte,13.5,161,90,41.1,14.2,56.6,516,cubierto,moderada,contaminada,994,500,548.0,14.3,False,True,False,8,False,12,333,Peligro
8.8,75,14.7,6406,lluvia_ligera,3.4,318,45,14.7,0.8,19.1,1967,cubierto,leve,mojada,1019,2000,1736.0,6.4,True,False,False,18,False,10,280,Precaución
32.2,35,13.4,9829,despejado,0.0,136,45,13.4,-0.2,16.1,9917,despejado,ninguna,seca,1011,500,2684.0,21.0,False,False,False,6,False,3,74,Seguro
11.1,93,4.7,2293,niebla,1.6,152,225,4.5,1.4,6.1,716,cubierto,ninguna,mojada,1006,2500,2632.0,11.1,False,False,False,21,True,5,148,Precaución
17.6,88,26.9,6233,lluvia_ligera,4.3,40,135,26.8,-2.3,32.3,1255,nublado,moderada,humeda,1010,2000,2792.0,15.1,False,False,False,10,False,7,200,Peligro
17.9,81,27.0,3810,granizo,12.2,76,270,6.5,-26.2,32.4,1621,cubierto,severa,mojada,1016,2000,2828.0,15.6,False,True,False,6,False,10,299,Peligro
8.0,96,48.6,1938,tormenta,28.2,355,180,4.2,-48.4,63.2,451,cubierto,severa,mojada,997,0,-840.0,7.2,True,True,False,16,False,1,3,Peligro
16.5,92,11.9,1830,niebla,1.9,270,225,8.4,8.4,14.3,294,cubierto,ninguna,mojada,1008,0,180.0,15.6,False,False,False,3,True,11,305,Precaución
11.4,90,24.7,4008,lluvia_ligera,4.6,44,270,17.8,-17.2,32.1,1770,nublado,moderada,humeda,1020,0,-432.0,7.0,False,False,False,2,True,3,83,Precaución
-8.0,81,30.3,2043,nieve,18.9,26,225,9.9,-28.6,42.4,1331,cubierto,moderada,contaminada,1015,2500,340.0,-10.3,False,False,False,13,False,7,199,Peligro
19.1,54,11.0,9415,despejado,0.0,344,135,5.3,-9.6,16.5,6635,despejado,leve,seca,1029,2500,3592.0,7.8,False,False,False,20,False,1,29,Seguro
28.0,69,9.2,6051,nublado,0.0,211,90,7.9,-4.7,13.8,3887,dispersas,leve,humeda,1011,2000,4040.0,16.2,False,False,False,16,False,10,270,Seguro
12.4,90,50.7,2665,tormenta,16.2,39,225,5.3,-50.4,71.0,863,cubierto,moderada,contaminada,994,0,-312.0,9.2,False,True,False,6,False,4,96,Peligro
8.8,94,22.3,2637,lluvia_fuerte,18.5,88,315,16.3,-15.2,31.2,745,cubierto,severa,mojada,1002,2500,2356.0,7.2,True,False,False,3,True,11,305,Peligro
5.1,96,32.9,1801,lluvia_fuerte,14.0,269,135,23.7,-22.9,46.1,1156,cubierto,moderada,mojada,1002,0,-1188.0,4.1,True,False,False,19,False,6,168,Peligro
26.8,25,2.8,8865,despejado,0.0,36,45,0.4,2.8,3.4,9456,despejado,leve,seca,1030,500,2036.0,20.1,False,False,False,3,True,2,39,Seguro
15.3,60,20.7,7512,nublado,1.4,205,180,8.7,18.8,26.9,2254,dispersas,leve,seca,1007,500,656.0,5.0,False,False,False,23,True,10,283,Seguro
14.1,72,21.7,6533,lluvia_ligera,2.2,66,315,20.3,-7.8,30.4,2400,cubierto,leve,humeda,1005,0,-108.0,10.0,False,False,False,5,True,12,330,Precaución
13.9,71,13.9,6201,nublado,0.3,110,315,5.9,-12.6,19.5,2283,dispersas,ninguna,humeda,1001,500,488.0,11.9,False,False,False,9,False,3,81,Seguro
22.7,54,2.1,9403,despejado,0.0,211,45,0.5,-2.0,2.9,11585,despejado,leve,seca,1027,500,1544.0,9.7,False,False,False,0,True,11,307,Seguro
27.9,69,7.3,7167,nublado,1.7,138,135,0.4,7.3,9.5,3141,dispersas,leve,seca,1008,2500,4648.0,13.3,False,False,False,6,False,1,15,Seguro
32.8,25,14.8,9264,despejado,0.0,53,315,14.7,-2.1,19.2,14385,despejado,ninguna,seca,1011,1000,3376.0,24.6,False,False,False,17,False,8,218,Seguro
13.6,89,45.3,2586,tormenta,31.2,156,180,18.4,41.4,49.8,383,cubierto,severa,mojada,985,2500,2932.0,10.8,False,True,True,6,False,2,58,Peligro
31.1,50,16.2,8827,despejado,0.0,13,315,13.7,8.6,24.3,10236,despejado,ninguna,seca,1018,2000,4412.0,22.1,False,False,False,23,True,1,19,Seguro
19.9,71,24.0,5070,lluvia_ligera,5.9,112,90,9.0,22.3,31.2,1743,cubierto,moderada,humeda,1015,2500,3688.0,17.0,False,False,False,11,False,2,39,Precaución
32.7,30,13.3,8727,despejado,0.0,220,45,1.2,-13.2,20.0,9706,despejado,ninguna,seca,1030,2000,4604.0,21.0,False,False,False,14,False,8,217,Seguro
-0.3,77,34.7,1919,nieve,8.1,322,225,34.4,-4.2,41.6,1211,cubierto,leve,contaminada,1010,0,-1836.0,-4.1,False,False,False,18,False,11,300,Peligro
23.7,75,10.9,8334,nublado,0.3,8,225,6.6,-8.7,13.1,1626,nublado,leve,seca,1008,0,1044.0,21.3,False,False,False,1,True,8,235,Seguro
16.4,99,9.5,886,niebla,0.3,201,225,3.9,8.7,11.4,483,cubierto,ninguna,humeda,1011,2000,2648.0,15.1,False,False,False,15,False,5,139,Precaución
9.3,97,36.8,2400,lluvia_fuerte,11.1,137,270,26.9,-25.1,55.2,665,cubierto,moderada,contaminada,1001,500,-64.0,8.3,True,False,False,6,False,5,121,Peligro
13.5,92,5.4,1172,niebla,1.2,6,180,0.6,-5.4,7.0,210,cubierto,ninguna,humeda,1006,2500,2920.0,13.2,False,False,False,16,False,5,132,Precaución
26.0,30,0.8,8091,despejado,0.0,310,315,0.1,0.8,1.0,9346,despejado,leve,seca,1026,2500,4420.0,16.6,False,False,False,21,True,4,108,Seguro
9.7,70,16.6,3882,lluvia_ligera,7.6,199,45,7.3,-14.9,21.6,2126,cubierto,leve,humeda,1010,1000,604.0,-1.3,False,False,False,19,False,8,224,Seguro
31.0,36,15.5,9940,despejado,0.0,102,315,8.4,-13.0,18.6,8573,despejado,ninguna,seca,1012,1000,3160.0,22.7,False,False,False,6,False,12,334,Seguro
20.5,71,27.0,6270,lluvia_ligera,2.2,354,45,21.0,17.0,35.1,2039,nublado,moderada,mojada,1009,500,1280.0,17.6,False,False,False,19,False,6,173,Precaución
17.9,63,21.1,6165,nublado,1.0,357,135,14.1,-15.7,27.4,1563,nublado,leve,humeda,1020,2500,3448.0,11.3,False,False,False,18,False,7,184,Seguro
17.2,96,7.8,2315,niebla,0.8,45,180,5.5,-5.5,8.6,564,cubierto,ninguna,humeda,1005,0,264.0,16.1,False,False,False,10,False,5,130,Precaución
34.1,39,7.7,8080,despejado,0.0,265,135,5.9,-4.9,9.2,5553,despejado,ninguna,seca,1016,2500,5392.0,20.4,False,False,False,8,False,12,348,Seguro
27.9,50,11.9,9571,despejado,0.0,325,135,2.1,-11.7,16.7,7362,despejado,ninguna,seca,1025,2500,4648.0,22.1,False,False,False,1,True,3,81,Seguro
15.1,96,4.3,2364,niebla,0.6,333,135,1.3,-4.1,6.0,535,cubierto,ninguna,humeda,1015,0,12.0,13.6,False,False,False,6,False,11,327,Precaución
6.3,94,53.9,1408,tormenta,19.3,136,0,37.4,-38.8,64.7,493,cubierto,severa,contaminada,985,1000,196.0,5.4,True,True,False,6,False,12,353,Peligro
23.2,45,18.0,9349,despejado,0.0,16,315,15.7,8.7,23.4,6220,despejado,ninguna,seca,1019,500,1604.0,12.1,False,False,False,5,True,10,297,Seguro
9.6,70,11.6,4025,lluvia_ligera,6.2,193,135,9.8,6.1,15.1,878,cubierto,leve,humeda,1002,500,-28.0,-0.1,False,False,False,11,False,12,363,Precaución
15.2,96,3.0,2258,niebla,1.1,353,270,3.0,0.4,3.3,507,cubierto,ninguna,humeda,1008,2000,2504.0,13.5,False,False,False,3,True,8,231,Precaución
8.4,96,0.5,2271,niebla,0.3,246,0,0.5,-0.2,0.6,617,cubierto,ninguna,humeda,1009,500,-172.0,8.2,True,False,False,4,True,7,183,Precaución
16.4,78,44.4,2787,granizo,13.8,29,315,42.7,12.2,57.7,1843,cubierto,severa,contaminada,1014,2000,2648.0,12.3,False,True,False,11,False,5,131,Peligro
5.1,98,5.6,2203,niebla,1.5,289,90,1.8,-5.3,6.2,311,cubierto,ninguna,mojada,1010,500,-568.0,4.4,True,False,False,18,False,3,62,Precaución
19.9,96,36.5,2499,lluvia_fuerte,14.7,20,315,33.1,15.4,40.2,648,cubierto,severa,contaminada,986,500,1208.0,19.1,False,False,False,19,False,10,286,Peligro
8.2,100,0.9,2203,niebla,1.7,237,180,0.8,0.5,1.3,662,cubierto,ninguna,mojada,1005,0,-816.0,7.7,True,False,False,12,False,10,286,Precaución
23.2,60,18.8,8414,nublado,1.9,230,225,1.6,18.7,24.4,3768,nublado,ninguna,humeda,1015,1000,2224.0,12.5,False,False,False,10,False,2,57,Seguro
12.5,96,8.3,1767,niebla,0.5,199,0,2.7,-7.8,10.8,502,cubierto,ninguna,mojada,1017,2500,2800.0,12.4,False,False,False,18,False,3,61,Precaución
31.9,49,0.8,8188,despejado,0.0,187,180,0.1,0.8,1.1,12389,despejado,leve,seca,1026,2500,5128.0,17.0,False,False,False,18,False,5,126,Seguro
-5.4,86,19.3,3591,nieve,17.3,129,225,19.2,-2.0,23.2,1320,cubierto,leve,nevada,1020,2500,652.0,-8.5,False,False,False,0,True,2,59,Peligro
18.1,49,19.3,9050,despejado,0.0,262,315,15.4,11.6,23.2,8225,despejado,leve,seca,1019,1000,1612.0,11.9,False,False,False,4,True,5,149,Seguro
19.3,72,26.4,2602,granizo,18.1,9,180,4.1,-26.1,31.7,769,cubierto,severa,contaminada,1012,2500,3616.0,16.0,False,True,False,8,False,3,88,Peligro
16.6,93,6.5,537,niebla,2.0,91,180,6.5,0.1,9.1,354,cubierto,ninguna,humeda,1000,500,812.0,15.4,False,False,False,12,False,3,83,Peligro
14.8,57,9.0,7061,nublado,0.9,101,0,8.8,-1.7,12.6,2152,dispersas,ninguna,humeda,1019,500,596.0,3.4,False,False,False,17,False,3,67,Seguro
13.5,71,19.9,6224,nublado,0.6,105,90,5.2,19.2,25.9,3300,dispersas,ninguna,humeda,1014,0,-180.0,11.5,False,False,False,19,False,11,312,Seguro
8.3,93,35.5,2152,tormenta,29.5,274,225,26.8,23.3,42.6,487,cubierto,severa,contaminada,996,500,-184.0,7.0,True,True,False,8,False,9,260,Peligro
2.8,77,12.2,1416,nieve,15.2,141,225,12.1,1.3,15.9,1051,cubierto,leve,contaminada,1009,1000,-224.0,-0.6,False,False,False,13,False,2,48,Peligro
27.0,54,17.4,7751,nublado,1.0,274,135,11.4,-13.1,22.6,2385,nublado,ninguna,humeda,1003,2500,4540.0,17.4,False,False,False,14,False,8,210,Seguro
24.5,66,15.7,8426,nublado,0.4,7,45,9.7,12.4,18.8,3148,dispersas,leve,seca,1006,0,1140.0,18.3,False,False,False,17,False,12,342,Seguro
27.1,55,5.2,8366,nublado,1.2,226,270,3.6,3.7,7.8,3122,nublado,leve,seca,1006,2000,3932.0,19.9,False,False,False,8,False,9,258,Seguro
13.1,93,1.6,1171,niebla,0.6,326,315,0.3,1.6,2.1,701,cubierto,ninguna,humeda,1015,1000,1012.0,11.7,False,False,False,9,False,1,6,Precaución
27.1,50,5.9,8102,nublado,1.3,264,315,4.6,3.7,7.1,3233,nublado,leve,humeda,1017,1000,2692.0,12.6,False,False,False,0,True,11,301,Seguro
20.8,87,49.7,4360,granizo,15.8,314,135,0.9,-49.7,59.6,1960,cubierto,severa,mojada,1017,0,696.0,18.5,False,True,True,10,False,1,9,Peligro
32.1,38,4.2,8629,despejado,0.0,8,315,3.4,2.5,5.0,12667,despejado,leve,seca,1012,500,2672.0,26.2,False,False,False,2,True,9,257,Seguro
12.0,92,1.8,950,niebla,1.2,29,45,0.5,1.7,2.5,678,cubierto,ninguna,humeda,1014,2000,2120.0,11.3,False,False,False,0,True,4,101,Precaución
11.1,87,14.8,3160,lluvia_ligera,5.8,107,180,14.2,4.3,16.3,1368,nublado,leve,humeda,1011,2500,2632.0,6.2,False,False,False,10,False,2,43,Precaución
6.6,97,6.6,1782,niebla,0.6,75,270,1.7,-6.4,7.3,447,cubierto,ninguna,mojada,1007,1000,232.0,4.8,True,False,False,23,True,6,156,Precaución
16.0,99,10.7,1726,niebla,0.7,136,225,10.7,0.2,12.8,672,cubierto,ninguna,mojada,1002,0,120.0,15.6,False,False,False,6,False,11,313,Precaución
9.6,94,1.3,2283,niebla,0.8,333,225,1.2,-0.4,1.7,702,cubierto,ninguna,humeda,1014,0,-648.0,8.4,True,False,False,11,False,5,145,Precaución
11.5,92,27.8,3917,lluvia_fuerte,21.6,355,45,21.3,17.9,36.1,1462,cubierto,moderada,contaminada,980,500,200.0,10.1,False,False,False,21,True,1,6,Peligro
14.6,92,11.4,858,niebla,1.9,26,225,3.7,-10.8,16.0,381,cubierto,ninguna,mojada,1001,2000,2432.0,13.7,False,False,False,16,False,5,122,Precaución
16.1,68,6.6,7767,nublado,1.2,335,135,2.3,-6.2,7.3,3781,dispersas,ninguna,humeda,1002,0,132.0,5.8,False,False,False,8,False,12,345,Seguro
11.2,73,38.1,1848,granizo,16.4,168,270,37.3,-7.9,53.3,1856,cubierto,severa,contaminada,1009,500,164.0,6.3,False,True,False,6,False,11,326,Peligro
21.2,31,16.6,9762,despejado,0.0,255,225,8.3,14.4,23.2,10471,despejado,ninguna,seca,1024,2000,3224.0,10.2,False,False,False,5,True,9,252,Seguro
14.1,74,11.4,6836,nublado,0.8,282,180,11.2,-2.4,13.7,2723,nublado,leve,humeda,1014,2500,2992.0,11.0,False,False,False,1,True,3,71,Seguro
14.9,93,6.8,1817,niebla,1.6,137,180,4.6,5.0,7.5,360,cubierto,ninguna,mojada,1015,500,608.0,12.9,False,False,False,14,False,1,7,Precaución
7.2,100,54.3,1908,tormenta,18.1,125,135,9.4,53.5,59.7,884,cubierto,severa,mojada,999,1000,304.0,6.3,True,True,False,11,False,12,360,Peligro
9.3,82,23.8,4046,lluvia_ligera,7.3,270,225,16.8,16.8,28.6,1503,nublado,leve,humeda,1006,500,-64.0,6.2,False,False,False,1,True,5,146,Precaución
10.8,96,2.0,929,niebla,1.7,28,315,1.9,0.6,2.2,681,cubierto,ninguna,mojada,1010,1000,736.0,9.9,False,False,False,1,True,11,318,Precaución
18.2,55,12.7,9647,despejado,0.0,241,225,3.5,12.2,14.0,6492,despejado,ninguna,seca,1018,500,1004.0,9.5,False,False,False,19,False,1,20,Seguro
11.1,81,17.7,4853,lluvia_ligera,7.2,351,45,14.3,10.4,26.5,1851,nublado,leve,humeda,1018,0,-468.0,8.7,False,True,False,3,True,2,57,Peligro
12.0,63,18.4,7929,nublado,0.1,351,45,14.9,10.8,25.8,3328,nublado,ninguna,seca,1011,500,260.0,6.8,False,False,False,20,False,12,358,Seguro
14.4,55,24.2,8407,nublado,0.4,353,270,24.0,2.9,29.0,2251,nublado,leve,humeda,1011,1000,1168.0,6.0,False,False,False,20,False,11,321,Precaución
26.7,55,8.9,9353,despejado,0.0,332,90,7.9,-4.2,12.5,13263,despejado,leve,seca,1012,2000,3884.0,21.0,False,False,False,3,True,12,334,Seguro
0.3,78,12.4,3698,nieve,6.0,248,0,11.5,-4.6,13.6,665,cubierto,leve,nevada,1018,2000,716.0,-3.7,False,False,False,16,False,11,320,Peligro
17.3,99,1.7,520,niebla,1.4,43,135,1.7,-0.1,2.0,629,cubierto,ninguna,humeda,1005,2000,2756.0,17.2,False,False,False,1,True,12,339,Peligro
13.4,89,27.9,3917,lluvia_ligera,3.6,23,0,10.9,25.7,39.1,2246,cubierto,moderada,mojada,1001,2000,2288.0,9.9,False,False,False,14,False,9,262,Precaución
16.8,92,8.1,2374,niebla,1.7,48,180,6.0,-5.4,9.7,272,cubierto,ninguna,mojada,1004,0,216.0,16.0,False,False,False,15,False,1,19,Precaución
5.5,98,6.4,2321,niebla,1.6,64,0,5.8,2.8,7.7,396,cubierto,ninguna,humeda,1018,2500,1960.0,3.8,True,False,False,22,True,10,280,Precaución
17.2,97,7.4,2156,niebla,1.5,207,180,3.4,6.6,9.6,235,cubierto,ninguna,mojada,1004,2500,3364.0,16.0,False,False,False,8,False,4,91,Precaución
25.3,56,21.1,8232,nublado,0.0,8,45,12.7,16.9,25.3,1687,dispersas,ninguna,humeda,1016,1000,2476.0,13.3,False,False,False,6,False,11,323,Seguro
12.8,100,1.8,2191,niebla,1.8,41,270,1.4,-1.2,2.2,314,cubierto,ninguna,humeda,1015,2000,2216.0,12.5,False,False,False,0,True,12,354,Precaución
6.2,95,8.1,960,niebla,1.6,23,0,3.2,7.5,12.1,250,cubierto,ninguna,humeda,1019,0,-1056.0,5.3,True,False,False,20,False,10,295,Peligro
15.4,78,29.1,5030,lluvia_ligera,4.0,221,315,29.0,-2.0,34.9,1893,nublado,leve,humeda,1000,2500,3148.0,11.7,False,False,False,1,True,2,40,Precaución
16.8,85,22.4,4213,lluvia_ligera,3.2,86,225,14.7,-16.9,24.6,1548,cubierto,moderada,mojada,1006,1000,1456.0,14.0,False,False,False,6,False,9,260,Precaución
24.9,60,22.2,6464,nublado,0.0,90,135,15.7,15.7,24.4,2026,dispersas,ninguna,seca,1018,500,1808.0,12.1,False,False,False,2,True,1,5,Seguro
10.7,72,25.0,5425,lluvia_ligera,4.3,108,45,22.3,11.3,32.5,1183,cubierto,moderada,humeda,1014,500,104.0,8.0,False,False,False,12,False,3,83,Precaución
12.1,100,3.2,2069,niebla,1.1,308,135,0.4,-3.2,4.8,186,cubierto,ninguna,mojada,1012,1000,892.0,10.9,False,False,False,2,True,12,362,Precaución
15.2,84,18.4,3096,lluvia_ligera,2.4,231,135,18.3,-1.9,20.2,851,cubierto,moderada,mojada,1005,0,24.0,10.3,False,False,False,11,False,1,19,Precaución
12.7,99,38.1,2889,lluvia_fuerte,15.1,213,0,20.8,-32.0,49.5,475,cubierto,moderada,mojada,997,0,-276.0,12.0,False,False,False,18,False,3,66,Peligro
7.7,97,9.8,2175,niebla,0.2,48,45,0.5,9.8,11.8,350,cubierto,ninguna,humeda,1014,500,-256.0,6.9,True,False,False,4,True,6,167,Precaución
15.3,92,4.5,893,niebla,1.8,241,180,3.9,2.2,5.4,376,cubierto,ninguna,mojada,1004,2000,2516.0,14.9,False,False,False,4,True,3,83,Precaución
16.1,87,27.1,3354,lluvia_ligera,4.5,219,0,17.1,-21.1,32.5,1868,cubierto,leve,mojada,1013,2500,3232.0,13.4,False,False,False,18,False,3,77,Precaución
26.3,63,20.6,6879,nublado,1.8,253,0,19.7,-6.0,26.8,3627,dispersas,ninguna,humeda,1015,500,1976.0,17.3,False,False,False,18,False,11,326,Precaución
25.1,70,11.4,8242,nublado,0.1,125,180,9.3,6.5,16.0,1803,dispersas,ninguna,seca,1012,2000,3692.0,13.8,False,False,False,21,True,8,227,Seguro
11.5,96,6.8,1784,niebla,1.7,221,135,6.8,0.5,8.2,798,cubierto,ninguna,humeda,1011,2500,2680.0,10.1,False,False,False,4,True,3,69,Precaución
-3.8,76,10.6,3455,nieve,5.6,322,225,10.5,-1.3,14.8,1928,cubierto,leve,contaminada,1015,0,-2256.0,-6.6,False,False,False,12,False,5,141,Precaución
22.0,50,15.5,7437,nublado,0.5,312,225,15.5,0.8,17.1,1643,nublado,ninguna,seca,1015,2500,3940.0,11.3,False,False,False,8,False,10,296,Seguro
14.5,98,1.1,1282,niebla,0.2,3,0,0.1,1.1,1.4,204,cubierto,ninguna,humeda,1020,2500,3040.0,13.1,False,False,False,3,True,3,77,Precaución
10.5,85,26.5,6694,lluvia_ligera,3.7,238,45,6.0,-25.8,34.5,961,nublado,leve,mojada,1019,1000,700.0,5.8,False,False,False,18,False,4,99,Precaución
1.0,90,27.3,1844,nieve,7.1,89,90,0.5,27.3,35.5,954,cubierto,moderada,contaminada,1015,2500,1420.0,-3.9,False,False,False,20,False,6,155,Peligro
13.9,93,11.2,2446,niebla,1.1,117,45,10.7,3.5,13.4,769,cubierto,ninguna,mojada,1008,1000,1108.0,13.6,False,False,False,16,False,7,188,Precaución
9.6,92,2.5,1192,niebla,0.5,104,315,1.3,-2.1,3.0,388,cubierto,ninguna,humeda,1008,2000,1832.0,8.8,True,False,False,12,False,3,65,Precaución
12.4,93,4.4,1787,niebla,1.5,16,90,4.2,1.2,6.2,709,cubierto,ninguna,humeda,1017,0,-312.0,10.6,False,False,False,21,True,11,300,Precaución
17.8,53,24.5,7367,nublado,0.6,298,180,21.6,-11.5,29.4,2006,dispersas,leve,seca,1008,1000,1576.0,4.4,False,False,False,17,False,10,278,Precaución
17.4,86,28.2,5101,lluvia_ligera,4.9,154,315,9.2,-26.7,31.0,1764,nublado,leve,mojada,1007,2000,2768.0,13.3,False,False,False,19,False,2,47,Seguro
14.7,88,18.4,3387,lluvia_ligera,2.7,255,45,9.2,-15.9,22.1,1913,cubierto,moderada,humeda,1004,1000,1204.0,11.2,False,False,False,17,False,10,298,Seguro
22.2,29,10.3,8171,despejado,0.0,224,225,0.2,10.3,12.4,11737,despejado,ninguna,seca,1012,2000,3344.0,14.8,False,False,False,6,False,10,287,Seguro
21.9,43,16.2,9655,despejado,0.0,321,225,16.1,-1.7,21.1,9695,despejado,leve,seca,1027,2500,3928.0,16.6,False,False,False,5,True,12,344,Seguro
13.6,72,10.0,8622,nublado,0.6,261,270,1.6,9.9,12.0,3704,nublado,ninguna,seca,1013,2000,2312.0,11.4,False,False,False,14,False,9,258,Seguro
16.0,83,13.5,5541,lluvia_ligera,3.9,232,270,8.3,10.6,18.9,1608,nublado,moderada,mojada,1006,500,740.0,12.8,False,False,False,1,True,9,269,Seguro
25.6,29,5.0,8311,despejado,0.0,237,180,4.2,2.7,5.5,12429,despejado,leve,seca,1016,2000,3752.0,19.9,False,False,False,22,True,12,350,Seguro
19.1,27,0.2,9451,despejado,0.0,306,180,0.2,-0.1,0.2,14671,despejado,leve,seca,1025,2000,2972.0,13.3,False,False,False,21,True,11,322,Seguro
5.1,90,50.4,806,tormenta,16.9,335,45,47.4,17.2,70.6,992,cubierto,moderada,contaminada,985,500,-568.0,2.0,False,True,False,22,True,3,69,Peligro
6.1,98,2.5,2453,niebla,0.0,338,90,2.3,-0.9,3.8,125,cubierto,ninguna,mojada,1020,2500,2032.0,5.6,False,False,False,18,False,7,185,Precaución
17.4,81,49.7,2554,granizo,23.3,180,45,35.1,-35.1,69.6,1019,cubierto,severa,contaminada,1016,2500,3388.0,13.9,False,True,False,8,False,12,352,Peligro
15.7,72,19.5,3025,lluvia_ligera,4.7,115,45,18.3,6.7,23.4,1427,nublado,leve,humeda,1004,500,704.0,12.6,False,False,False,2,True,12,332,Precaución
18.5,98,37.5,2525,lluvia_fuerte,16.9,201,180,13.4,35.0,48.8,473,cubierto,severa,mojada,981,2000,2900.0,17.2,False,False,False,4,True,5,122,Peligro
17.5,97,4.9,1752,niebla,0.8,355,270,4.9,0.4,5.4,482,cubierto,ninguna,humeda,1013,500,920.0,16.0,False,False,False,6,False,12,347,Precaución
15.5,31,16.9,9184,despejado,0.0,8,45,10.2,13.5,20.3,12719,despejado,leve,seca,1016,1000,1300.0,7.0,False,False,False,22,True,7,190,Seguro
8.6,73,16.6,6188,lluvia_ligera,7.5,349,315,9.3,13.8,19.9,1064,nublado,moderada,humeda,1008,500,-148.0,5.2,False,False,False,0,True,3,65,Precaución
23.4,73,9.6,6735,nublado,2.0,232,180,7.6,5.9,11.5,2073,dispersas,leve,humeda,1019,500,1628.0,20.0,False,False,False,8,False,11,310,Seguro
7.5,98,0.3,2467,niebla,0.2,281,45,0.2,-0.2,0.4,380,cubierto,ninguna,humeda,1012,1000,340.0,6.1,True,False,False,0,True,12,346,Precaución
11.2,88,11.1,5901,lluvia_ligera,6.9,321,315,1.2,11.0,12.2,2362,cubierto,leve,mojada,1017,1000,784.0,6.8,False,False,False,14,False,10,298,Seguro
8.6,79,29.6,6336,lluvia_ligera,6.4,143,315,4.1,-29.3,38.5,1948,nublado,leve,mojada,1016,2000,1712.0,4.5,False,False,False,7,False,1,3,Precaución
12.0,99,10.8,2270,niebla,1.2,154,315,3.5,-10.2,15.1,514,cubierto,ninguna,mojada,1018,1000,880.0,11.7,False,False,False,4,True,5,131,Precaución
18.7,50,3.9,9828,despejado,0.0,281,90,0.7,-3.8,4.7,13084,despejado,leve,seca,1021,2000,2924.0,6.5,False,False,False,14,False,3,71,Seguro
25.2,63,9.8,7609,nublado,0.1,283,225,8.3,5.2,10.8,1527,nublado,ninguna,humeda,1008,1000,2464.0,20.2,False,False,False,19,False,12,341,Seguro
-4.7,92,20.7,3104,nieve,15.1,30,90,17.9,10.4,26.9,659,cubierto,leve,contaminada,1008,1000,-1124.0,-5.6,False,False,False,0,True,9,262,Peligro
13.0,50,20.2,8120,nublado,0.5,296,180,18.2,-8.9,28.3,2394,dispersas,leve,seca,1002,2000,2240.0,2.1,False,False,False,7,False,4,100,Seguro
6.5,94,5.5,1264,niebla,0.4,277,225,4.3,3.4,7.2,709,cubierto,ninguna,humeda,1013,1000,220.0,5.1,True,False,False,3,True,2,45,Precaución
21.9,82,10.5,4626,lluvia_ligera,4.5,327,90,8.8,-5.7,13.7,1555,cubierto,moderada,humeda,1007,2000,3308.0,18.5,False,False,False,1,True,12,342,Seguro
22.6,83,37.8,4696,granizo,12.0,133,225,37.8,-1.3,52.9,1072,cubierto,severa,contaminada,1005,0,912.0,17.8,False,True,False,8,False,12,339,Peligro
21.2,51,11.5,8773,despejado,0.0,125,90,6.6,9.4,17.2,6958,despejado,leve,seca,1021,0,744.0,8.1,False,False,False,10,False,2,52,Seguro
24.5,33,10.8,9346,despejado,0.0,110,225,9.8,-4.6,16.2,5104,despejado,leve,seca,1013,0,1140.0,14.5,False,False,False,7,False,10,295,Seguro
12.7,79,13.5,3918,lluvia_ligera,2.1,81,180,13.3,-2.1,18.9,1130,cubierto,leve,mojada,1005,2000,2204.0,8.4,False,False,False,23,True,12,342,Precaución
21.5,72,15.8,6450,nublado,0.9,119,180,13.8,7.7,22.1,3200,nublado,ninguna,humeda,1006,500,1400.0,17.1,False,False,False,22,True,8,219,Seguro
12.0,100,2.9,1403,niebla,1.6,286,135,1.4,-2.5,4.1,316,cubierto,ninguna,humeda,1003,0,-360.0,10.0,False,False,False,15,False,11,306,Precaución
15.7,99,4.3,1454,niebla,1.7,326,0,2.4,3.6,5.6,778,cubierto,ninguna,mojada,1006,500,704.0,13.9,False,False,False,5,True,6,165,Precaución
25.1,70,10.4,7805,nublado,0.1,165,270,10.0,-2.7,15.6,1542,dispersas,leve,humeda,1015,500,1832.0,16.6,False,False,False,20,False,11,310,Seguro
7.2,96,0.3,2168,niebla,0.2,352,0,0.0,0.3,0.4,231,cubierto,ninguna,humeda,1006,500,-316.0,5.2,True,False,False,13,False,12,354,Precaución
21.6,85,10.2,5690,lluvia_ligera,2.8,260,0,10.0,-1.8,13.3,1306,nublado,moderada,humeda,1008,2000,3272.0,19.5,False,False,False,2,True,5,128,Seguro
13.7,75,16.7,4638,lluvia_ligera,2.4,309,135,1.7,-16.6,23.4,2020,nublado,leve,mojada,1009,2000,2324.0,10.5,False,False,False,22,True,2,38,Seguro
24.9,70,21.7,6833,nublado,1.0,46,270,15.1,-15.6,26.0,3522,dispersas,leve,seca,1000,0,1188.0,16.0,False,False,False,3,True,9,257,Precaución
16.8,75,19.2,6092,nublado,1.7,264,270,2.0,19.1,25.0,1947,dispersas,leve,seca,1010,2500,3316.0,13.5,False,False,False,14,False,4,119,Seguro
21.6,84,16.7,6835,lluvia_ligera,4.8,121,225,16.2,-4.0,20.0,2225,nublado,leve,humeda,1004,1000,2032.0,17.8,False,False,False,16,False,10,280,Precaución
24.0,71,15.0,6449,nublado,1.9,81,315,12.1,-8.8,19.5,2227,dispersas,leve,humeda,1020,2000,3560.0,21.0,False,False,False,0,True,9,245,Seguro
14.7,97,10.6,1780,niebla,0.1,179,0,0.2,-10.6,13.8,723,cubierto,ninguna,humeda,1011,500,584.0,14.2,False,False,False,10,False,1,15,Precaución
15.6,90,43.3,2694,tormenta,26.1,95,0,43.1,-3.8,60.6,577,cubierto,moderada,mojada,990,500,692.0,11.3,False,True,True,16,False,1,11,Peligro
22.7,77,42.8,2602,granizo,18.2,19,315,38.5,18.8,59.9,1618,cubierto,severa,contaminada,1003,2500,4024.0,19.3,False,True,True,22,True,2,41,Peligro
7.2,95,6.4,1140,niebla,0.0,147,135,1.3,6.3,9.0,183,cubierto,ninguna,humeda,1006,0,-936.0,6.9,False,False,False,19,False,1,29,Peligro
13.6,64,6.9,7273,nublado,0.6,277,0,6.8,0.8,9.0,1715,dispersas,ninguna,seca,1003,500,452.0,5.3,False,False,False,4,True,9,258,Seguro
33.9,43,10.0,9609,despejado,0.0,250,90,3.4,-9.4,13.0,10411,despejado,leve,seca,1022,2000,4748.0,21.5,False,False,False,12,False,6,167,Seguro
2.5,94,14.7,3583,nieve,11.4,331,270,12.9,7.1,22.0,482,cubierto,moderada,contaminada,1016,2500,1600.0,2.3,True,False,False,14,False,8,224,Peligro
17.2,70,24.6,3222,lluvia_ligera,2.4,196,45,11.9,-21.5,36.9,809,cubierto,leve,mojada,1020,1000,1504.0,5.8,False,False,False,12,False,4,90,Precaución
14.0,94,34.2,3382,lluvia_fuerte,16.4,325,315,5.9,33.7,51.3,528,cubierto,severa,contaminada,988,2000,2360.0,12.8,False,False,False,15,False,11,324,Peligro
16.2,79,49.3,2995,granizo,16.7,217,315,48.8,-6.9,64.1,561,cubierto,severa,contaminada,1000,500,764.0,14.1,False,True,False,23,True,11,303,Peligro
19.0,74,16.2,4320,lluvia_ligera,6.0,303,0,13.6,8.8,22.7,1598,cubierto,leve,humeda,1007,2000,2960.0,14.7,False,False,False,6,False,11,316,Precaución
16.3,95,5.1,1586,niebla,1.5,176,45,3.8,-3.3,7.6,166,cubierto,ninguna,humeda,1015,2000,2636.0,15.7,False,False,False,6,False,4,114,Precaución
15.6,70,11.9,4931,lluvia_ligera,2.4,279,225,9.6,7.0,15.5,1612,nublado,leve,humeda,1018,500,692.0,5.2,False,False,False,18,False,12,351,Seguro
0.5,81,24.0,3147,nieve,8.7,294,180,21.9,-9.8,26.4,546,cubierto,moderada,contaminada,1013,2000,740.0,-2.6,False,False,False,6,False,6,165,Peligro
-0.8,92,29.6,3171,nieve,12.3,60,270,14.8,-25.6,41.4,1462,cubierto,leve,nevada,1005,0,-1896.0,-1.9,False,False,False,10,False,3,63,Peligro
24.1,73,15.8,6740,nublado,0.8,351,0,2.5,15.6,17.4,2721,nublado,leve,seca,1001,500,1712.0,20.5,False,False,False,17,False,11,307,Seguro
8.3,92,6.4,1988,niebla,0.7,130,0,4.9,-4.1,8.3,494,cubierto,ninguna,mojada,1003,2000,1676.0,6.7,True,False,False,5,True,11,316,Precaución
6.4,94,0.8,895,niebla,0.5,196,90,0.8,-0.2,0.9,537,cubierto,ninguna,humeda,1019,2500,2068.0,6.3,True,False,False,0,True,4,92,Precaución
5.3,96,11.0,1547,niebla,1.1,48,90,7.4,8.2,14.3,685,cubierto,ninguna,humeda,1004,500,-544.0,4.8,True,False,False,18,False,5,128,Precaución
12.6,73,20.0,4182,lluvia_ligera,5.8,79,45,11.2,16.6,24.0,1527,cubierto,leve,humeda,1009,500,332.0,9.1,False,False,False,4,True,3,79,Precaución
12.0,94,10.1,1310,niebla,1.7,82,135,8.1,6.1,12.1,334,cubierto,ninguna,mojada,1006,2500,2740.0,10.5,False,False,False,0,True,1,19,Precaución
21.5,72,20.6,4540,lluvia_ligera,4.8,278,90,2.9,-20.4,24.7,2100,nublado,moderada,humeda,1007,2500,3880.0,17.8,False,False,False,12,False,10,296,Precaución
13.5,96,2.6,981,niebla,0.7,63,270,1.2,-2.3,3.1,718,cubierto,ninguna,mojada,1001,0,-180.0,12.3,False,False,False,1,True,12,357,Precaución
13.4,75,32.2,2562,granizo,29.8,72,180,30.6,-10.0,38.6,717,cubierto,severa,mojada,1016,500,428.0,11.3,False,True,False,1,True,10,277,Peligro
5.4,91,34.6,1607,lluvia_fuerte,18.8,176,270,34.5,-2.4,45.0,831,cubierto,moderada,contaminada,996,1000,88.0,4.4,True,False,False,12,False,9,249,Peligro
18.8,88,16.9,5541,lluvia_ligera,7.5,30,315,16.3,4.4,23.7,1427,nublado,leve,humeda,1019,0,456.0,14.2,False,False,False,19,False,2,47,Precaución
3.6,88,28.0,1287,nieve,13.6,238,315,27.3,6.3,36.4,802,cubierto,moderada,nevada,1000,0,-1368.0,1.3,True,False,True,7,False,3,70,Peligro
19.7,44,6.1,9166,despejado,0.0,358,180,0.2,-6.1,7.3,7273,despejado,ninguna,seca,1016,0,564.0,12.7,False,False,False,9,False,3,77,Seguro
15.0,34,13.6,8337,despejado,0.0,304,225,13.4,2.6,19.0,6707,despejado,ninguna,seca,1011,2000,2480.0,8.1,False,False,False,3,True,4,94,Seguro
27.1,59,16.7,7639,nublado,1.0,204,180,6.8,15.3,21.7,2051,nublado,ninguna,seca,1015,0,1452.0,21.2,False,False,False,7,False,6,167,Seguro
25.1,68,15.3,6801,nublado,0.4,114,225,14.3,-5.5,21.4,2225,nublado,leve,seca,1016,500,1832.0,19.4,False,False,False,16,False,9,259,Seguro
18.5,74,17.0,3798,lluvia_ligera,6.7,275,45,13.0,-10.9,23.8,1679,cubierto,leve,humeda,1001,500,1040.0,16.5,False,False,False,11,False,2,53,Precaución
18.7,55,13.9,7811,nublado,1.7,359,270,13.9,0.2,19.5,2315,dispersas,leve,humeda,1000,500,1064.0,9.7,False,False,False,16,False,1,21,Seguro
31.0,28,8.4,9991,despejado,0.0,340,90,7.9,-2.9,11.8,12539,despejado,leve,seca,1023,0,1920.0,19.8,False,False,False,23,True,4,118,Seguro
20.2,48,5.2,9755,despejado,0.0,255,0,5.0,-1.3,6.8,7907,despejado,leve,seca,1022,500,1244.0,9.9,False,False,False,2,True,7,205,Seguro
28.0,42,16.7,9984,despejado,0.0,85,225,10.7,-12.8,21.7,6528,despejado,ninguna,seca,1016,2000,4040.0,14.0,False,False,False,5,True,7,195,Seguro
7.8,87,21.7,2853,lluvia_fuerte,24.3,175,225,16.6,13.9,26.0,1164,cubierto,moderada,contaminada,989,2000,1616.0,3.9,False,True,False,15,False,11,326,Peligro
16.2,94,2.3,1771,niebla,1.0,176,180,0.2,2.3,3.2,648,cubierto,ninguna,humeda,1004,2500,3244.0,15.5,False,False,False,5,True,8,226,Precaución
13.0,69,5.5,6480,nublado,1.8,108,225,4.9,-2.5,8.2,3823,dispersas,leve,humeda,1001,2000,2240.0,3.0,False,False,False,14,False,7,203,Seguro
7.3,92,10.7,1590,niebla,0.4,199,45,4.7,-9.6,13.9,148,cubierto,ninguna,humeda,1019,0,-924.0,7.2,True,False,False,12,False,4,104,Precaución
15.1,55,23.9,6225,nublado,1.0,63,270,10.9,-21.3,26.3,2674,nublado,leve,seca,1010,2000,2492.0,1.6,False,False,False,13,False,9,258,Seguro
26.3,75,14.5,8781,nublado,0.7,202,315,13.3,-5.7,18.9,1552,nublado,leve,seca,1002,0,1356.0,23.9,False,False,False,12,False,12,356,Seguro
17.4,94,6.9,1041,niebla,1.1,301,225,6.7,1.7,10.4,731,cubierto,ninguna,humeda,1003,500,908.0,16.2,False,False,False,10,False,5,140,Precaución
12.8,94,4.1,2189,niebla,1.9,25,315,3.9,1.4,5.7,616,cubierto,ninguna,humeda,1012,500,356.0,11.9,False,False,False,23,True,6,168,Precaución
23.8,70,44.7,4052,granizo,21.8,75,180,43.2,-11.6,67.1,1359,cubierto,severa,mojada,1018,0,1056.0,10.9,False,True,False,17,False,6,177,Peligro
28.1,49,3.2,8777,despejado,0.0,217,315,3.2,-0.4,3.5,9205,despejado,leve,seca,1017,1000,2812.0,14.5,False,False,False,4,True,11,310,Seguro
11.6,89,36.7,2499,tormenta,22.2,271,225,26.4,25.5,51.4,880,cubierto,severa,mojada,984,2000,2072.0,8.4,False,True,False,13,False,8,235,Peligro
13.0,75,18.5,3079,lluvia_ligera,3.9,312,180,13.7,-12.4,25.9,949,cubierto,moderada,mojada,1011,2500,2860.0,9.9,False,False,False,3,True,5,145,Precaución
10.1,92,7.0,1132,niebla,0.5,184,90,7.0,-0.5,9.8,500,cubierto,ninguna,humeda,1004,500,32.0,8.3,False,False,False,1,True,8,214,Precaución
17.0,31,11.0,8144,despejado,0.0,67,270,4.3,-10.1,12.1,12771,despejado,leve,seca,1012,0,240.0,5.7,False,False,False,6,False,3,89,Seguro
18.6,86,21.2,4307,lluvia_ligera,3.5,196,225,10.3,18.5,25.4,1050,cubierto,leve,humeda,1005,1000,1672.0,13.8,False,False,False,23,True,6,161,Precaución
29.8,43,15.2,9155,despejado,0.0,295,90,6.4,-13.8,16.7,12995,despejado,leve,seca,1010,2000,4256.0,22.0,False,False,False,6,False,1,5,Seguro
25.8,26,3.6,8712,despejado,0.0,115,0,3.3,-1.5,4.3,12117,despejado,ninguna,seca,1022,1000,2536.0,12.9,False,False,False,13,False,2,40,Seguro
13.8,66,18.2,7773,nublado,0.7,14,225,9.4,-15.6,25.5,2130,nublado,ninguna,seca,1014,2500,2956.0,2.0,False,False,False,15,False,12,363,Seguro
8.0,95,26.7,1244,lluvia_fuerte,23.5,199,90,25.2,-8.7,32.0,527,cubierto,moderada,contaminada,996,2000,1640.0,6.2,True,True,False,12,False,6,150,Peligro
21.4,37,10.0,8288,despejado,0.0,29,270,8.7,-4.8,12.0,7021,despejado,ninguna,seca,1011,500,1388.0,9.6,False,False,False,17,False,1,4,Seguro
11.8,73,29.1,6668,lluvia_ligera,3.8,273,180,29.1,-1.5,37.8,1958,nublado,leve,mojada,1009,0,-384.0,9.6,False,False,False,8,False,10,281,Precaución
0.4,80,20.0,1341,nieve,19.2,36,45,3.1,19.8,30.0,1785,cubierto,moderada,nevada,1020,500,-1132.0,-3.7,False,False,False,18,False,12,337,Peligro
17.9,75,15.6,6369,nublado,0.9,195,135,13.5,7.8,21.8,3550,dispersas,leve,seca,1018,1000,1588.0,14.7,False,False,False,17,False,11,304,Seguro
5.3,98,9.1,1047,niebla,2.0,268,270,0.3,9.1,12.7,612,cubierto,ninguna,mojada,1009,2500,1936.0,4.4,True,False,False,7,False,1,24,Precaución
31.5,51,5.4,8645,despejado,0.0,8,270,5.3,-0.8,7.6,5767,despejado,ninguna,seca,1023,2500,5080.0,25.2,False,False,False,17,False,3,85,Seguro
15.8,100,4.9,1831,niebla,0.2,51,0,3.8,3.1,6.9,424,cubierto,ninguna,mojada,1001,2500,3196.0,15.4,False,False,False,5,True,3,85,Precaución
20.5,54,5.5,8497,despejado,0.0,175,90,5.5,0.5,7.2,14045,despejado,ninguna,seca,1015,2000,3140.0,10.8,False,False,False,23,True,12,349,Seguro
28.7,48,7.3,9690,despejado,0.0,193,0,1.6,-7.1,8.8,14661,despejado,ninguna,seca,1030,0,1644.0,18.8,False,False,False,6,False,7,193,Seguro
7.6,87,24.2,2360,lluvia_fuerte,23.5,135,180,17.1,17.1,29.0,590,cubierto,moderada,contaminada,1004,0,-888.0,3.8,False,False,True,15,False,10,299,Peligro
32.2,39,12.2,9902,despejado,0.0,185,180,1.1,12.2,17.1,10679,despejado,ninguna,seca,1013,2000,4544.0,19.8,False,False,False,20,False,4,102,Seguro
26.5,65,22.3,8177,nublado,0.2,20,0,7.6,21.0,33.5,2314,nublado,leve,seca,1009,1000,2620.0,16.6,False,False,False,23,True,3,81,Seguro
11.1,77,21.6,6301,lluvia_ligera,5.1,299,90,10.5,-18.9,25.9,1864,nublado,leve,mojada,1020,0,-468.0,6.2,False,False,False,6,False,8,223,Precaución
21.0,45,11.2,8866,despejado,0.0,34,315,11.0,2.1,15.7,7176,despejado,leve,seca,1025,2500,3820.0,6.2,False,False,False,1,True,5,124,Seguro
20.6,81,29.1,4012,lluvia_ligera,3.2,191,135,24.1,16.3,34.9,813,nublado,leve,mojada,1001,0,672.0,16.7,False,True,False,23,True,4,116,Peligro
27.9,53,12.1,9723,despejado,0.0,129,225,12.0,-1.3,14.5,5895,despejado,ninguna,seca,1021,0,1548.0,17.6,False,False,False,7,False,8,227,Seguro
31.3,52,5.8,9869,despejado,0.0,113,0,5.3,-2.3,6.4,11868,despejado,ninguna,seca,1019,500,2576.0,24.9,False,False,False,15,False,7,191,Seguro
10.2,99,48.0,2953,tormenta,23.2,162,180,14.8,45.7,62.4,619,cubierto,moderada,mojada,1001,2500,2524.0,9.5,False,True,True,17,False,11,328,Peligro
17.9,100,2.2,2424,niebla,1.1,275,180,2.2,-0.2,2.9,320,cubierto,ninguna,humeda,1000,0,348.0,16.0,False,False,False,19,False,12,352,Precaución
27.4,46,18.7,9869,despejado,0.0,8,90,18.5,2.6,24.3,12916,despejado,leve,seca,1023,0,1488.0,22.2,False,False,False,23,True,5,141,Seguro
21.8,50,11.6,6883,nublado,1.8,324,270,9.4,6.8,16.2,3069,dispersas,ninguna,humeda,1015,1000,2056.0,10.0,False,False,False,12,False,4,96,Seguro
11.5,80,16.7,5119,lluvia_ligera,7.3,259,135,13.8,-9.3,21.7,979,nublado,moderada,humeda,1017,1000,820.0,9.2,False,False,False,7,False,9,243,Precaución
13.8,95,11.6,1750,niebla,0.6,273,0,11.6,0.6,13.9,559,cubierto,ninguna,humeda,1015,500,476.0,13.1,False,False,False,18,False,8,226,Precaución
9.5,95,0.6,1860,niebla,0.5,101,0,0.6,-0.1,0.8,593,cubierto,ninguna,mojada,1005,2000,1820.0,7.8,True,False,False,15,False,12,335,Precaución
19.4,72,16.6,4982,lluvia_ligera,7.3,144,0,9.8,-13.4,21.6,1390,cubierto,leve,mojada,1016,2500,3628.0,15.6,False,False,False,21,True,11,307,Precaución
20.0,50,17.9,9866,despejado,0.0,147,0,9.7,-15.0,23.3,5769,despejado,leve,seca,1030,2000,3080.0,6.7,False,False,False,17,False,5,129,Seguro
31.0,29,9.7,9815,despejado,0.0,292,45,8.9,-3.8,13.6,14746,despejado,leve,seca,1030,0,1920.0,18.0,False,False,False,3,True,9,265,Seguro
18.8,59,10.9,6845,nublado,1.3,17,90,10.4,3.2,14.2,2326,dispersas,leve,seca,1019,2500,3556.0,4.3,False,False,False,2,True,4,116,Seguro
27.5,46,13.4,9538,despejado,0.0,253,180,12.8,3.9,16.1,6076,despejado,ninguna,seca,1018,0,1500.0,16.1,False,False,False,11,False,1,18,Seguro
10.9,76,22.8,6374,lluvia_ligera,6.4,186,225,14.3,17.7,27.4,1991,nublado,leve,mojada,1005,0,-492.0,8.6,False,False,False,14,False,10,284,Precaución
18.1,89,17.4,5186,lluvia_ligera,2.6,177,135,11.6,12.9,22.6,2053,cubierto,leve,humeda,1011,2500,3472.0,15.9,False,False,False,6,False,12,343,Seguro
16.5,72,32.8,2684,granizo,13.1,183,225,21.9,24.4,42.6,1143,cubierto,severa,contaminada,1014,0,180.0,13.6,False,True,False,21,True,4,111,Peligro
21.2,50,20.1,6228,nublado,0.2,215,0,11.5,-16.5,24.1,2119,nublado,ninguna,seca,1017,2500,3844.0,7.2,False,False,False,23,True,3,60,Seguro
25.6,66,7.1,7613,nublado,1.3,166,45,6.1,-3.7,8.5,2310,nublado,leve,humeda,1018,2500,4372.0,11.2,False,False,False,21,True,4,98,Seguro
-5.1,93,17.0,1026,nieve,16.4,110,135,7.2,15.4,18.7,726,cubierto,moderada,contaminada,1012,0,-2412.0,-5.8,False,False,False,11,False,11,310,Peligro
22.5,44,17.6,9350,despejado,0.0,287,45,15.5,-8.3,21.1,7747,despejado,ninguna,seca,1012,2500,4000.0,15.8,False,False,False,21,True,11,302,Seguro
12.9,96,6.1,2033,niebla,0.9,106,90,1.7,5.9,7.9,210,cubierto,ninguna,humeda,1001,1000,988.0,12.9,False,False,False,12,False,11,307,Precaución
14.7,73,19.2,6760,lluvia_ligera,6.9,199,135,17.3,8.4,26.9,2255,nublado,moderada,mojada,1003,0,-36.0,12.2,False,False,False,12,False,4,119,Precaución
27.6,73,9.5,8691,nublado,1.9,328,135,2.1,-9.3,11.4,3524,nublado,leve,humeda,1001,0,1512.0,24.2,False,False,False,0,True,10,293,Seguro
24.2,72,10.1,7275,nublado,1.3,204,180,4.1,9.2,15.1,2836,nublado,ninguna,humeda,1000,1000,2344.0,20.2,False,False,False,20,False,12,345,Seguro
18.2,75,10.9,3798,lluvia_ligera,2.4,299,135,3.0,-10.5,15.3,1438,nublado,leve,humeda,1009,0,384.0,14.2,False,False,False,13,False,10,272,Seguro
17.8,72,20.0,7774,nublado,0.6,356,45,15.1,13.1,26.0,2639,dispersas,ninguna,seca,1012,2500,3436.0,14.2,False,False,False,3,True,3,64,Seguro
23.3,73,49.5,4190,granizo,11.7,22,135,45.6,-19.3,59.4,880,cubierto,severa,contaminada,1014,0,996.0,18.8,False,True,True,4,True,4,103,Peligro
8.7,79,28.0,4910,lluvia_ligera,6.6,315,315,0.0,28.0,42.0,1519,cubierto,leve,mojada,1008,0,-756.0,6.3,True,False,False,10,False,2,53,Precaución
17.2,90,41.0,4888,granizo,17.6,99,45,33.2,24.1,45.1,611,cubierto,severa,contaminada,1002,1000,1504.0,13.4,False,True,False,10,False,1,15,Peligro
4.3,82,17.5,1461,nieve,10.2,26,90,15.7,7.7,19.2,1137,cubierto,moderada,contaminada,1010,1000,-44.0,0.9,False,False,False,7,False,5,148,Peligro
8.8,95,9.5,1597,niebla,1.7,327,270,8.0,5.2,11.4,753,cubierto,ninguna,mojada,1020,2500,2356.0,8.2,True,False,False,10,False,10,273,Precaución
26.1,75,21.1,8389,nublado,1.8,172,0,2.9,-20.9,31.7,3530,nublado,leve,humeda,1007,2500,4432.0,22.9,False,False,False,21,True,11,328,Seguro
12.2,61,6.0,7815,nublado,1.3,355,135,3.9,-4.6,9.0,2700,dispersas,ninguna,humeda,1018,500,284.0,7.1,False,False,False,16,False,7,195,Seguro
17.5,32,10.4,9111,despejado,0.0,324,180,6.1,-8.4,15.6,11492,despejado,ninguna,seca,1027,500,920.0,6.9,False,False,False,23,True,11,320,Seguro
6.9,94,1.9,2242,niebla,0.4,60,90,0.9,1.6,2.5,719,cubierto,ninguna,humeda,1001,0,-972.0,5.3,True,False,False,15,False,11,328,Precaución
18.9,70,14.4,6209,nublado,1.3,93,315,9.6,-10.7,17.3,2354,dispersas,ninguna,seca,1007,0,468.0,6.8,False,False,False,10,False,6,176,Seguro
20.0,76,27.1,5651,lluvia_ligera,3.4,349,90,26.6,-5.2,35.2,1223,cubierto,moderada,mojada,1004,500,1220.0,16.2,False,False,False,0,True,4,115,Peligro
-4.3,94,12.6,1926,nieve,8.8,236,45,2.4,-12.4,17.6,1895,cubierto,moderada,contaminada,1004,1000,-1076.0,-5.1,False,False,False,21,True,3,75,Peligro
6.6,98,0.7,2396,niebla,0.9,103,0,0.7,-0.2,0.8,546,cubierto,ninguna,humeda,1000,2000,1472.0,5.0,True,False,False,7,False,4,110,Precaución
18.5,72,22.7,8215,nublado,2.0,67,315,21.0,-8.5,29.5,3566,nublado,ninguna,humeda,1006,2000,2900.0,13.6,False,False,False,7,False,6,170,Precaución
3.4,84,14.5,3852,nieve,11.9,280,180,14.3,-2.5,18.9,1566,cubierto,leve,contaminada,1013,2000,1088.0,0.2,False,False,False,5,True,8,225,Precaución
18.4,87,22.5,6882,lluvia_ligera,3.2,48,90,15.1,16.7,24.8,1888,nublado,leve,humeda,1011,0,408.0,16.4,False,False,False,13,False,1,25,Precaución
-6.2,85,20.0,3173,nieve,12.8,258,270,4.2,19.6,26.0,1431,cubierto,leve,nevada,1018,0,-2544.0,-9.7,False,False,False,4,True,8,217,Precaución
11.9,97,1.8,1213,niebla,1.0,304,270,1.0,1.5,2.5,271,cubierto,ninguna,mojada,1018,2500,2728.0,11.0,False,False,False,8,False,1,11,Precaución
15.7,95,2.8,1364,niebla,0.7,45,180,2.0,-2.0,3.6,517,cubierto,ninguna,mojada,1004,500,704.0,15.7,False,False,False,19,False,3,85,Precaución
24.0,54,18.3,8483,nublado,0.5,53,225,2.5,-18.1,25.6,3171,nublado,leve,seca,1013,2000,3560.0,12.1,False,False,False,3,True,9,261,Seguro
9.5,89,41.0,1280,tormenta,30.5,312,225,40.9,2.1,49.2,442,cubierto,severa,contaminada,984,500,-40.0,5.1,False,True,False,1,True,10,292,Peligro
8.2,100,8.1,2264,niebla,2.0,153,270,7.2,-3.7,8.9,618,cubierto,ninguna,mojada,1019,0,-816.0,7.1,True,False,False,5,True,11,312,Precaución
20.6,52,15.2,6771,nublado,1.6,13,270,14.8,-3.4,22.8,2599,nublado,leve,seca,1006,2500,3772.0,13.1,False,False,False,20,False,8,221,Seguro
9.3,87,12.0,6800,lluvia_ligera,2.2,2,45,8.2,8.8,14.4,1405,nublado,moderada,humeda,1009,2000,1796.0,7.1,True,False,False,6,False,7,198,Precaución
13.4,88,47.9,1106,tormenta,16.0,102,270,10.0,-46.9,57.5,978,cubierto,severa,mojada,989,2000,2288.0,11.1,False,True,True,18,False,4,114,Peligro
12.6,96,4.0,894,niebla,0.4,312,90,2.7,-3.0,5.6,800,cubierto,ninguna,mojada,1019,1000,952.0,10.6,False,False,False,0,True,4,116,Precaución
9.4,89,50.1,1855,tormenta,32.5,288,315,22.7,44.6,70.1,788,cubierto,severa,contaminada,1004,1000,568.0,4.5,False,True,False,14,False,12,349,Peligro
-6.7,78,31.3,3666,nieve,18.2,116,225,29.6,-10.2,37.6,1529,cubierto,leve,contaminada,1014,2000,-124.0,-9.9,False,False,False,3,True,6,161,Peligro
21.3,66,13.1,7694,nublado,0.5,209,135,12.6,3.6,15.7,2856,dispersas,leve,seca,1001,2500,3856.0,13.9,False,False,False,8,False,9,265,Seguro
0.9,77,32.4,2448,nieve,15.7,198,0,10.0,-30.8,45.4,1741,cubierto,leve,nevada,1008,1000,-452.0,-3.2,False,False,False,6,False,1,17,Peligro
13.8,92,39.5,2138,lluvia_fuerte,12.9,262,225,23.8,31.5,47.4,471,cubierto,severa,contaminada,990,2500,2956.0,12.6,False,False,False,1,True,12,342,Peligro
17.0,93,10.7,1738,niebla,0.3,307,270,6.4,8.5,15.0,538,cubierto,ninguna,mojada,1004,1000,1480.0,15.8,False,False,False,9,False,6,179,Precaución
12.4,74,38.2,3960,granizo,28.9,151,45,36.7,-10.5,53.5,1626,cubierto,severa,mojada,1010,0,-312.0,8.4,False,True,False,0,True,8,235,Peligro
8.7,92,6.8,1314,niebla,0.6,301,90,3.5,-5.8,8.2,346,cubierto,ninguna,humeda,1018,1000,484.0,7.4,True,False,False,1,True,6,176,Precaución
5.3,93,5.6,1511,niebla,0.1,178,45,4.1,-3.8,6.7,331,cubierto,ninguna,humeda,1011,2500,1936.0,4.7,True,False,False,12,False,5,148,Precaución
19.6,70,11.6,6976,lluvia_ligera,7.1,26,270,10.4,-5.1,13.9,1062,nublado,leve,humeda,1007,0,552.0,11.8,False,False,False,23,True,7,205,Precaución
16.1,96,3.0,2413,niebla,1.0,100,270,0.5,-3.0,3.6,571,cubierto,ninguna,mojada,1019,1000,1372.0,15.7,False,False,False,7,False,11,325,Precaución
17.6,92,10.7,1622,niebla,0.8,128,225,10.6,-1.3,15.0,234,cubierto,ninguna,mojada,1006,2500,3412.0,16.2,False,False,False,21,True,1,25,Precaución
29.5,54,8.9,8133,despejado,0.0,219,45,0.9,-8.9,11.6,6763,despejado,ninguna,seca,1014,500,2360.0,23.1,False,False,False,11,False,12,345,Seguro
13.8,98,5.7,1986,niebla,0.3,103,90,1.3,5.6,7.4,566,cubierto,ninguna,mojada,1011,2000,2336.0,12.6,False,False,False,3,True,10,298,Precaución
12.3,95,0.1,1462,niebla,0.6,2,315,0.1,0.1,0.1,751,cubierto,ninguna,mojada,1002,0,-324.0,10.6,False,False,False,17,False,7,198,Precaución
9.9,94,7.0,2476,niebla,0.7,103,45,5.9,3.7,7.7,702,cubierto,ninguna,humeda,1013,500,8.0,9.7,True,False,False,19,False,9,262,Precaución
6.2,92,5.8,683,niebla,0.7,273,315,3.9,4.3,6.4,465,cubierto,ninguna,mojada,1018,1000,184.0,4.9,True,False,False,22,True,1,27,Peligro
21.9,27,1.3,9545,despejado,0.0,216,90,1.1,-0.8,1.7,5802,despejado,ninguna,seca,1022,1000,2068.0,9.1,False,False,False,22,True,10,286,Seguro
16.0,91,30.1,2945,lluvia_fuerte,16.7,318,180,20.1,-22.4,45.2,814,cubierto,moderada,mojada,991,500,740.0,15.0,False,False,False,20,False,8,215,Peligro
33.7,54,11.3,8022,despejado,0.0,79,45,6.3,9.4,17.0,10238,despejado,leve,seca,1012,2500,5344.0,24.3,False,False,False,21,True,11,314,Seguro
16.2,80,12.1,5752,lluvia_ligera,3.0,79,225,6.8,-10.0,14.5,2253,nublado,moderada,mojada,1015,500,764.0,13.5,False,False,False,5,True,6,173,Seguro
8.8,96,0.2,1326,niebla,1.5,266,45,0.1,-0.2,0.2,538,cubierto,ninguna,mojada,1001,0,-744.0,8.2,True,False,False,13,False,12,335,Precaución
18.9,88,17.4,3943,lluvia_ligera,2.7,159,315,7.1,-15.9,20.9,2470,nublado,leve,mojada,1006,2500,3568.0,16.8,False,False,False,12,False,8,229,Seguro
16.4,93,39.3,3958,lluvia_fuerte,15.2,217,0,23.7,-31.4,47.2,1300,cubierto,severa,contaminada,981,1000,1408.0,15.1,False,False,False,21,True,1,15,Peligro
16.6,99,0.2,1993,niebla,0.8,288,45,0.2,-0.1,0.3,464,cubierto,ninguna,humeda,1000,2500,3292.0,15.0,False,False,False,20,False,10,271,Precaución
34.7,39,0.7,8561,despejado,0.0,200,0,0.2,-0.7,0.9,6634,despejado,ninguna,seca,1012,0,2364.0,28.8,False,False,False,16,False,4,103,Seguro
13.1,57,19.4,8427,nublado,1.2,117,180,17.3,8.8,23.3,3216,dispersas,leve,humeda,1003,500,392.0,0.7,False,False,False,6,False,7,193,Seguro
-1.9,77,30.5,2574,nieve,8.6,347,0,6.9,29.7,42.7,1855,cubierto,moderada,contaminada,1000,500,-1408.0,-4.2,False,False,False,15,False,12,355,Peligro
16.3,87,27.8,5163,lluvia_ligera,2.3,278,135,16.7,-22.2,41.7,1092,nublado,leve,humeda,1019,0,156.0,12.8,False,False,False,22,True,12,347,Precaución
23.3,44,3.4,9693,despejado,0.0,347,0,0.8,3.3,4.8,13785,despejado,leve,seca,1023,1000,2236.0,18.0,False,False,False,12,False,9,246,Seguro
20.9,86,16.7,5029,lluvia_ligera,4.1,228,0,12.4,-11.2,23.4,1649,nublado,moderada,mojada,1000,2000,3188.0,17.3,False,False,False,10,False,3,68,Precaución
12.4,98,37.6,2580,tormenta,29.4,261,225,22.1,30.4,52.6,552,cubierto,severa,mojada,989,0,-312.0,11.7,False,True,False,17,False,1,28,Peligro
15.2,78,22.7,6289,lluvia_ligera,4.2,337,135,8.5,-21.0,34.0,1455,cubierto,moderada,mojada,1001,0,24.0,13.1,False,False,False,11,False,10,285,Precaución
9.0,73,20.9,3161,lluvia_ligera,2.4,272,90,0.7,-20.9,29.3,1129,nublado,moderada,mojada,1020,0,-720.0,5.6,False,False,False,23,True,6,177,Precaución
18.4,85,18.3,4902,lluvia_ligera,4.9,37,315,18.1,2.5,22.0,894,cubierto,leve,humeda,1012,500,1028.0,14.8,False,False,False,23,True,12,333,Precaución
13.1,90,38.1,1451,tormenta,31.1,279,270,6.0,37.6,53.3,284,cubierto,severa,contaminada,1005,2500,2872.0,8.5,False,True,False,12,False,6,164,Peligro
10.8,94,7.1,2278,niebla,1.4,237,180,6.0,3.9,8.5,450,cubierto,ninguna,humeda,1001,2000,1976.0,9.9,False,False,False,7,False,1,28,Precaución
14.2,94,53.3,1913,tormenta,34.5,205,90,48.3,-22.5,64.0,734,cubierto,severa,mojada,985,2500,3004.0,13.0,False,True,False,2,True,12,355,Peligro
5.3,88,27.7,2755,lluvia_fuerte,21.4,77,225,14.7,-23.5,33.2,462,cubierto,moderada,mojada,981,500,-544.0,0.5,False,False,False,19,False,8,228,Peligro
20.3,74,9.2,7060,nublado,0.5,65,180,8.3,-3.9,11.0,3487,dispersas,leve,seca,1002,2500,3736.0,17.3,False,False,False,18,False,11,309,Seguro
34.1,44,5.6,9008,despejado,0.0,314,0,4.0,3.9,6.2,13952,despejado,leve,seca,1029,1000,3532.0,20.4,False,False,False,2,True,7,200,Seguro
19.0,72,21.0,7734,nublado,2.0,68,180,19.5,-7.9,29.4,3658,nublado,ninguna,humeda,1011,2500,3580.0,15.3,False,False,False,11,False,9,263,Precaución
33.6,33,8.9,9471,despejado,0.0,84,225,5.6,-6.9,9.8,11693,despejado,leve,seca,1013,500,2852.0,28.1,False,False,False,16,False,5,129,Seguro
20.1,73,24.0,7614,nublado,0.4,224,90,17.3,-16.7,28.8,3956,dispersas,ninguna,humeda,1006,0,612.0,16.2,False,False,False,8,False,1,17,Precaución
32.2,26,2.4,8607,despejado,0.0,96,225,1.9,-1.5,3.4,10535,despejado,leve,seca,1017,0,2064.0,20.7,False,False,False,3,True,11,326,Seguro
25.9,68,8.1,8009,nublado,1.4,243,90,3.7,-7.2,11.3,1687,nublado,ninguna,humeda,1014,1000,2548.0,11.6,False,False,False,21,True,12,338,Seguro
5.0,98,25.8,1923,lluvia_fuerte,15.1,141,225,25.7,2.7,33.5,888,cubierto,severa,mojada,992,2000,1280.0,4.5,True,False,False,0,True,6,178,Peligro
13.4,62,5.0,8334,nublado,2.0,178,270,5.0,-0.2,6.0,2960,nublado,ninguna,seca,1006,500,428.0,4.6,False,False,False,16,False,11,305,Seguro
-7.5,78,24.8,3632,nieve,19.3,122,135,5.6,24.2,32.2,1578,cubierto,leve,nevada,1019,2000,-220.0,-11.9,False,False,False,22,True,1,21,Peligro
13.4,99,10.2,1674,niebla,1.7,321,225,10.1,-1.1,14.3,138,cubierto,ninguna,mojada,1000,500,428.0,12.3,False,False,False,0,True,11,323,Peligro
21.8,53,5.7,6904,nublado,1.0,63,315,5.4,-1.8,8.6,2165,dispersas,leve,humeda,1000,500,1436.0,8.3,False,False,False,9,False,12,354,Seguro
16.1,39,0.3,9139,despejado,0.0,349,45,0.2,0.2,0.4,6694,despejado,ninguna,seca,1020,2000,2612.0,7.0,False,False,False,2,True,5,123,Seguro
24.2,58,24.4,6184,nublado,0.5,67,90,9.5,22.5,29.3,1520,nublado,leve,humeda,1000,2000,3584.0,17.3,False,False,False,21,True,2,53,Seguro
33.0,55,4.9,9358,despejado,0.0,325,135,0.9,-4.8,6.4,12479,despejado,leve,seca,1028,0,2160.0,27.9,False,False,False,0,True,12,354,Seguro
11.0,89,23.8,5704,lluvia_ligera,3.0,295,315,8.1,22.4,30.9,1162,cubierto,leve,humeda,1001,1000,760.0,8.0,False,False,False,1,True,2,55,Seguro
15.3,50,2.3,8448,despejado,0.0,37,180,1.4,-1.8,2.8,6299,despejado,ninguna,seca,1023,2000,2516.0,5.7,False,False,False,15,False,2,33,Seguro
8.0,74,12.7,4501,lluvia_ligera,4.2,323,45,12.6,1.8,15.2,2021,nublado,moderada,mojada,1009,2000,1640.0,3.9,False,False,False,16,False,7,186,Precaución
22.4,46,14.1,9373,despejado,0.0,157,315,5.3,-13.1,21.1,13201,despejado,ninguna,seca,1024,2500,3988.0,10.9,False,False,False,19,False,5,140,Seguro
18.8,89,21.0,1402,lluvia_fuerte,21.7,149,270,18.0,-10.8,27.3,362,cubierto,moderada,contaminada,1005,500,1076.0,14.2,False,True,False,11,False,2,33,Peligro
15.9,70,34.4,3419,granizo,11.0,355,315,22.1,26.4,48.2,880,cubierto,severa,mojada,1002,2500,3208.0,8.2,False,True,False,0,True,11,329,Peligro
19.0,82,20.9,4363,lluvia_ligera,8.0,278,315,12.6,16.7,31.3,2138,nublado,leve,mojada,1007,0,480.0,14.1,False,False,False,4,True,9,261,Precaución
17.6,50,18.8,8065,despejado,0.0,160,270,17.7,-6.4,22.6,7775,despejado,ninguna,seca,1016,2500,3412.0,11.0,False,False,False,15,False,3,86,Seguro
22.0,27,6.2,8925,despejado,0.0,188,45,3.7,-5.0,6.8,5616,despejado,ninguna,seca,1012,2500,3940.0,11.1,False,False,False,12,False,8,237,Seguro
-5.7,87,19.3,2423,nieve,16.5,221,180,12.7,14.6,25.1,702,cubierto,moderada,contaminada,1004,1000,-1244.0,-10.5,False,False,False,20,False,8,239,Peligro
19.5,52,9.3,9731,despejado,0.0,172,45,7.4,-5.6,11.2,11203,despejado,leve,seca,1023,2500,3640.0,8.2,False,False,False,18,False,6,151,Seguro
-0.7,78,11.9,3830,nieve,18.6,75,225,5.9,-10.3,14.3,1517,cubierto,leve,contaminada,1009,1000,-644.0,-5.4,False,False,False,1,True,7,184,Precaución
31.7,33,18.1,9965,despejado,0.0,108,180,17.2,5.6,21.7,13151,despejado,ninguna,seca,1016,2500,5104.0,22.6,False,False,False,4,True,8,211,Seguro
11.9,95,6.7,1843,niebla,1.5,151,45,6.4,-1.8,7.4,364,cubierto,ninguna,humeda,1012,0,-372.0,11.1,False,False,False,20,False,11,329,Precaución
27.0,75,6.3,6435,nublado,1.2,196,90,6.1,-1.7,8.8,2510,nublado,leve,seca,1018,500,2060.0,22.8,False,False,False,11,False,6,177,Seguro
15.9,91,44.7,2311,lluvia_fuerte,23.5,29,90,39.1,21.7,62.6,744,cubierto,moderada,mojada,998,0,108.0,14.8,False,False,True,19,False,11,302,Peligro
23.5,53,11.6,8651,nublado,0.1,6,0,1.2,11.5,13.9,3679,nublado,ninguna,humeda,1001,2500,4120.0,18.4,False,False,False,20,False,9,256,Seguro
24.7,46,6.7,8326,despejado,0.0,327,225,6.6,-1.4,7.4,10808,despejado,leve,seca,1020,0,1164.0,10.4,False,False,False,11,False,6,168,Seguro
18.7,50,4.6,9383,despejado,0.0,278,270,0.6,4.6,5.5,11046,despejado,leve,seca,1010,0,444.0,9.0,False,False,False,9,False,8,211,Seguro
24.5,90,40.7,3046,granizo,28.3,351,135,23.9,-32.9,48.8,1933,cubierto,severa,mojada,1002,0,1140.0,20.9,False,True,True,22,True,10,273,Peligro
23.1,62,11.9,7284,nublado,1.3,212,270,10.1,6.3,15.5,2387,dispersas,ninguna,seca,1006,2000,3452.0,10.5,False,False,False,16,False,10,281,Seguro
21.6,65,11.3,8472,nublado,1.1,127,90,6.8,9.0,15.8,2260,dispersas,leve,seca,1016,500,1412.0,13.2,False,False,False,19,False,7,194,Seguro
15.8,100,2.4,1051,niebla,0.9,123,315,0.5,-2.3,3.4,298,cubierto,ninguna,mojada,1004,0,96.0,14.6,False,False,False,6,False,9,248,Precaución
-2.4,87,20.6,1376,nieve,6.1,44,180,14.3,-14.8,28.8,1725,cubierto,moderada,contaminada,1007,1000,-848.0,-4.4,False,False,False,14,False,10,278,Peligro
16.4,74,15.0,4590,lluvia_ligera,3.9,18,270,14.3,-4.6,19.5,2480,cubierto,leve,humeda,1007,500,788.0,13.7,False,False,False,0,True,4,103,Precaución
30.1,40,6.9,8349,despejado,0.0,357,90,6.9,-0.4,7.6,10068,despejado,ninguna,seca,1021,1000,3052.0,24.9,False,False,False,18,False,12,341,Seguro
23.3,74,7.9,8627,nublado,0.1,332,135,2.3,-7.6,9.5,2636,nublado,leve,humeda,1017,2500,4096.0,20.3,False,False,False,9,False,9,241,Seguro
18.8,73,12.6,4943,lluvia_ligera,6.9,338,315,4.9,11.6,18.9,2321,cubierto,moderada,humeda,1008,500,1076.0,13.9,False,False,False,7,False,9,253,Precaución
19.1,45,6.6,8556,despejado,0.0,255,315,5.7,3.3,9.2,10862,despejado,ninguna,seca,1025,500,1112.0,11.2,False,False,False,14,False,6,159,Seguro
30.8,47,11.1,9642,despejado,0.0,219,270,8.6,7.0,14.4,11825,despejado,leve,seca,1025,0,1896.0,20.8,False,False,False,10,False,3,83,Seguro
8.8,92,7.8,1904,niebla,0.0,47,225,0.3,-7.8,10.1,733,cubierto,ninguna,mojada,1000,1000,496.0,8.5,False,False,False,18,False,5,126,Precaución
16.6,94,9.4,1799,niebla,1.2,41,0,6.2,7.1,12.2,257,cubierto,ninguna,mojada,1002,500,812.0,14.7,False,False,False,7,False,8,214,Precaución
10.6,92,25.0,1065,lluvia_fuerte,16.3,49,270,16.4,-18.9,35.0,329,cubierto,moderada,mojada,981,2000,1952.0,9.6,False,False,True,10,False,6,166,Peligro
23.6,63,20.8,8842,nublado,0.1,43,135,20.8,-0.7,27.0,3091,dispersas,leve,humeda,1009,0,1032.0,17.0,False,False,False,19,False,7,185,Precaución
18.8,90,39.9,3717,granizo,17.8,163,135,18.7,35.2,55.9,1642,cubierto,severa,mojada,1004,2000,2936.0,14.2,False,True,False,15,False,4,108,Peligro
1.4,88,33.8,1088,nieve,6.0,255,0,32.6,-8.7,47.3,846,cubierto,leve,contaminada,1011,2500,1468.0,-3.4,False,False,False,11,False,8,232,Peligro
12.4,92,8.6,939,niebla,0.9,4,270,8.6,-0.6,12.0,225,cubierto,ninguna,mojada,1011,2500,2788.0,10.5,False,False,False,13,False,1,7,Precaución
19.8,61,19.2,7173,nublado,0.3,229,225,1.3,19.2,21.1,3496,nublado,leve,seca,1020,2000,3056.0,9.7,False,False,False,23,True,3,79,Seguro
18.0,79,10.2,3020,lluvia_ligera,7.6,138,315,0.5,-10.2,14.3,827,nublado,leve,mojada,1000,2000,2840.0,15.3,False,False,False,5,True,4,98,Precaución
13.6,89,22.2,6862,lluvia_ligera,7.3,7,90,22.0,2.7,28.9,1076,cubierto,leve,humeda,1015,1000,1072.0,11.4,False,False,False,2,True,1,2,Precaución
17.0,79,21.2,6452,lluvia_ligera,6.8,341,315,9.3,19.1,27.6,1812,nublado,moderada,mojada,1008,2500,3340.0,13.6,False,False,False,6,False,8,232,Precaución
20.0,29,2.7,8239,despejado,0.0,315,180,1.9,-1.9,3.5,8611,despejado,leve,seca,1023,0,600.0,6.2,False,False,False,0,True,11,316,Seguro
17.0,76,15.7,4807,lluvia_ligera,2.6,339,90,14.7,-5.6,22.0,1460,cubierto,moderada,mojada,1013,2000,2720.0,13.4,False,False,False,0,True,4,119,Precaución
15.9,93,7.3,1344,niebla,0.8,12,135,6.1,-4.0,9.5,406,cubierto,ninguna,mojada,1000,500,728.0,15.0,False,False,False,20,False,3,76,Precaución
27.3,64,6.9,6962,nublado,1.5,211,270,5.9,3.6,9.0,3939,dispersas,leve,seca,1014,2000,3956.0,14.5,False,False,False,21,True,4,119,Seguro
22.3,55,6.3,8815,nublado,0.4,14,135,5.4,-3.2,7.6,3314,dispersas,leve,seca,1004,2500,3976.0,7.7,False,False,False,19,False,4,110,Seguro
10.1,87,23.8,3914,lluvia_ligera,4.9,120,45,23.0,6.2,28.6,2398,nublado,moderada,humeda,1003,1000,652.0,7.3,False,False,False,15,False,9,253,Precaución
9.0,81,10.9,4570,lluvia_ligera,7.2,209,90,9.5,-5.3,13.1,1946,nublado,moderada,humeda,1017,1000,520.0,4.8,False,False,False,16,False,10,291,Precaución
17.3,78,35.9,2532,granizo,10.1,30,315,34.7,9.3,46.7,1449,cubierto,severa,mojada,1006,2000,2756.0,15.0,False,True,True,9,False,3,73,Peligro
24.7,50,19.3,6936,nublado,0.6,69,90,6.9,18.0,27.0,3375,dispersas,leve,humeda,1006,2500,4264.0,9.9,False,False,False,3,True,12,333,Seguro
-2.6,81,15.7,2748,nieve,9.1,262,45,9.4,-12.5,23.5,1085,cubierto,leve,nevada,1016,1000,-872.0,-6.3,False,False,False,0,True,12,344,Precaución
15.3,98,24.3,1013,lluvia_fuerte,14.7,356,180,1.7,-24.2,31.6,1448,cubierto,moderada,mojada,994,0,36.0,15.1,False,False,False,2,True,4,94,Peligro
11.4,72,20.3,4185,lluvia_ligera,6.2,150,45,19.6,-5.3,22.3,1579,cubierto,leve,humeda,1003,0,-432.0,8.9,False,False,False,17,False,6,168,Precaución
25.8,58,19.6,6477,nublado,1.9,167,270,19.1,-4.4,25.5,1823,dispersas,leve,seca,1008,2000,3776.0,14.5,False,False,False,16,False,12,345,Seguro
11.1,91,53.4,1354,tormenta,18.3,91,270,0.9,-53.4,69.4,932,cubierto,severa,mojada,980,1000,772.0,9.7,False,True,True,6,False,12,356,Peligro
6.2,95,2.2,1582,niebla,1.6,181,270,2.2,0.0,2.9,206,cubierto,ninguna,humeda,1011,500,-436.0,4.7,True,False,False,0,True,3,67,Precaución
16.5,87,18.3,6202,lluvia_ligera,6.8,321,45,18.2,1.9,20.1,2042,cubierto,moderada,humeda,1018,500,800.0,12.4,False,False,False,19,False,6,154,Precaución
18.2,50,18.3,7493,nublado,1.6,358,135,12.5,-13.4,22.0,2766,dispersas,leve,humeda,1003,1000,1624.0,12.2,False,False,False,20,False,10,297,Seguro
22.8,43,0.7,8843,despejado,0.0,145,0,0.4,-0.6,0.8,8931,despejado,leve,seca,1018,2500,4036.0,8.4,False,False,False,19,False,8,221,Seguro
20.7,59,7.9,7046,nublado,1.5,30,135,7.6,-2.0,9.5,2131,nublado,leve,seca,1001,1000,1924.0,11.8,False,False,False,10,False,3,73,Seguro
15.2,88,28.8,3293,lluvia_fuerte,23.3,83,270,3.5,-28.6,43.2,1132,cubierto,severa,mojada,980,500,644.0,11.0,False,False,False,10,False,8,211,Peligro
10.1,89,18.5,6757,lluvia_ligera,4.3,223,90,13.5,-12.6,20.4,1711,nublado,leve,mojada,1010,0,-588.0,8.0,False,False,False,11,False,10,285,Seguro
19.2,86,47.2,4146,granizo,27.4,266,45,31.0,-35.6,61.4,1801,cubierto,severa,mojada,1002,2000,2984.0,15.4,False,True,True,13,False,2,34,Peligro
17.9,95,6.4,1376,niebla,1.0,232,90,3.9,-5.0,7.7,533,cubierto,ninguna,mojada,1000,0,348.0,17.6,False,False,False,20,False,2,37,Precaución
17.0,92,5.2,2169,niebla,0.9,15,135,4.5,-2.6,7.8,524,cubierto,ninguna,mojada,1003,1000,1480.0,16.5,False,False,False,15,False,7,203,Precaución
27.5,61,8.4,7269,nublado,0.1,292,90,3.1,-7.8,11.8,2600,dispersas,leve,seca,1006,2500,4600.0,14.2,False,False,False,9,False,1,22,Seguro
21.2,83,19.8,4939,lluvia_ligera,7.5,81,0,19.6,3.1,27.7,1155,nublado,leve,mojada,1018,0,744.0,17.8,False,False,False,21,True,8,222,Precaución
13.9,92,10.2,991,niebla,1.5,95,270,0.9,-10.2,15.3,749,cubierto,ninguna,humeda,1004,0,-132.0,12.1,False,False,False,21,True,7,187,Precaución
13.7,100,4.9,2163,niebla,1.8,170,0,0.9,-4.8,6.9,446,cubierto,ninguna,mojada,1004,500,464.0,13.1,False,False,False,10,False,9,249,Precaución
20.8,54,0.3,9120,despejado,0.0,112,0,0.3,-0.1,0.4,7897,despejado,leve,seca,1013,2000,3176.0,15.8,False,False,False,13,False,4,103,Seguro
-6.7,87,15.4,2945,nieve,5.2,86,90,1.1,15.4,23.1,1518,cubierto,moderada,contaminada,1004,0,-2604.0,-8.8,False,False,False,10,False,5,122,Peligro
17.7,85,44.8,3838,lluvia_fuerte,20.2,344,90,43.1,-12.3,62.7,817,cubierto,severa,contaminada,990,2000,2804.0,13.2,False,True,False,13,False,5,141,Peligro
30.9,31,10.9,8463,despejado,0.0,207,90,9.7,-4.9,15.3,7377,despejado,ninguna,seca,1025,1000,3148.0,17.7,False,False,False,7,False,4,117,Seguro
22.0,68,19.2,8517,nublado,1.8,45,45,0.0,19.2,25.0,3514,nublado,leve,humeda,1011,2000,3320.0,14.9,False,False,False,23,True,2,57,Seguro
16.1,89,10.4,4098,lluvia_ligera,5.8,316,225,10.4,-0.2,13.5,1092,cubierto,leve,mojada,1017,0,132.0,12.4,False,True,False,19,False,8,235,Peligro
11.4,96,5.9,2065,niebla,1.8,113,270,2.3,-5.4,6.5,386,cubierto,ninguna,mojada,1013,2000,2048.0,9.5,False,False,False,1,True,9,258,Precaución
2.0,93,30.2,3690,nieve,9.4,151,270,26.4,-14.6,39.3,1531,cubierto,moderada,nevada,1011,2500,1540.0,1.2,True,False,False,18,False,5,128,Peligro
5.6,92,10.5,1138,niebla,0.7,328,270,8.9,5.6,12.6,408,cubierto,ninguna,humeda,1015,0,-1128.0,4.8,True,False,False,18,False,11,319,Precaución
19.2,41,6.8,8889,despejado,0.0,41,0,4.5,5.1,8.8,13787,despejado,ninguna,seca,1025,2500,3604.0,13.4,False,False,False,10,False,10,296,Seguro
13.7,85,17.8,5019,lluvia_ligera,3.8,85,270,1.6,-17.7,21.4,1701,nublado,leve,mojada,1005,0,-156.0,10.6,False,False,False,13,False,5,134,Seguro
16.8,89,12.4,5402,lluvia_ligera,7.8,279,135,7.3,-10.0,14.9,2140,nublado,leve,mojada,1015,500,836.0,13.2,False,False,False,4,True,1,23,Seguro
19.5,96,42.8,3459,lluvia_fuerte,24.6,239,0,36.7,-22.0,59.9,586,cubierto,moderada,contaminada,984,0,540.0,19.0,False,False,False,18,False,8,226,Peligro
18.7,86,16.3,4379,lluvia_ligera,7.9,76,0,15.8,3.9,21.2,2336,nublado,leve,humeda,1009,2500,3544.0,15.9,False,False,False,1,True,1,16,Precaución
25.6,43,14.2,9531,despejado,0.0,253,270,4.2,13.6,21.3,6128,despejado,leve,seca,1013,2500,4372.0,16.4,False,False,False,19,False,4,100,Seguro
27.8,29,19.4,9208,despejado,0.0,169,180,3.7,19.0,27.2,14082,despejado,ninguna,seca,1015,2500,4636.0,22.0,False,False,False,12,False,8,234,Seguro
9.3,74,13.6,4577,lluvia_ligera,4.1,70,0,12.8,4.7,17.7,1812,cubierto,leve,mojada,1017,2000,1796.0,5.7,False,False,False,15,False,10,273,Precaución
0.1,78,19.7,2133,nieve,19.5,16,225,9.6,-17.2,25.6,1533,cubierto,leve,nevada,1005,1000,-548.0,-4.1,False,False,False,15,False,10,270,Precaución
18.1,78,26.5,5411,lluvia_ligera,2.1,292,270,9.9,24.6,29.2,816,nublado,leve,humeda,1020,2500,3472.0,13.5,False,False,False,2,True,10,298,Precaución
12.2,75,10.8,3690,lluvia_ligera,3.7,254,270,3.0,10.4,13.0,1248,cubierto,leve,mojada,1011,2000,2144.0,7.9,False,False,False,6,False,9,257,Precaución
12.4,99,9.1,2455,niebla,0.1,120,225,8.8,-2.4,11.8,704,cubierto,ninguna,mojada,1017,1000,928.0,10.8,False,False,False,0,True,3,82,Precaución
22.3,59,7.9,7337,nublado,1.2,240,45,2.0,-7.6,10.3,2975,nublado,leve,humeda,1005,1000,2116.0,16.9,False,False,False,4,True,11,303,Seguro
34.4,25,17.4,8572,despejado,0.0,16,0,4.8,16.7,22.6,6703,despejado,leve,seca,1018,500,2948.0,20.6,False,False,False,15,False,5,128,Seguro
14.7,64,22.0,7052,nublado,1.2,262,270,3.1,21.8,26.4,3429,nublado,leve,humeda,1019,0,-36.0,5.6,False,False,False,4,True,9,248,Seguro
9.1,99,41.4,2642,tormenta,27.5,40,45,3.6,41.2,58.0,471,cubierto,severa,mojada,983,2000,1772.0,8.0,True,True,True,0,True,7,203,Peligro
6.6,93,10.6,851,niebla,1.0,54,0,8.6,6.2,13.8,567,cubierto,ninguna,mojada,1014,500,-388.0,5.4,True,False,False,7,False,11,326,Precaución
33.0,48,5.8,8215,despejado,0.0,236,225,1.1,5.7,8.7,14081,despejado,ninguna,seca,1017,1000,3400.0,27.4,False,False,False,6,False,12,361,Seguro
20.9,90,16.9,6552,lluvia_ligera,3.8,310,90,10.9,-12.9,25.3,2011,cubierto,leve,humeda,1010,500,1328.0,16.0,False,False,False,18,False,10,288,Seguro
13.9,86,46.8,1548,granizo,15.8,271,90,0.8,-46.8,51.5,1419,cubierto,severa,contaminada,1017,1000,1108.0,9.0,False,True,False,13,False,11,313,Peligro
19.4,70,25.2,6259,lluvia_ligera,6.0,304,45,24.7,-4.8,32.8,1746,cubierto,moderada,humeda,1015,0,528.0,5.6,False,False,False,18,False,12,360,Precaución
22.2,53,17.8,7051,nublado,1.4,244,0,16.0,-7.8,26.7,2197,nublado,ninguna,seca,1004,2500,3964.0,14.4,False,False,False,8,False,2,34,Seguro
-5.1,80,11.6,1613,nieve,13.0,313,90,7.9,-8.5,16.2,1741,cubierto,leve,nevada,1018,500,-1792.0,-8.9,False,False,False,3,True,3,72,Precaución
16.8,80,38.7,1865,granizo,28.3,111,135,15.7,35.4,50.3,1291,cubierto,severa,mojada,1020,2500,3316.0,14.0,False,True,False,23,True,7,203,Peligro
19.3,30,4.5,9874,despejado,0.0,21,0,1.6,4.2,6.3,7944,despejado,ninguna,seca,1012,0,516.0,6.9,False,False,False,6,False,11,301,Seguro
8.2,95,11.8,1684,niebla,1.3,144,270,9.5,-6.9,15.3,621,cubierto,ninguna,humeda,1004,0,-816.0,7.3,True,False,False,22,True,9,247,Precaución
-0.4,82,30.6,2530,nieve,6.3,237,90,16.7,-25.7,42.8,1745,cubierto,moderada,nevada,1010,500,-1228.0,-2.8,False,False,False,12,False,1,11,Peligro
13.1,90,27.4,6621,lluvia_ligera,3.0,148,270,23.2,-14.5,35.6,1251,nublado,leve,mojada,1006,500,392.0,8.4,False,False,False,15,False,12,348,Precaución
12.1,94,43.4,1649,lluvia_fuerte,19.4,101,135,24.3,36.0,65.1,386,cubierto,severa,mojada,1001,500,272.0,10.2,False,True,False,7,False,11,325,Peligro
21.7,42,4.1,8388,despejado,0.0,329,180,2.1,-3.5,5.3,9187,despejado,leve,seca,1023,1000,2044.0,12.3,False,False,False,4,True,10,280,Seguro
15.0,72,19.3,6257,lluvia_ligera,5.6,200,45,8.2,-17.5,25.1,2457,nublado,moderada,mojada,1016,0,0.0,11.0,False,False,False,5,True,8,213,Precaución
19.6,69,22.4,6123,nublado,0.3,6,225,14.1,-17.4,26.9,2078,dispersas,ninguna,seca,1005,2000,3032.0,7.2,False,False,False,23,True,10,271,Seguro
17.6,74,12.7,8427,nublado,0.9,280,45,10.4,-7.3,16.5,3620,dispersas,leve,humeda,1004,1000,1552.0,13.5,False,False,False,18,False,10,294,Seguro
11.2,81,24.8,5252,lluvia_ligera,4.0,47,0,18.1,16.9,34.7,1151,nublado,moderada,humeda,1001,2000,2024.0,7.0,False,False,False,7,False,11,318,Precaución
2.6,75,15.9,2735,nieve,17.2,222,45,0.8,-15.9,19.1,1506,cubierto,leve,nevada,1005,2500,1612.0,-2.3,False,False,False,9,False,4,101,Precaución
12.2,66,21.1,8193,nublado,0.3,30,270,18.3,-10.5,25.3,3810,dispersas,leve,humeda,1018,2000,2144.0,5.7,False,False,False,2,True,4,102,Precaución
33.6,43,14.2,9925,despejado,0.0,326,135,2.7,-13.9,15.6,7898,despejado,ninguna,seca,1027,500,2852.0,19.1,False,False,False,15,False,12,344,Seguro
13.6,63,6.1,7627,nublado,0.4,312,270,4.1,4.5,7.9,1914,dispersas,leve,humeda,1005,0,-168.0,4.8,False,False,False,8,False,9,241,Seguro
11.5,89,36.0,1300,tormenta,30.5,120,225,34.8,-9.3,43.2,520,cubierto,severa,contaminada,983,500,200.0,8.9,False,True,False,8,False,8,226,Peligro
19.2,30,3.7,8115,despejado,0.0,319,0,2.4,2.8,4.4,13441,despejado,ninguna,seca,1014,500,1124.0,9.5,False,False,False,8,False,12,333,Seguro
12.6,100,2.9,783,niebla,1.4,16,90,2.8,0.8,4.3,586,cubierto,ninguna,humeda,1012,2000,2192.0,11.7,False,False,False,9,False,6,170,Peligro
16.2,47,19.3,9038,despejado,0.0,345,135,9.6,-16.7,21.2,13476,despejado,ninguna,seca,1024,1000,1384.0,4.6,False,False,False,0,True,10,293,Seguro
30.6,30,16.6,8910,despejado,0.0,296,45,15.7,-5.4,21.6,10332,despejado,leve,seca,1025,500,2492.0,17.1,False,False,False,13,False,11,324,Seguro
33.4,45,19.5,9448,despejado,0.0,234,270,11.5,15.8,25.4,9081,despejado,leve,seca,1021,2000,4688.0,23.4,False,False,False,8,False,8,220,Seguro
33.6,43,4.9,9913,despejado,0.0,326,315,0.9,4.8,6.4,8432,despejado,leve,seca,1022,2000,4712.0,26.8,False,False,False,21,True,9,260,Seguro
18.9,63,13.2,6360,nublado,1.7,120,225,12.8,-3.4,14.5,3961,dispersas,ninguna,humeda,1001,1000,1708.0,8.7,False,False,False,2,True,1,5,Seguro
11.1,90,23.9,3724,lluvia_ligera,3.3,81,135,19.3,14.0,28.7,2271,cubierto,leve,humeda,1003,2500,2632.0,7.4,False,False,False,10,False,4,114,Precaución
17.8,41,5.6,9948,despejado,0.0,209,180,2.7,4.9,7.8,9320,despejado,ninguna,seca,1028,500,956.0,3.0,False,False,False,13,False,4,92,Seguro
33.4,52,5.9,8156,despejado,0.0,15,135,5.1,-2.9,7.7,8884,despejado,leve,seca,1029,0,2208.0,27.6,False,False,False,2,True,5,124,Seguro
5.8,95,44.5,1011,tormenta,28.1,42,270,33.1,-29.8,57.9,498,cubierto,moderada,mojada,1005,1000,136.0,5.3,True,True,True,19,False,5,144,Peligro
5.7,93,46.0,1731,tormenta,25.7,173,180,5.6,45.7,55.2,651,cubierto,severa,contaminada,990,2500,1984.0,5.6,True,True,False,18,False,12,353,Peligro
20.0,68,9.4,6926,nublado,1.8,205,45,3.2,-8.8,12.2,2162,nublado,leve,humeda,1014,1000,1840.0,13.9,False,False,False,19,False,2,43,Seguro
19.2,63,10.9,7218,nublado,1.5,283,45,9.2,-5.8,14.2,2485,dispersas,leve,seca,1017,2000,2984.0,10.0,False,False,False,0,True,1,29,Seguro
21.7,71,10.7,4250,lluvia_ligera,2.1,24,0,4.4,9.8,12.8,1107,nublado,moderada,mojada,1017,2000,3284.0,17.8,False,False,False,17,False,6,155,Precaución
18.1,30,3.1,9652,despejado,0.0,329,270,2.7,1.6,3.7,14798,despejado,leve,seca,1022,0,372.0,10.1,False,False,False,12,False,9,264,Seguro
19.6,80,11.2,3310,lluvia_ligera,2.7,239,90,5.8,-9.6,13.4,1141,cubierto,leve,humeda,1001,2500,3652.0,16.1,False,False,False,17,False,1,5,Seguro
18.0,98,5.8,991,niebla,0.7,269,225,4.0,4.2,6.4,789,cubierto,ninguna,mojada,1001,2000,2840.0,17.7,False,False,False,17,False,10,276,Precaución
16.8,38,10.8,8070,despejado,0.0,87,180,10.8,-0.6,15.1,12607,despejado,ninguna,seca,1024,1000,1456.0,5.5,False,False,False,20,False,1,17,Seguro
12.1,67,9.1,7103,nublado,0.5,70,45,3.8,8.2,11.8,2889,dispersas,leve,humeda,1009,0,-348.0,-1.0,False,False,False,16,False,6,170,Seguro
9.5,96,0.3,1833,niebla,1.9,10,90,0.3,0.1,0.3,255,cubierto,ninguna,humeda,1020,2500,2440.0,8.3,True,False,False,3,True,2,57,Precaución
31.6,29,9.6,9229,despejado,0.0,253,315,8.5,4.5,12.5,8121,despejado,leve,seca,1023,0,1992.0,18.1,False,False,False,8,False,9,258,Seguro
18.4,56,15.5,6950,nublado,1.2,314,0,11.1,10.8,18.6,3897,nublado,ninguna,humeda,1007,500,1028.0,8.6,False,False,False,1,True,4,110,Seguro
9.9,97,2.8,2310,niebla,1.1,47,180,2.0,-1.9,3.9,479,cubierto,ninguna,humeda,1020,1000,628.0,9.3,True,False,False,5,True,5,131,Precaución
5.4,92,0.8,2433,niebla,1.4,116,135,0.3,0.8,1.1,242,cubierto,ninguna,humeda,1000,1000,88.0,4.8,True,False,False,22,True,1,13,Precaución
17.3,72,19.5,6789,nublado,0.1,321,225,19.4,-2.0,29.2,1806,nublado,leve,humeda,1000,0,276.0,13.5,False,False,False,19,False,2,42,Seguro
22.1,75,17.6,7340,nublado,0.7,58,90,9.3,14.9,19.4,1573,nublado,leve,humeda,1019,500,1472.0,19.4,False,False,False,8,False,8,219,Seguro
19.2,69,5.2,8750,nublado,2.0,230,180,4.0,3.3,6.8,2792,dispersas,leve,seca,1019,2000,2984.0,7.2,False,False,False,6,False,4,93,Seguro
18.2,85,20.7,3009,lluvia_ligera,7.4,134,135,0.4,20.7,29.0,1401,cubierto,moderada,humeda,1016,2500,3484.0,14.3,False,False,False,1,True,3,76,Precaución
23.5,37,2.2,9578,despejado,0.0,284,180,2.1,-0.5,3.1,7746,despejado,leve,seca,1012,500,1640.0,13.6,False,False,False,13,False,8,237,Seguro
23.8,51,16.3,8056,nublado,1.9,302,180,13.8,-8.6,24.5,2363,dispersas,leve,seca,1013,2500,4156.0,9.7,False,False,False,3,True,4,115,Seguro
10.3,100,8.3,2276,niebla,1.3,32,90,7.0,4.4,12.5,663,cubierto,ninguna,mojada,1016,1000,676.0,9.0,False,False,False,15,False,4,103,Precaución
11.7,95,4.1,1968,niebla,1.5,150,180,2.0,3.6,5.7,727,cubierto,ninguna,mojada,1003,2000,2084.0,10.7,False,False,False,22,True,10,278,Precaución
15.9,70,39.7,1742,granizo,18.5,220,0,25.5,-30.4,43.7,979,cubierto,severa,mojada,1007,2500,3208.0,4.9,False,True,False,2,True,8,224,Peligro
20.0,73,14.1,6552,lluvia_ligera,7.3,132,45,14.1,0.7,19.7,2410,cubierto,leve,humeda,1013,1000,1840.0,17.6,False,False,False,6,False,2,51,Seguro
16.6,59,9.6,8198,nublado,1.6,272,225,7.0,6.5,12.5,2683,nublado,leve,humeda,1006,500,812.0,11.0,False,False,False,14,False,11,322,Seguro
26.9,38,7.8,9709,despejado,0.0,158,135,3.0,7.2,11.7,14713,despejado,leve,seca,1017,0,1428.0,21.4,False,False,False,15,False,9,266,Seguro
34.5,32,16.8,9259,despejado,0.0,57,0,14.1,9.1,20.2,13964,despejado,ninguna,seca,1030,2000,4820.0,23.1,False,False,False,2,True,11,314,Seguro
23.0,71,17.9,7639,nublado,0.3,109,0,16.9,-5.8,19.7,1773,nublado,leve,seca,1003,2500,4060.0,20.7,False,False,False,15,False,2,41,Seguro
16.1,35,7.0,8829,despejado,0.0,127,0,5.6,-4.2,8.4,9342,despejado,leve,seca,1029,2500,3232.0,7.6,False,False,False,18,False,5,136,Seguro
10.6,73,30.0,4105,lluvia_ligera,4.9,307,135,4.2,-29.7,42.0,1214,cubierto,leve,mojada,1016,500,92.0,6.6,False,False,False,3,True,3,76,Precaución
20.5,54,13.4,6016,nublado,1.4,314,90,9.3,-9.6,18.8,2258,dispersas,ninguna,seca,1017,2500,3760.0,10.7,False,False,False,0,True,11,311,Seguro
8.5,76,29.6,4134,lluvia_ligera,7.6,183,270,29.6,1.5,41.4,2225,nublado,leve,humeda,1003,500,-160.0,5.4,False,False,False,6,False,1,22,Peligro
8.7,89,22.1,6668,lluvia_ligera,2.2,336,45,20.6,7.9,30.9,2144,cubierto,leve,mojada,1013,2000,1724.0,6.6,True,False,False,2,True,3,83,Precaución
14.4,100,5.2,713,niebla,0.6,236,90,2.9,-4.3,7.3,357,cubierto,ninguna,humeda,1009,2000,2408.0,14.1,False,False,False,11,False,5,149,Peligro
15.8,93,11.0,685,niebla,1.3,327,270,9.2,6.0,15.4,420,cubierto,ninguna,mojada,1006,1000,1336.0,14.1,False,False,False,15,False,7,180,Peligro
1.9,85,13.6,3913,nieve,8.3,222,270,10.1,9.1,17.7,1911,cubierto,leve,nevada,1017,1000,-332.0,-0.5,True,False,False,21,True,1,22,Precaución
6.1,98,11.1,884,niebla,1.0,73,90,3.2,10.6,13.3,118,cubierto,ninguna,mojada,1020,2500,2032.0,5.9,True,False,False,18,False,4,111,Peligro
17.2,78,14.9,4101,lluvia_ligera,2.2,90,90,0.0,14.9,19.4,2241,nublado,leve,humeda,1009,2000,2744.0,14.8,False,False,False,20,False,3,72,Seguro
21.5,70,9.9,8855,nublado,1.5,177,225,7.4,6.6,13.9,3959,dispersas,leve,seca,1002,2500,3880.0,10.0,False,False,False,0,True,8,216,Seguro
13.8,95,43.0,3929,lluvia_fuerte,19.9,344,135,20.8,-37.6,60.2,568,cubierto,moderada,contaminada,1005,500,476.0,12.6,False,False,False,9,False,12,354,Peligro
14.6,51,10.3,7976,nublado,1.6,58,180,8.7,-5.5,14.4,2397,nublado,ninguna,humeda,1010,2500,3052.0,2.3,False,False,False,11,False,9,241,Seguro
6.3,96,8.9,867,niebla,0.8,34,270,7.4,-5.0,12.5,658,cubierto,ninguna,humeda,1007,2500,2056.0,5.2,True,False,False,3,True,3,87,Precaución
23.2,70,32.6,4943,granizo,20.4,237,90,17.8,-27.3,45.6,1541,cubierto,severa,contaminada,1000,1000,2224.0,12.1,False,True,True,12,False,9,260,Peligro
11.6,87,44.4,1448,lluvia_fuerte,18.6,25,225,15.2,-41.7,57.7,1304,cubierto,moderada,mojada,1003,2500,2692.0,6.8,False,True,False,6,False,7,202,Peligro
20.4,58,21.0,7513,nublado,1.8,270,180,21.0,0.0,31.5,1749,nublado,leve,seca,1019,2500,3748.0,12.7,False,False,False,17,False,3,62,Precaución
11.6,81,40.9,4894,granizo,19.2,267,45,27.4,-30.4,53.2,813,cubierto,severa,contaminada,1017,2000,2072.0,8.2,False,True,True,23,True,11,304,Peligro
16.2,96,44.4,2972,tormenta,25.1,284,270,10.7,43.1,62.2,223,cubierto,severa,mojada,988,1000,1384.0,14.7,False,True,True,4,True,8,239,Peligro
23.2,25,12.3,9304,despejado,0.0,106,90,3.4,11.8,14.8,5733,despejado,leve,seca,1023,0,984.0,9.5,False,False,False,3,True,11,324,Seguro
4.6,76,23.0,1393,nieve,6.7,98,90,3.2,22.8,29.9,663,cubierto,moderada,nevada,1006,1000,-8.0,1.4,False,False,False,19,False,2,46,Peligro
19.2,50,5.4,8527,nublado,1.5,177,90,5.4,0.3,7.0,2144,nublado,leve,humeda,1009,1000,1744.0,13.6,False,False,False,0,True,2,58,Seguro
15.7,53,22.4,6903,nublado,2.0,141,135,2.3,22.3,29.1,1963,nublado,ninguna,humeda,1003,500,704.0,3.5,False,False,False,10,False,11,318,Seguro
27.8,50,14.2,9490,despejado,0.0,253,45,6.7,-12.5,15.6,5878,despejado,ninguna,seca,1030,2000,4016.0,18.1,False,False,False,11,False,9,260,Seguro
4.2,78,13.2,3430,nieve,12.9,308,315,1.6,13.1,17.2,1652,cubierto,leve,nevada,1016,2500,1804.0,0.8,False,False,False,19,False,11,311,Precaución
19.4,83,18.5,3599,lluvia_ligera,6.7,85,315,14.2,-11.9,25.9,1090,cubierto,leve,mojada,1009,0,528.0,17.3,False,False,False,1,True,12,353,Precaución
9.4,97,47.5,1931,tormenta,26.1,208,315,45.4,-13.9,61.8,729,cubierto,severa,mojada,987,2000,1808.0,8.1,True,True,True,15,False,8,230,Peligro
16.0,80,41.1,4933,granizo,12.9,359,45,29.6,28.6,49.3,1684,cubierto,severa,mojada,1012,500,740.0,11.2,False,True,False,6,False,11,307,Peligro
15.4,71,20.6,4864,lluvia_ligera,4.6,181,0,0.4,-20.6,22.7,1380,cubierto,leve,mojada,1013,2500,3148.0,11.8,False,False,False,23,True,6,173,Precaución
12.1,94,6.8,1493,niebla,1.6,23,180,2.7,-6.3,9.5,798,cubierto,ninguna,humeda,1014,0,-348.0,11.9,False,False,False,5,True,8,226,Precaución
12.2,66,11.2,6167,nublado,1.4,120,135,2.9,10.8,14.6,3802,nublado,ninguna,humeda,1013,0,-336.0,3.8,False,False,False,1,True,4,117,Seguro
6.0,99,9.0,1931,niebla,0.5,17,45,4.2,7.9,13.5,720,cubierto,ninguna,mojada,1009,1000,160.0,4.3,True,False,False,22,True,12,359,Precaución
26.2,32,16.3,8160,despejado,0.0,325,270,13.4,9.3,22.8,12788,despejado,leve,seca,1018,1000,2584.0,15.9,False,False,False,18,False,11,305,Seguro
26.7,50,16.5,7913,nublado,1.8,274,225,12.5,10.8,24.8,2148,dispersas,leve,seca,1007,2000,3884.0,12.6,False,False,False,9,False,4,93,Seguro
9.2,99,9.8,1954,niebla,0.1,329,225,9.5,-2.4,10.8,163,cubierto,ninguna,humeda,1001,2500,2404.0,7.6,True,False,False,23,True,5,142,Precaución
19.5,80,15.0,6539,lluvia_ligera,5.0,274,0,15.0,1.0,18.0,1820,cubierto,leve,humeda,1004,1000,1780.0,16.1,False,False,False,2,True,2,58,Seguro
9.7,99,11.3,1860,niebla,1.8,168,180,2.3,11.1,15.8,440,cubierto,ninguna,humeda,1018,2000,1844.0,9.5,True,False,False,5,True,6,155,Precaución
19.1,75,15.2,6281,lluvia_ligera,6.2,126,315,2.4,-15.0,16.7,1764,cubierto,moderada,humeda,1012,500,1112.0,15.6,False,False,False,4,True,11,300,Seguro
15.3,99,53.3,2635,tormenta,17.1,166,90,51.7,12.9,74.6,601,cubierto,severa,contaminada,982,2500,3136.0,13.8,False,True,False,13,False,1,11,Peligro
3.0,87,33.4,3862,nieve,16.7,318,315,1.7,33.4,50.1,712,cubierto,leve,contaminada,1013,2500,1660.0,-0.3,False,False,False,8,False,11,320,Peligro
20.6,87,19.4,3135,lluvia_ligera,5.5,81,270,3.0,-19.2,23.3,1906,cubierto,moderada,mojada,1000,1000,1912.0,16.7,False,False,False,22,True,12,333,Precaución
12.8,68,24.9,7464,nublado,0.2,132,180,18.5,16.7,34.9,2277,nublado,ninguna,seca,1000,500,356.0,6.1,False,False,False,20,False,2,55,Seguro
9.0,77,19.1,5642,lluvia_ligera,7.8,10,180,3.3,-18.8,26.7,1005,nublado,moderada,humeda,1020,0,-720.0,6.6,True,False,False,2,True,5,138,Precaución
14.9,65,14.1,6485,nublado,0.2,275,225,10.8,9.1,19.7,3889,dispersas,leve,seca,1020,0,-12.0,8.2,False,False,False,10,False,10,292,Seguro
20.0,46,9.6,9313,despejado,0.0,230,225,0.8,9.6,14.4,10428,despejado,leve,seca,1017,1000,1840.0,13.2,False,False,False,4,True,4,119,Seguro
2.5,82,16.4,3670,nieve,15.6,31,180,8.4,-14.1,21.3,1792,cubierto,leve,nevada,1007,2000,980.0,-0.8,False,False,False,4,True,9,269,Precaución
6.6,94,1.5,2056,niebla,1.6,35,45,0.3,1.5,1.7,155,cubierto,ninguna,humeda,1017,1000,232.0,6.3,True,False,False,3,True,12,352,Precaución
15.2,93,2.1,1848,niebla,1.7,1,180,0.0,-2.1,2.5,250,cubierto,ninguna,humeda,1002,2000,2504.0,13.8,False,False,False,17,False,9,256,Precaución
17.3,81,29.7,4846,granizo,29.4,232,45,3.6,-29.5,38.6,1330,cubierto,severa,contaminada,1003,1000,1516.0,13.3,False,True,False,16,False,6,173,Peligro
0.2,80,26.0,2770,nieve,10.9,199,90,24.6,-8.5,36.4,1910,cubierto,leve,contaminada,1006,1000,-536.0,-4.1,False,False,False,2,True,10,296,Peligro
15.5,99,41.5,1311,tormenta,34.5,316,135,0.7,-41.5,54.0,587,cubierto,severa,contaminada,1002,0,60.0,15.4,False,True,False,7,False,5,149,Peligro
13.2,94,7.8,883,niebla,0.9,140,135,0.7,7.8,10.9,620,cubierto,ninguna,humeda,1017,0,-216.0,11.6,False,False,False,17,False,11,316,Precaución
21.9,51,11.9,8051,nublado,2.0,88,180,11.9,-0.4,16.7,2529,nublado,leve,humeda,1017,2500,3928.0,7.0,False,False,False,11,False,9,268,Seguro
22.0,60,17.3,6975,nublado,0.6,33,315,16.9,3.6,20.8,3230,nublado,leve,seca,1008,1000,2080.0,15.1,False,False,False,7,False,2,51,Seguro
17.2,92,32.2,2924,lluvia_fuerte,23.4,164,180,8.9,31.0,41.9,941,cubierto,severa,mojada,994,2500,3364.0,15.4,False,False,True,23,True,5,137,Peligro
22.2,71,24.8,7252,nublado,1.5,117,225,23.6,-7.7,29.8,2762,nublado,leve,humeda,1016,500,1484.0,17.8,False,False,False,15,False,1,13,Precaución
22.6,27,6.2,9384,despejado,0.0,289,180,5.9,-2.0,8.1,14127,despejado,leve,seca,1024,500,1532.0,17.1,False,False,False,18,False,9,264,Seguro
17.7,94,0.7,2474,niebla,1.3,171,0,0.1,-0.7,0.8,249,cubierto,ninguna,mojada,1010,2000,2804.0,17.1,False,False,False,13,False,10,291,Precaución
17.1,63,7.9,8394,nublado,0.2,32,315,7.7,1.8,9.5,3415,dispersas,leve,humeda,1005,2500,3352.0,11.0,False,False,False,13,False,3,73,Seguro
17.7,41,16.7,8708,despejado,0.0,109,0,15.8,-5.4,23.4,12020,despejado,leve,seca,1025,2000,2804.0,4.8,False,False,False,0,True,12,347,Seguro
8.6,79,13.0,5805,lluvia_ligera,5.1,127,135,1.8,12.9,14.3,1707,cubierto,leve,humeda,1018,0,-768.0,4.9,False,False,False,16,False,6,178,Seguro
15.5,96,44.9,2433,lluvia_fuerte,20.8,341,135,19.7,-40.4,53.9,435,cubierto,severa,mojada,1002,2500,3160.0,14.5,False,False,False,0,True,2,50,Peligro
21.7,77,14.4,4900,lluvia_ligera,4.9,38,0,8.9,11.3,20.2,1029,cubierto,leve,humeda,1004,0,804.0,16.8,False,False,False,3,True,5,126,Seguro
11.6,95,0.5,1809,niebla,0.0,195,45,0.2,-0.4,0.7,512,cubierto,ninguna,mojada,1015,2000,2072.0,10.5,False,False,False,1,True,2,47,Precaución
26.1,55,4.0,9400,despejado,0.0,56,315,3.9,-0.8,5.6,14691,despejado,leve,seca,1021,2500,4432.0,12.5,False,False,False,4,True,12,350,Seguro
13.7,54,24.0,8398,nublado,0.0,3,315,17.8,16.1,28.8,3146,nublado,leve,humeda,1019,2500,2944.0,6.3,False,False,False,14,False,8,232,Precaución
19.4,53,24.7,8521,nublado,0.8,352,135,14.9,-19.7,34.6,1790,nublado,leve,seca,1013,2500,3628.0,13.4,False,False,False,23,True,12,363,Seguro
15.0,94,38.5,2879,tormenta,20.3,296,315,12.5,36.4,53.9,202,cubierto,severa,contaminada,994,2500,3100.0,14.0,False,True,False,10,False,10,283,Peligro
19.9,64,24.0,7003,nublado,1.3,35,270,19.7,-13.8,28.8,3190,nublado,leve,humeda,1002,2500,3688.0,9.4,False,False,False,4,True,1,11,Precaución
16.9,58,12.7,8497,nublado,0.4,167,135,6.7,10.8,17.8,3830,nublado,ninguna,seca,1012,1000,1468.0,5.4,False,False,False,6,False,11,315,Seguro
5.9,100,1.8,1822,niebla,1.5,44,0,1.3,1.3,2.2,455,cubierto,ninguna,mojada,1015,2500,2008.0,4.9,True,False,False,9,False,12,334,Precaución
10.1,98,1.9,1461,niebla,1.9,345,315,0.9,1.6,2.8,502,cubierto,ninguna,humeda,1005,1000,652.0,9.6,False,False,False,16,False,3,64,Precaución
10.1,95,4.7,2064,niebla,1.3,323,90,3.8,-2.8,6.6,558,cubierto,ninguna,humeda,1010,0,-588.0,8.4,False,False,False,7,False,5,139,Precaución
16.2,93,2.2,1561,niebla,1.0,150,135,0.6,2.1,2.4,321,cubierto,ninguna,mojada,1019,500,764.0,14.2,False,False,False,17,False,9,260,Precaución
31.3,55,18.2,8211,despejado,0.0,217,45,2.5,-18.0,25.5,5803,despejado,ninguna,seca,1010,2000,4436.0,21.5,False,False,False,10,False,12,360,Seguro
23.7,77,42.1,4009,granizo,15.0,78,315,35.3,-22.9,54.7,1803,cubierto,severa,contaminada,1011,500,1664.0,21.3,False,True,False,20,False,4,90,Peligro
16.0,69,16.1,6988,nublado,1.6,98,0,15.9,-2.2,17.7,2277,dispersas,ninguna,seca,1005,500,740.0,3.4,False,False,False,13,False,9,251,Seguro
23.0,64,8.0,7384,nublado,1.9,97,225,6.3,-4.9,10.4,3787,dispersas,leve,seca,1019,500,1580.0,12.9,False,False,False,3,True,12,361,Seguro
31.0,51,16.7,9975,despejado,0.0,157,225,15.5,6.3,23.4,12190,despejado,ninguna,seca,1025,0,1920.0,16.4,False,False,False,2,True,3,68,Seguro
14.3,97,39.8,2298,tormenta,20.0,251,315,35.8,17.4,43.8,882,cubierto,severa,contaminada,989,0,-84.0,13.1,False,True,True,0,True,6,160,Peligro
25.2,66,18.9,7304,nublado,1.7,232,0,14.9,-11.6,28.3,1961,dispersas,ninguna,humeda,1014,2500,4324.0,16.3,False,False,False,0,True,10,270,Seguro
11.6,87,16.6,3363,lluvia_ligera,5.5,332,90,14.7,-7.8,19.9,1104,nublado,leve,mojada,1006,500,212.0,8.3,False,False,False,10,False,9,243,Precaución
11.5,83,26.8,4481,lluvia_ligera,7.6,164,225,23.4,13.0,29.5,2495,cubierto,leve,humeda,1011,2000,2060.0,8.2,False,False,True,7,False,3,66,Peligro
15.3,68,16.8,7935,nublado,0.8,205,270,15.2,7.1,18.5,3996,nublado,leve,humeda,1020,0,36.0,3.8,False,False,False,5,True,1,16,Seguro
2.7,94,14.7,2752,nieve,12.5,59,225,3.6,-14.3,20.6,883,cubierto,moderada,contaminada,1013,500,-856.0,1.5,True,False,False,12,False,2,55,Peligro
19.0,77,12.1,4045,lluvia_ligera,2.8,32,180,6.4,-10.3,16.9,1540,cubierto,leve,mojada,1009,2500,3580.0,16.9,False,False,False,9,False,11,322,Seguro
13.5,55,15.1,8368,nublado,1.4,250,135,13.7,-6.4,21.1,1998,dispersas,ninguna,seca,1010,2000,2300.0,6.6,False,False,False,2,True,9,260,Seguro
27.8,55,15.5,7347,nublado,1.7,15,180,4.0,-15.0,17.1,3553,dispersas,leve,humeda,1007,1000,2776.0,18.3,False,False,False,8,False,4,115,Seguro
12.7,95,3.7,2174,niebla,2.0,144,135,0.6,3.7,4.8,284,cubierto,ninguna,humeda,1007,0,-276.0,12.2,False,False,False,2,True,4,113,Precaución
31.6,42,12.5,8005,despejado,0.0,309,270,7.9,9.7,16.2,14717,despejado,leve,seca,1018,500,2612.0,19.8,False,False,False,18,False,5,139,Seguro
15.0,53,21.2,6181,nublado,2.0,179,225,15.3,14.7,29.7,2473,nublado,leve,humeda,1002,2500,3100.0,1.0,False,False,False,1,True,1,22,Precaución
12.6,93,29.1,2099,lluvia_fuerte,10.7,239,135,28.2,-7.0,40.7,1179,cubierto,moderada,contaminada,986,0,-288.0,12.4,False,False,False,6,False,3,79,Peligro
5.3,100,2.8,951,niebla,0.0,117,180,2.5,1.3,4.2,746,cubierto,ninguna,humeda,1010,0,-1164.0,4.3,False,False,False,8,False,12,343,Precaución
18.2,45,8.6,8858,despejado,0.0,23,270,7.9,-3.4,11.2,9572,despejado,leve,seca,1024,0,384.0,5.8,False,False,False,18,False,4,117,Seguro
1.3,89,19.9,2356,nieve,17.4,105,315,9.9,-17.2,23.9,1329,cubierto,leve,contaminada,1020,2500,1456.0,-1.8,False,False,False,14,False,1,1,Peligro
12.1,83,20.4,5273,lluvia_ligera,7.8,71,45,8.9,18.3,26.5,1984,nublado,moderada,humeda,1008,2000,2132.0,7.1,False,False,False,1,True,4,96,Precaución
3.5,79,31.7,2543,nieve,17.2,65,225,10.8,-29.8,38.0,625,cubierto,moderada,nevada,1018,2500,1720.0,-0.8,False,False,False,11,False,12,330,Peligro
17.0,55,19.1,7032,nublado,1.0,116,135,6.2,18.1,28.7,2255,nublado,leve,seca,1020,0,240.0,8.6,False,False,False,3,True,9,269,Seguro
14.3,99,4.2,1088,niebla,1.3,159,45,3.8,-1.7,6.3,326,cubierto,ninguna,humeda,1019,2000,2396.0,12.4,False,False,False,9,False,12,363,Precaución
24.3,65,16.8,6204,nublado,1.1,347,90,16.4,-3.8,25.2,2915,dispersas,leve,seca,1005,500,1736.0,11.9,False,False,False,14,False,2,42,Seguro
10.4,70,25.2,3791,lluvia_ligera,4.4,328,270,21.4,13.4,32.8,2030,cubierto,leve,mojada,1018,0,-552.0,-1.8,False,False,False,22,True,4,96,Precaución
11.2,71,22.9,6664,lluvia_ligera,8.0,261,45,13.5,-18.5,29.8,1401,nublado,moderada,humeda,1007,2500,2644.0,6.8,False,False,False,19,False,6,179,Precaución
15.8,100,3.7,2460,niebla,0.1,71,0,3.5,1.2,4.4,296,cubierto,ninguna,humeda,1019,1000,1336.0,14.2,False,False,False,21,True,3,79,Precaución
9.0,85,10.2,5449,lluvia_ligera,4.0,136,270,7.3,-7.1,12.2,846,cubierto,leve,humeda,1013,500,-100.0,6.6,True,False,False,6,False,7,208,Precaución
12.0,99,5.5,2324,niebla,1.4,54,0,4.4,3.2,7.2,466,cubierto,ninguna,humeda,1019,500,260.0,10.3,False,False,False,19,False,11,322,Precaución
20.3,54,10.6,9443,despejado,0.0,122,315,2.4,-10.3,15.9,9315,despejado,leve,seca,1014,2500,3736.0,7.1,False,False,False,10,False,12,348,Seguro
16.7,72,18.4,5596,lluvia_ligera,5.3,172,90,18.2,2.6,20.2,2310,cubierto,leve,humeda,1000,0,204.0,12.4,False,False,False,22,True,1,13,Precaución
27.3,54,13.7,6665,nublado,1.3,320,225,13.6,-1.2,20.5,3212,dispersas,ninguna,humeda,1008,1000,2716.0,12.6,False,False,False,12,False,3,84,Seguro
-0.1,77,10.6,3645,nieve,13.1,182,90,10.6,-0.4,15.9,1882,cubierto,leve,nevada,1009,2500,1288.0,-3.3,False,False,False,15,False,12,330,Precaución
13.4,70,28.9,2729,granizo,29.1,340,45,26.2,12.2,37.6,1803,cubierto,severa,contaminada,1015,500,428.0,8.1,False,True,True,8,False,9,253,Peligro
18.5,36,13.8,9930,despejado,0.0,244,45,4.5,-13.0,19.3,13145,despejado,leve,seca,1029,500,1040.0,9.5,False,False,False,15,False,4,117,Seguro
21.6,70,14.4,6270,lluvia_ligera,5.5,121,180,12.3,7.4,20.2,1682,cubierto,moderada,humeda,1006,500,1412.0,8.2,False,False,False,2,True,11,319,Precaución
24.1,64,6.3,6154,nublado,0.4,152,270,5.6,-3.0,8.8,3929,dispersas,leve,humeda,1003,500,1712.0,13.7,False,False,False,23,True,4,105,Seguro
20.6,60,6.9,8559,nublado,0.9,176,90,6.9,0.5,10.4,2140,dispersas,leve,seca,1008,1000,1912.0,7.4,False,False,False,13,False,11,300,Seguro
12.7,89,41.2,3808,lluvia_fuerte,16.2,88,135,30.1,28.1,57.7,954,cubierto,moderada,contaminada,986,0,-276.0,9.5,False,False,True,5,True,7,202,Peligro
13.3,83,32.8,4774,granizo,20.0,16,135,28.7,-15.9,36.1,1260,cubierto,severa,contaminada,1004,0,-204.0,10.5,False,True,False,12,False,2,37,Peligro
10.4,94,5.5,2126,niebla,0.2,122,0,4.7,-2.9,6.6,652,cubierto,ninguna,humeda,1007,2000,1928.0,10.3,False,False,False,19,False,9,263,Precaución
26.3,51,9.6,8835,nublado,1.8,350,45,7.9,5.5,14.4,3447,nublado,ninguna,seca,1018,0,1356.0,19.5,False,False,False,10,False,1,9,Seguro
20.6,35,13.2,9340,despejado,0.0,115,180,12.0,5.6,15.8,7246,despejado,leve,seca,1027,2500,3772.0,8.4,False,False,False,22,True,11,325,Seguro
16.3,71,20.3,6326,lluvia_ligera,2.1,14,135,17.4,-10.5,22.3,917,cubierto,moderada,mojada,1004,500,776.0,12.9,False,False,False,5,True,2,54,Precaución
17.3,73,9.4,7308,nublado,0.5,312,225,9.4,0.5,13.2,1749,dispersas,ninguna,humeda,1000,2500,3376.0,13.8,False,False,False,12,False,7,200,Seguro
6.9,93,2.6,1289,niebla,0.3,260,45,1.5,-2.1,3.6,776,cubierto,ninguna,humeda,1007,2500,2128.0,5.2,True,False,False,15,False,12,337,Precaución
14.8,70,20.0,6037,nublado,1.6,71,90,6.5,18.9,26.0,1866,dispersas,ninguna,seca,1020,500,596.0,3.9,False,False,False,19,False,12,351,Seguro
21.6,45,18.2,9040,despejado,0.0,137,90,13.3,12.4,21.8,5684,despejado,ninguna,seca,1019,0,792.0,13.2,False,False,False,1,True,10,284,Seguro
29.6,43,18.1,9902,despejado,0.0,9,90,17.9,2.8,23.5,8699,despejado,leve,seca,1024,0,1752.0,16.6,False,False,False,20,False,8,216,Seguro
13.0,79,22.5,4871,lluvia_ligera,5.3,37,45,3.1,22.3,33.8,1440,nublado,leve,humeda,1018,0,-240.0,8.5,False,False,False,13,False,9,242,Precaución
17.1,49,13.2,8639,despejado,0.0,327,0,7.2,11.1,15.8,5368,despejado,leve,seca,1016,1000,1492.0,9.3,False,False,False,10,False,8,226,Seguro
31.0,47,12.1,9692,despejado,0.0,75,225,6.0,-10.5,13.3,11761,despejado,leve,seca,1010,2500,5020.0,19.4,False,False,False,23,True,11,315,Seguro
14.2,75,11.7,6919,nublado,1.0,176,90,11.7,0.8,15.2,2988,nublado,ninguna,humeda,1014,1000,1144.0,11.6,False,False,False,5,True,8,220,Seguro
19.5,75,10.2,8313,nublado,0.4,85,315,7.8,-6.6,14.3,3998,nublado,leve,seca,1018,0,540.0,15.9,False,False,False,0,True,7,182,Seguro
-1.2,86,31.9,3857,nieve,12.9,356,180,2.2,-31.8,41.5,869,cubierto,moderada,contaminada,1008,2000,536.0,-5.5,False,False,False,2,True,5,146,Peligro
20.1,78,15.1,4457,lluvia_ligera,7.7,274,45,11.4,-9.9,18.1,1493,nublado,leve,humeda,1002,500,1232.0,16.2,False,False,False,18,False,10,295,Precaución
18.0,95,10.1,1817,niebla,0.2,315,45,10.1,0.0,11.1,736,cubierto,ninguna,mojada,1020,500,980.0,17.7,False,False,False,8,False,10,279,Precaución
4.1,76,34.8,3571,nieve,5.5,285,270,9.0,33.6,45.2,1610,cubierto,moderada,contaminada,1005,2500,1792.0,2.0,True,False,False,15,False,3,80,Peligro
24.5,73,22.4,8391,nublado,1.9,134,0,16.1,-15.6,31.4,1966,dispersas,leve,humeda,1004,2000,3620.0,20.0,False,False,False,3,True,5,146,Precaución
14.2,86,29.0,3682,lluvia_fuerte,10.0,202,225,11.3,26.7,37.7,622,cubierto,moderada,contaminada,996,0,-96.0,10.0,False,False,False,2,True,2,47,Peligro
0.5,79,30.5,2105,nieve,17.9,277,270,3.7,30.3,33.6,556,cubierto,leve,contaminada,1018,2000,740.0,-2.1,True,False,True,19,False,6,160,Peligro
17.3,72,6.5,8904,nublado,1.0,352,315,3.9,5.2,7.8,2502,nublado,leve,humeda,1014,1000,1516.0,13.6,False,False,False,19,False,1,19,Seguro
8.6,80,21.9,6168,lluvia_ligera,7.6,269,0,21.9,-0.4,32.8,2060,cubierto,leve,mojada,1016,0,-768.0,4.2,False,True,False,5,True,8,213,Peligro
21.9,36,7.1,8619,despejado,0.0,31,45,1.7,6.9,10.6,8869,despejado,leve,seca,1010,2500,3928.0,7.4,False,False,False,7,False,3,78,Seguro
18.9,87,29.1,6937,lluvia_ligera,7.5,334,270,26.2,12.8,32.0,1725,nublado,leve,mojada,1015,1000,1708.0,15.1,False,False,False,21,True,7,195,Peligro
19.1,69,18.2,6816,nublado,1.0,142,180,11.2,14.3,27.3,1933,nublado,ninguna,humeda,1013,2000,2972.0,7.8,False,False,False,17,False,10,279,Seguro
10.7,76,14.0,4208,lluvia_ligera,4.8,104,135,7.2,12.0,19.6,2155,cubierto,leve,humeda,1009,2000,1964.0,8.2,False,True,False,2,True,3,82,Peligro
18.4,81,11.1,4133,lluvia_ligera,6.6,353,0,1.4,11.0,13.3,2478,nublado,leve,mojada,1016,500,1028.0,15.2,False,False,False,2,True,12,355,Precaución
19.1,79,37.4,4720,granizo,25.4,21,0,13.4,34.9,56.1,1900,cubierto,severa,mojada,1009,2500,3592.0,14.9,False,True,False,18,False,10,278,Peligro
15.3,52,22.1,6916,nublado,1.2,104,0,21.4,-5.3,28.7,2188,nublado,leve,seca,1014,1000,1276.0,5.4,False,False,False,4,True,12,342,Precaución
31.1,38,7.5,8207,despejado,0.0,162,135,3.4,6.7,8.2,8857,despejado,ninguna,seca,1012,1000,3172.0,16.2,False,False,False,5,True,4,96,Seguro
12.3,51,20.8,7635,nublado,0.5,261,270,3.3,20.5,29.1,2843,dispersas,leve,humeda,1020,2000,2156.0,-0.6,False,False,False,14,False,3,64,Seguro
17.4,97,1.1,2043,niebla,1.5,70,270,0.4,-1.0,1.4,475,cubierto,ninguna,mojada,1012,0,288.0,15.9,False,False,False,10,False,11,318,Precaución
16.6,50,5.5,9921,despejado,0.0,152,315,1.6,-5.3,7.7,5216,despejado,ninguna,seca,1017,0,192.0,4.1,False,False,False,15,False,2,51,Seguro
13.5,55,9.9,6057,nublado,0.6,142,180,6.1,7.8,12.9,2181,nublado,leve,seca,1015,2500,2920.0,6.6,False,False,False,6,False,5,124,Seguro
15.2,88,12.6,3392,lluvia_ligera,2.7,212,180,6.7,10.7,17.6,812,cubierto,leve,mojada,1006,0,24.0,12.2,False,False,False,5,True,12,363,Precaución
12.6,86,29.6,5676,lluvia_ligera,5.6,155,135,10.1,27.8,35.5,1653,cubierto,leve,mojada,1010,1000,952.0,8.1,False,False,False,10,False,8,231,Precaución
16.5,64,12.6,8706,nublado,0.1,279,45,10.2,-7.4,18.9,2140,dispersas,ninguna,humeda,1004,1000,1420.0,4.7,False,False,False,23,True,12,332,Seguro
17.2,95,4.7,1356,niebla,1.0,245,45,1.6,-4.4,6.1,592,cubierto,ninguna,mojada,1020,500,884.0,16.4,False,False,False,16,False,8,210,Precaución
27.7,70,11.8,7776,nublado,1.9,123,225,11.5,-2.5,15.3,3154,dispersas,ninguna,seca,1019,500,2144.0,16.2,False,False,False,12,False,12,355,Seguro
15.7,99,0.5,1218,niebla,0.2,214,315,0.5,-0.1,0.6,678,cubierto,ninguna,mojada,1001,500,704.0,14.6,False,False,False,15,False,5,129,Precaución
17.4,78,18.1,5706,lluvia_ligera,7.1,271,135,12.6,-13.0,21.7,960,cubierto,moderada,mojada,1010,2000,2768.0,13.4,False,True,False,0,True,3,80,Peligro
-6.1,85,12.1,3340,nieve,16.2,256,225,6.2,10.4,16.9,1522,cubierto,moderada,contaminada,1004,500,-1912.0,-9.5,False,False,True,6,False,9,250,Peligro
17.0,75,10.3,7776,nublado,0.2,168,270,10.1,-2.1,15.5,1857,nublado,leve,humeda,1014,500,860.0,14.0,False,False,False,13,False,4,92,Seguro
22.9,55,18.5,9225,despejado,0.0,43,180,12.6,-13.5,20.4,7730,despejado,leve,seca,1021,2000,3428.0,14.5,False,False,False,5,True,11,316,Seguro
14.4,81,20.4,3318,lluvia_ligera,3.5,46,135,20.4,0.4,28.6,1748,nublado,moderada,humeda,1007,2500,3028.0,12.4,False,True,False,6,False,8,221,Peligro
28.6,49,6.4,9384,despejado,0.0,65,180,5.8,-2.7,8.3,5536,despejado,leve,seca,1029,2500,4732.0,16.8,False,False,False,23,True,4,114,Seguro
12.0,75,29.9,4625,lluvia_ligera,4.0,255,90,7.7,-28.9,44.8,1330,cubierto,leve,humeda,1013,500,260.0,9.1,False,False,False,13,False,6,166,Precaución
30.0,26,1.0,8976,despejado,0.0,29,180,0.5,-0.9,1.4,13238,despejado,ninguna,seca,1012,2500,4900.0,24.3,False,False,False,7,False,7,207,Seguro
21.2,57,13.9,8995,nublado,1.7,206,90,12.5,-6.1,15.3,3567,dispersas,leve,humeda,1018,0,744.0,7.4,False,False,False,8,False,11,301,Seguro
22.9,73,7.1,7452,nublado,0.5,301,315,1.7,6.9,9.2,2154,dispersas,leve,seca,1000,1000,2188.0,18.9,False,False,False,8,False,12,359,Seguro
17.2,96,9.1,1445,niebla,1.4,231,135,9.1,-1.0,12.7,795,cubierto,ninguna,mojada,1006,1000,1504.0,15.3,False,False,False,16,False,10,287,Precaución
20.5,80,12.0,5387,lluvia_ligera,2.5,251,180,11.3,3.9,14.4,880,nublado,leve,humeda,1009,2500,3760.0,16.0,False,False,False,2,True,11,314,Precaución
23.4,26,14.5,9009,despejado,0.0,65,315,13.6,-5.0,17.4,11228,despejado,leve,seca,1027,500,1628.0,8.7,False,False,False,23,True,2,49,Seguro
14.2,99,20.0,2202,lluvia_fuerte,13.6,357,225,14.9,-13.4,24.0,951,cubierto,moderada,contaminada,1004,0,-96.0,12.8,False,True,False,14,False,7,189,Peligro
7.5,95,2.4,1275,niebla,0.7,122,135,0.5,2.3,3.4,785,cubierto,ninguna,humeda,1012,0,-900.0,7.2,True,False,False,0,True,7,184,Precaución
25.3,26,7.5,8225,despejado,0.0,226,225,0.1,7.5,9.0,5940,despejado,ninguna,seca,1010,1000,2476.0,14.2,False,False,False,0,True,10,277,Seguro
29.8,32,19.4,8578,despejado,0.0,232,180,15.3,11.9,27.2,12551,despejado,ninguna,seca,1030,500,2396.0,15.5,False,False,False,9,False,7,206,Seguro
9.2,91,50.8,1154,tormenta,20.6,342,225,45.3,-23.1,61.0,661,cubierto,severa,contaminada,995,1000,544.0,8.8,True,True,False,6,False,7,182,Peligro
20.5,75,15.1,4912,lluvia_ligera,6.0,165,45,13.1,-7.5,18.1,955,cubierto,leve,mojada,1002,1000,1900.0,16.2,False,False,False,12,False,7,199,Precaución
16.2,72,15.1,4321,lluvia_ligera,2.6,296,90,6.6,-13.6,19.6,1451,cubierto,leve,mojada,1015,2500,3244.0,14.1,False,False,False,10,False,9,258,Precaución
21.1,53,15.0,6215,nublado,0.4,238,45,3.4,-14.6,21.0,3612,dispersas,leve,seca,1009,1000,1972.0,15.2,False,False,False,14,False,1,5,Seguro
30.3,50,15.1,9376,despejado,0.0,163,180,4.4,14.4,18.1,7100,despejado,leve,seca,1028,2500,4936.0,19.1,False,False,False,5,True,11,312,Seguro
22.5,66,20.8,7047,nublado,1.3,345,0,5.4,20.1,27.0,2746,nublado,leve,seca,1005,2000,3380.0,9.4,False,False,False,15,False,2,30,Seguro
10.0,100,3.4,1021,niebla,1.8,248,0,3.2,-1.3,4.8,250,cubierto,ninguna,humeda,1014,2500,2500.0,8.5,True,False,False,2,True,4,96,Peligro
22.3,51,7.8,8691,despejado,0.0,215,90,6.4,-4.5,10.9,12175,despejado,leve,seca,1022,0,876.0,11.0,False,False,False,4,True,7,183,Seguro
23.7,63,9.1,8376,nublado,0.8,325,225,9.0,-1.6,10.9,3265,dispersas,leve,seca,1015,1000,2284.0,9.1,False,False,False,10,False,1,21,Seguro
10.7,97,38.5,2594,tormenta,20.7,66,315,35.9,-13.8,50.1,704,cubierto,severa,contaminada,981,1000,724.0,9.3,False,True,False,18,False,12,346,Peligro
33.3,50,13.5,8333,despejado,0.0,126,225,13.3,-2.1,16.2,5307,despejado,leve,seca,1019,1000,3436.0,24.3,False,False,False,13,False,11,317,Seguro
19.0,82,14.3,6666,lluvia_ligera,2.5,295,315,4.9,13.4,18.6,2256,cubierto,moderada,mojada,1014,2000,2960.0,15.9,False,False,False,13,False,6,152,Seguro
22.2,52,23.6,6933,nublado,1.2,253,90,6.9,-22.6,35.4,3902,nublado,leve,seca,1008,0,864.0,13.4,False,False,False,17,False,6,158,Seguro
19.6,65,22.5,8257,nublado,1.7,28,135,21.5,-6.6,33.8,1546,dispersas,leve,seca,1006,2500,3652.0,14.4,False,False,False,7,False,1,28,Precaución
14.4,69,9.5,6223,nublado,1.6,58,0,8.1,5.0,13.3,2079,nublado,ninguna,seca,1014,1000,1168.0,0.8,False,False,False,11,False,10,271,Seguro
27.5,55,21.2,7987,nublado,0.1,232,180,16.7,13.1,25.4,3458,dispersas,leve,humeda,1005,2500,4600.0,21.4,False,False,False,21,True,2,37,Precaución
13.8,89,10.7,3644,lluvia_ligera,2.0,30,180,5.3,-9.3,13.9,2441,nublado,leve,mojada,1018,500,476.0,9.4,False,False,False,18,False,5,123,Seguro
14.3,58,22.9,6380,nublado,0.2,251,90,7.5,-21.7,29.8,2980,dispersas,leve,seca,1015,0,-84.0,7.2,False,False,False,13,False,7,193,Seguro
8.5,81,25.8,3368,lluvia_ligera,6.4,270,270,0.0,25.8,38.7,1209,cubierto,leve,humeda,1009,500,-160.0,5.4,False,False,False,22,True,5,148,Precaución
13.6,94,31.7,1987,lluvia_fuerte,24.4,356,180,2.2,-31.6,38.0,435,cubierto,moderada,contaminada,995,1000,1072.0,12.4,False,True,False,6,False,3,77,Peligro
16.3,96,3.3,1929,niebla,1.4,73,90,1.0,3.2,4.0,198,cubierto,ninguna,mojada,1009,1000,1396.0,14.7,False,False,False,13,False,6,175,Precaución
15.2,51,10.3,8968,nublado,0.7,182,225,7.0,7.5,12.4,3541,nublado,ninguna,humeda,1008,500,644.0,9.5,False,False,False,5,True,10,295,Seguro
21.8,37,15.9,8885,despejado,0.0,108,270,4.9,-15.1,19.1,6696,despejado,leve,seca,1030,2000,3296.0,9.1,False,False,False,23,True,12,358,Seguro
5.7,98,5.6,1973,niebla,0.3,94,180,5.6,0.4,8.4,778,cubierto,ninguna,mojada,1014,2000,1364.0,4.8,True,False,False,23,True,8,228,Precaución
12.3,90,16.4,6822,lluvia_ligera,6.6,156,270,15.0,-6.7,19.7,1323,cubierto,moderada,mojada,1019,500,296.0,8.0,False,False,False,13,False,10,296,Precaución
12.8,70,18.1,3914,lluvia_ligera,5.3,122,180,15.3,9.6,19.9,1213,nublado,moderada,humeda,1015,2500,2836.0,3.4,False,False,False,22,True,1,2,Precaución
15.6,27,18.4,9165,despejado,0.0,205,225,6.3,17.3,27.6,12717,despejado,leve,seca,1011,0,72.0,8.8,False,False,False,0,True,1,13,Seguro
12.3,71,21.2,8328,nublado,0.1,87,135,15.8,14.2,31.8,3852,dispersas,leve,seca,1005,2500,2776.0,9.0,False,False,False,23,True,6,154,Precaución
2.1,84,30.5,3991,nieve,18.1,342,90,29.0,-9.4,36.6,1622,cubierto,moderada,nevada,1019,500,-928.0,-2.2,False,False,False,11,False,7,186,Peligro
-2.0,89,21.1,2591,nieve,12.0,271,0,21.1,0.4,25.3,1091,cubierto,moderada,contaminada,1006,2500,1060.0,-4.6,False,False,False,23,True,12,338,Peligro
10.6,98,1.8,2223,niebla,0.7,358,315,1.2,1.3,2.0,793,cubierto,ninguna,mojada,1011,1000,712.0,8.7,False,False,False,9,False,1,2,Precaución
15.3,99,5.6,1043,niebla,0.1,46,270,3.9,-4.0,7.8,749,cubierto,ninguna,mojada,1020,500,656.0,14.9,False,False,False,21,True,2,33,Precaución
24.0,72,22.5,8669,nublado,1.6,46,45,0.4,22.5,33.8,2884,nublado,leve,humeda,1009,0,1080.0,21.8,False,False,False,14,False,11,300,Seguro
19.3,71,21.2,6964,lluvia_ligera,4.5,40,315,21.1,1.8,29.7,1885,nublado,leve,humeda,1002,2500,3616.0,15.1,False,False,False,6,False,1,27,Precaución
16.6,98,3.7,2186,niebla,0.7,48,0,2.7,2.5,4.8,791,cubierto,ninguna,mojada,1013,0,192.0,16.4,False,False,False,15,False,7,203,Precaución
5.2,91,31.7,2577,lluvia_fuerte,12.8,263,135,25.0,-19.5,44.4,514,cubierto,moderada,mojada,989,2000,1304.0,3.9,True,False,False,16,False,2,55,Peligro
9.4,92,10.0,897,niebla,0.7,242,90,4.7,-8.8,14.0,446,cubierto,ninguna,mojada,1015,500,-52.0,8.1,True,False,False,17,False,6,172,Peligro
12.9,84,29.1,5533,lluvia_ligera,7.5,341,270,27.5,9.5,34.9,2257,cubierto,leve,humeda,1003,0,-252.0,7.9,False,False,False,18,False,3,65,Precaución
34.0,30,17.2,8530,despejado,0.0,99,45,13.9,10.1,24.1,6931,despejado,leve,seca,1018,1000,3520.0,24.5,False,False,False,21,True,8,226,Seguro
18.3,90,11.2,5303,lluvia_ligera,5.2,76,45,5.8,9.6,15.7,1379,cubierto,moderada,humeda,1015,2000,2876.0,15.1,False,False,False,7,False,1,27,Precaución
11.7,94,4.0,1474,niebla,0.2,304,135,0.8,-3.9,5.2,292,cubierto,ninguna,humeda,1014,1000,844.0,11.4,False,False,False,6,False,7,185,Precaución
21.3,83,27.8,5305,lluvia_ligera,2.1,172,90,27.5,3.9,36.1,2204,nublado,leve,humeda,1014,2500,3856.0,19.2,False,False,False,20,False,8,237,Precaución
13.0,71,15.5,4718,lluvia_ligera,5.8,263,0,15.4,-1.9,21.7,1529,nublado,leve,mojada,1005,0,-240.0,9.2,False,False,False,5,True,10,279,Precaución
11.6,91,20.1,2271,lluvia_fuerte,14.9,140,315,1.8,-20.0,26.1,1055,cubierto,moderada,mojada,1002,1000,832.0,11.1,False,False,True,1,True,10,293,Peligro
-7.4,79,28.3,1473,nieve,8.1,338,270,26.2,10.6,31.1,641,cubierto,moderada,contaminada,1019,0,-2688.0,-9.7,False,False,False,12,False,7,207,Peligro
24.4,55,19.1,8920,nublado,1.0,228,180,14.2,12.8,22.9,1552,dispersas,ninguna,seca,1009,1000,2368.0,11.6,False,False,False,21,True,8,234,Seguro
14.7,99,0.2,1025,niebla,1.3,44,270,0.1,-0.1,0.3,719,cubierto,ninguna,humeda,1009,2500,3064.0,13.0,False,False,False,22,True,3,85,Precaución
23.0,58,20.8,8560,nublado,1.2,331,270,18.2,10.1,31.2,2310,nublado,ninguna,seca,1004,0,960.0,17.4,False,False,False,9,False,11,305,Seguro
8.3,82,23.3,3353,lluvia_ligera,3.8,173,45,18.4,-14.3,28.0,2328,cubierto,leve,mojada,1004,2000,1676.0,3.7,False,True,True,12,False,12,334,Peligro
22.2,69,5.7,6501,nublado,1.4,294,135,2.0,-5.3,8.0,2317,nublado,leve,humeda,1017,500,1484.0,16.1,False,False,False,17,False,2,35,Seguro
16.8,75,9.8,8694,nublado,2.0,177,180,0.5,9.8,10.8,3938,nublado,ninguna,seca,1011,500,836.0,14.0,False,False,False,11,False,9,247,Seguro
19.2,59,16.7,7689,nublado,0.5,42,45,0.9,16.7,23.4,3280,dispersas,leve,seca,1000,0,504.0,8.2,False,False,False,16,False,6,156,Seguro
12.8,100,0.7,952,niebla,0.9,159,0,0.3,-0.7,0.8,591,cubierto,ninguna,mojada,1014,0,-264.0,11.2,False,False,False,11,False,2,31,Precaución
21.5,83,45.9,1860,granizo,29.2,103,45,38.9,24.3,64.3,1976,cubierto,severa,mojada,1002,500,1400.0,16.8,False,True,False,23,True,2,37,Peligro
14.2,75,28.7,6463,lluvia_ligera,7.6,320,0,18.4,22.0,34.4,1706,nublado,leve,humeda,1016,0,-96.0,9.4,False,False,False,2,True,7,198,Precaución
15.9,92,2.9,1517,niebla,1.5,208,270,2.6,1.4,4.1,696,cubierto,ninguna,humeda,1008,2500,3208.0,14.4,False,False,False,7,False,10,295,Precaución
11.8,78,17.2,3427,lluvia_ligera,6.6,276,0,17.1,1.8,22.4,801,nublado,moderada,humeda,1015,1000,856.0,7.3,False,False,False,23,True,2,55,Precaución
15.5,92,2.4,877,niebla,0.7,133,90,1.6,1.8,3.4,417,cubierto,ninguna,humeda,1015,1000,1300.0,14.3,False,False,False,18,False,6,179,Precaución
22.1,43,2.0,9739,despejado,0.0,25,90,1.8,0.8,2.2,9655,despejado,leve,seca,1015,1000,2092.0,9.1,False,False,False,16,False,8,234,Seguro
17.6,94,3.2,1325,niebla,1.7,243,270,1.5,2.9,4.5,713,cubierto,ninguna,mojada,1016,1000,1552.0,17.5,False,False,False,14,False,3,72,Precaución
22.0,72,23.9,6993,nublado,0.6,335,45,22.5,8.2,28.7,2863,dispersas,leve,seca,1017,2000,3320.0,17.6,False,False,False,9,False,11,322,Precaución
14.4,95,41.5,3550,lluvia_fuerte,23.5,185,315,31.8,-26.7,45.7,1362,cubierto,moderada,mojada,992,1000,1168.0,14.0,False,False,False,16,False,12,347,Peligro
7.6,92,2.3,1365,niebla,1.4,179,45,1.7,-1.6,3.2,305,cubierto,ninguna,humeda,1015,500,-268.0,7.1,True,False,False,22,True,10,291,Precaución
10.3,93,1.1,1554,niebla,1.3,341,45,1.0,0.5,1.5,742,cubierto,ninguna,humeda,1001,2000,1916.0,10.0,False,False,False,15,False,6,155,Precaución
12.3,99,1.0,1183,niebla,0.6,327,225,1.0,-0.2,1.4,456,cubierto,ninguna,humeda,1005,2000,2156.0,11.2,False,False,False,19,False,1,27,Precaución
10.7,85,24.6,5144,lluvia_ligera,3.9,198,180,7.6,23.4,27.1,1470,nublado,leve,humeda,1001,2500,2584.0,6.1,False,False,True,10,False,9,240,Peligro
12.3,96,3.6,721,niebla,1.0,327,135,0.7,-3.5,5.0,444,cubierto,ninguna,mojada,1008,1000,916.0,11.9,False,False,False,16,False,5,124,Peligro
17.9,48,0.0,9254,despejado,0.0,344,45,0.0,0.0,0.0,8392,despejado,leve,seca,1025,2000,2828.0,6.4,False,False,False,9,False,11,314,Seguro
-5.8,84,21.2,3262,nieve,11.2,46,270,14.7,-15.3,29.7,1606,cubierto,moderada,nevada,1007,1000,-1256.0,-8.1,False,False,False,18,False,10,294,Peligro
13.2,74,43.1,3838,granizo,21.5,97,180,42.8,5.3,47.4,997,cubierto,severa,contaminada,1013,1000,1024.0,9.9,False,True,False,14,False,1,28,Peligro
-6.8,93,11.2,3361,nieve,8.6,250,315,10.2,4.7,12.3,898,cubierto,leve,contaminada,1001,0,-2616.0,-6.9,False,False,False,0,True,4,95,Peligro
5.8,93,11.9,2362,niebla,1.1,163,135,5.6,10.5,16.7,563,cubierto,ninguna,mojada,1019,0,-1104.0,5.2,True,False,False,12,False,11,326,Precaución
14.5,66,24.7,6898,nublado,0.3,349,90,24.2,-4.7,29.6,2675,dispersas,leve,seca,1013,500,560.0,-0.0,False,False,False,15,False,6,158,Precaución
11.0,95,6.4,1648,niebla,1.3,52,270,3.9,-5.0,7.0,723,cubierto,ninguna,mojada,1014,2000,2000.0,10.6,False,False,False,14,False,12,346,Precaución
15.7,93,6.7,1381,niebla,0.9,337,225,6.2,-2.5,8.7,246,cubierto,ninguna,humeda,1013,2000,2564.0,14.9,False,False,False,11,False,11,300,Precaución
16.0,29,8.7,9821,despejado,0.0,210,180,4.3,7.5,11.3,13078,despejado,ninguna,seca,1024,2000,2600.0,7.8,False,False,False,21,True,11,313,Seguro
1.1,82,13.0,3136,nieve,12.7,46,225,0.2,-13.0,14.3,1650,cubierto,moderada,contaminada,1013,0,-1668.0,-2.9,False,False,False,19,False,7,190,Precaución
21.5,51,23.3,7290,nublado,0.8,297,315,7.2,22.2,32.6,2827,dispersas,leve,seca,1013,1000,2020.0,9.2,False,False,False,4,True,6,160,Seguro
23.1,74,13.0,7804,nublado,1.4,346,225,11.1,-6.7,16.9,2975,dispersas,ninguna,humeda,1001,1000,2212.0,19.0,False,False,False,6,False,11,311,Seguro
20.7,80,22.3,6523,lluvia_ligera,4.7,331,90,19.5,-10.8,29.0,865,nublado,leve,mojada,1014,1000,1924.0,16.2,False,False,False,4,True,1,26,Precaución
26.8,47,12.8,8870,despejado,0.0,70,225,5.4,-11.6,16.6,6939,despejado,ninguna,seca,1023,2500,4516.0,17.1,False,False,False,16,False,1,13,Seguro
10.5,72,30.9,4142,granizo,17.3,347,315,16.4,26.2,46.3,1284,cubierto,severa,mojada,1011,2000,1940.0,6.2,False,True,False,18,False,3,71,Peligro
9.5,82,26.5,3276,lluvia_ligera,4.0,113,135,9.9,24.6,31.8,1745,cubierto,leve,mojada,1003,500,-40.0,6.4,False,False,False,19,False,5,123,Precaución
22.2,79,25.6,2026,granizo,21.8,147,0,13.9,-21.5,38.4,1972,cubierto,severa,mojada,1000,500,1484.0,18.9,False,True,False,20,False,6,179,Peligro
22.9,34,14.5,9546,despejado,0.0,335,180,6.1,-13.1,20.3,8836,despejado,leve,seca,1010,500,1568.0,13.1,False,False,False,4,True,11,304,Seguro
6.6,92,45.4,1182,tormenta,25.1,319,135,3.2,-45.3,63.6,372,cubierto,moderada,mojada,998,0,-1008.0,4.9,True,True,True,0,True,2,42,Peligro
16.0,82,12.1,3250,lluvia_ligera,7.7,110,0,11.4,-4.1,16.9,1963,nublado,moderada,mojada,1006,2500,3220.0,11.9,False,False,False,21,True,10,299,Precaución
16.7,59,10.6,6298,nublado,0.2,334,315,3.5,10.0,15.9,2572,nublado,leve,humeda,1001,2500,3304.0,7.5,False,False,False,9,False,10,295,Seguro
17.4,75,28.0,6380,lluvia_ligera,2.8,15,225,14.0,-24.2,33.6,1567,nublado,moderada,mojada,1016,2500,3388.0,14.4,False,False,False,8,False,6,176,Precaución
24.4,51,9.6,8178,despejado,0.0,181,90,9.6,-0.2,14.4,12085,despejado,ninguna,seca,1029,2500,4228.0,14.7,False,False,False,13,False,9,255,Seguro
16.5,61,10.0,7997,nublado,1.8,25,270,9.1,-4.2,11.0,2424,nublado,leve,humeda,1008,0,180.0,4.1,False,False,False,4,True,7,180,Seguro
14.3,70,18.0,6842,nublado,1.3,34,315,17.7,3.4,21.6,2111,dispersas,leve,seca,1017,0,-84.0,7.9,False,False,False,4,True,3,73,Seguro
17.0,71,10.3,6589,lluvia_ligera,3.1,109,135,4.5,9.3,12.4,2362,cubierto,leve,mojada,1014,1000,1480.0,13.9,False,False,False,9,False,3,72,Seguro
25.4,32,10.9,8503,despejado,0.0,258,315,9.1,5.9,14.2,9654,despejado,ninguna,seca,1012,500,1868.0,17.4,False,False,False,9,False,5,125,Seguro
5.3,98,39.9,833,tormenta,26.3,254,45,19.3,-34.9,55.9,902,cubierto,moderada,mojada,987,2500,1936.0,3.7,True,True,False,7,False,11,326,Peligro
28.8,28,1.0,9219,despejado,0.0,245,0,0.9,-0.4,1.3,14078,despejado,leve,seca,1027,500,2276.0,15.5,False,False,False,21,True,12,363,Seguro
19.4,30,1.9,9326,despejado,0.0,325,90,1.6,-1.1,2.1,5170,despejado,leve,seca,1028,0,528.0,7.2,False,False,False,15,False,12,337,Seguro
14.1,55,5.8,8529,nublado,1.4,338,315,2.3,5.3,8.7,3328,dispersas,leve,humeda,1006,2500,2992.0,1.6,False,False,False,6,False,1,19,Seguro
14.6,96,5.2,1874,niebla,0.3,181,225,3.6,3.7,7.3,800,cubierto,ninguna,mojada,1006,1000,1192.0,13.7,False,False,False,11,False,10,275,Precaución
20.3,50,23.9,8249,nublado,0.4,112,0,22.2,-9.0,26.3,1700,nublado,leve,seca,1020,0,636.0,13.4,False,False,False,20,False,11,310,Precaución
-1.0,83,16.9,2783,nieve,9.9,228,45,0.9,-16.9,20.3,1841,cubierto,moderada,nevada,1005,0,-1920.0,-5.9,False,False,False,8,False,1,29,Precaución
22.7,65,13.6,7723,nublado,1.4,337,315,5.1,12.6,19.0,2892,dispersas,leve,seca,1013,0,924.0,16.4,False,False,False,18,False,3,82,Seguro
8.4,96,6.1,2089,niebla,0.6,217,270,4.9,3.7,9.1,755,cubierto,ninguna,mojada,1010,1000,448.0,8.3,True,False,False,22,True,3,87,Precaución
-4.4,87,19.1,3309,nieve,8.0,236,0,15.8,-10.7,24.8,1517,cubierto,leve,nevada,1009,0,-2328.0,-8.9,False,False,False,13,False,12,345,Peligro
25.7,47,10.3,8879,despejado,0.0,85,135,7.9,6.6,13.4,6295,despejado,ninguna,seca,1019,1000,2524.0,13.7,False,False,False,7,False,2,31,Seguro
13.8,99,38.9,1168,tormenta,31.3,252,135,34.7,-17.7,42.8,840,cubierto,severa,mojada,995,2500,2956.0,13.4,False,True,True,6,False,11,327,Peligro
20.1,87,13.6,3278,lluvia_ligera,4.9,129,315,1.4,-13.5,19.0,1788,cubierto,moderada,mojada,1006,2500,3712.0,16.8,False,False,False,12,False,5,120,Precaución
26.7,58,14.1,7254,nublado,1.5,285,0,13.6,3.6,19.7,3869,dispersas,leve,humeda,1014,2000,3884.0,20.1,False,False,False,13,False,7,191,Seguro
11.7,100,11.3,1587,niebla,1.5,75,135,9.8,5.7,15.8,381,cubierto,ninguna,mojada,1001,1000,844.0,11.5,False,False,False,2,True,2,36,Precaución
31.7,50,2.3,9920,despejado,0.0,11,45,1.3,1.9,2.8,14692,despejado,ninguna,seca,1024,0,2004.0,20.9,False,False,False,11,False,3,72,Seguro
20.3,85,23.7,3089,lluvia_ligera,5.9,145,135,4.1,23.3,26.1,2021,nublado,leve,humeda,1012,500,1256.0,17.4,False,False,False,12,False,5,139,Precaución
18.2,76,15.7,6648,lluvia_ligera,4.6,98,90,2.2,15.5,20.4,1037,nublado,moderada,humeda,1013,1000,1624.0,13.3,False,False,False,20,False,3,73,Seguro
14.9,92,30.5,2333,tormenta,18.8,177,90,30.5,1.6,36.6,669,cubierto,severa,mojada,982,2000,2468.0,14.8,False,True,True,7,False,3,68,Peligro
13.8,90,22.1,6959,lluvia_ligera,2.4,30,90,19.1,11.1,30.9,1243,nublado,leve,humeda,1005,500,476.0,9.2,False,False,False,18,False,12,355,Precaución
17.1,95,4.0,987,niebla,1.2,151,45,3.8,-1.1,4.8,374,cubierto,ninguna,mojada,1013,500,872.0,15.4,False,False,False,0,True,5,139,Precaución
20.2,85,13.5,6674,lluvia_ligera,4.3,142,180,8.3,10.6,18.9,2169,nublado,leve,humeda,1011,2000,3104.0,16.8,False,False,False,20,False,1,7,Seguro
20.0,68,17.1,6544,nublado,1.3,335,315,5.8,16.1,18.8,2785,dispersas,leve,humeda,1017,2500,3700.0,5.9,False,False,False,14,False,5,129,Seguro
8.9,90,30.4,1455,tormenta,31.0,278,225,24.3,18.3,36.5,465,cubierto,moderada,mojada,982,500,-112.0,4.3,False,True,True,7,False,8,237,Peligro
15.0,29,8.9,8646,despejado,0.0,339,315,3.6,8.1,10.7,10040,despejado,ninguna,seca,1027,1000,1240.0,6.3,False,False,False,20,False,10,287,Seguro
25.9,53,6.3,9187,despejado,0.0,135,225,6.3,0.0,7.6,10559,despejado,leve,seca,1027,2000,3788.0,20.3,False,False,False,7,False,4,93,Seguro
16.1,45,1.4,9759,despejado,0.0,286,90,0.4,-1.3,1.7,10580,despejado,ninguna,seca,1016,2000,2612.0,7.2,False,False,False,3,True,6,161,Seguro
26.7,56,16.8,6819,nublado,0.4,142,135,2.0,16.7,20.2,2939,dispersas,ninguna,seca,1016,2500,4504.0,19.3,False,False,False,18,False,2,35,Seguro
15.0,99,1.2,1114,niebla,1.9,165,270,1.2,-0.3,1.4,315,cubierto,ninguna,humeda,1012,500,620.0,13.3,False,False,False,19,False,12,340,Precaución
32.2,44,9.3,9109,despejado,0.0,168,180,1.9,9.1,11.2,14692,despejado,leve,seca,1013,2500,5164.0,18.4,False,False,False,0,True,12,340,Seguro
16.7,46,18.8,8431,despejado,0.0,0,225,13.3,-13.3,28.2,9673,despejado,ninguna,seca,1027,2000,2684.0,3.2,False,False,False,5,True,2,35,Seguro
28.1,28,9.1,9354,despejado,0.0,106,315,4.4,-8.0,11.8,14072,despejado,leve,seca,1016,2500,4672.0,13.2,False,False,False,20,False,1,24,Seguro
20.9,26,15.8,9814,despejado,0.0,158,225,14.5,6.2,23.7,5686,despejado,leve,seca,1027,2000,3188.0,13.4,False,False,False,20,False,4,98,Seguro
19.7,57,19.5,6524,nublado,1.9,341,225,17.5,-8.5,23.4,2622,nublado,leve,seca,1003,500,1184.0,7.7,False,False,False,19,False,8,218,Seguro
18.7,89,11.8,4578,lluvia_ligera,7.3,133,45,11.8,0.4,13.0,2132,nublado,leve,mojada,1013,2500,3544.0,16.5,False,False,False,2,True,8,212,Precaución
19.2,52,6.1,8336,nublado,1.6,315,270,4.3,4.3,7.3,3382,nublado,leve,seca,1018,2000,2984.0,4.9,False,False,False,7,False,6,160,Seguro
15.7,75,19.5,6854,lluvia_ligera,4.7,170,45,16.0,-11.2,27.3,1409,cubierto,moderada,mojada,1014,2000,2564.0,13.0,False,False,False,9,False,8,232,Precaución
8.4,93,53.2,2409,tormenta,29.0,119,180,46.5,25.8,79.8,953,cubierto,severa,contaminada,984,2500,2308.0,8.2,True,True,False,3,True,3,85,Peligro
20.2,71,5.3,7531,nublado,0.7,101,45,4.4,3.0,6.4,1661,nublado,ninguna,seca,1018,2000,3104.0,15.9,False,False,False,15,False,7,180,Seguro
14.2,51,12.7,6987,nublado,0.7,317,45,12.7,0.4,16.5,3523,nublado,leve,humeda,1010,2000,2384.0,4.6,False,False,False,13,False,5,144,Seguro
32.5,55,17.4,8507,despejado,0.0,346,315,9.0,14.9,20.9,8173,despejado,leve,seca,1012,500,2720.0,22.2,False,False,False,14,False,11,305,Seguro
17.5,99,10.0,2181,niebla,1.5,68,90,3.7,9.3,11.0,133,cubierto,ninguna,humeda,1014,2000,2780.0,17.3,False,False,False,0,True,8,216,Precaución
8.5,96,40.1,1753,tormenta,15.6,4,0,2.8,40.0,52.1,379,cubierto,severa,contaminada,1005,500,-160.0,8.1,True,True,False,5,True,8,212,Peligro
-6.9,94,17.4,2009,nieve,15.7,324,270,14.1,10.2,24.4,568,cubierto,moderada,nevada,1010,1000,-1388.0,-7.1,False,False,False,0,True,6,158,Peligro
15.8,97,32.4,1999,lluvia_fuerte,12.2,356,315,21.3,24.5,35.6,311,cubierto,moderada,contaminada,987,0,96.0,14.9,False,True,False,14,False,12,342,Peligro
17.5,92,10.4,1049,niebla,1.7,358,225,7.6,-7.1,13.5,374,cubierto,ninguna,mojada,1015,500,920.0,16.3,False,False,False,20,False,2,44,Precaución
14.7,100,2.6,2489,niebla,0.5,160,45,2.4,-1.1,3.4,287,cubierto,ninguna,mojada,1015,1000,1204.0,13.0,False,False,False,2,True,1,8,Precaución
31.1,47,0.3,9002,despejado,0.0,213,135,0.3,0.1,0.4,7009,despejado,ninguna,seca,1028,0,1932.0,19.8,False,False,False,1,True,8,222,Seguro
16.4,78,47.8,2599,granizo,19.7,23,45,17.9,44.3,62.1,948,cubierto,severa,contaminada,1007,2500,3268.0,11.8,False,True,False,17,False,4,106,Peligro
20.1,68,8.6,6989,nublado,0.1,310,270,5.5,6.6,10.3,1602,nublado,leve,humeda,1018,1000,1852.0,11.0,False,False,False,17,False,11,320,Seguro
16.4,97,10.4,1656,niebla,0.6,271,225,7.5,7.2,12.5,302,cubierto,ninguna,humeda,1018,2000,2648.0,16.0,False,False,False,9,False,4,97,Precaución
19.3,79,15.5,4837,lluvia_ligera,3.7,273,225,11.5,10.4,21.7,2047,nublado,leve,mojada,1007,1000,1756.0,14.3,False,False,False,0,True,12,355,Precaución
22.8,68,5.7,6631,nublado,0.1,287,0,5.5,1.7,6.3,2388,dispersas,leve,humeda,1004,500,1556.0,10.2,False,False,False,20,False,7,205,Seguro
14.0,82,12.6,3987,lluvia_ligera,6.1,356,45,9.5,8.3,17.6,1460,nublado,leve,humeda,1012,0,-120.0,11.4,False,False,False,23,True,4,104,Precaución
11.4,86,36.1,1727,granizo,19.1,29,315,34.7,10.0,50.5,1551,cubierto,severa,contaminada,1009,0,-432.0,8.2,False,True,False,0,True,4,112,Peligro
31.2,30,0.1,9589,despejado,0.0,286,315,0.0,0.1,0.1,11181,despejado,ninguna,seca,1011,500,2564.0,18.8,False,False,False,9,False,11,327,Seguro
24.5,73,9.7,7773,nublado,0.9,116,45,9.2,3.2,13.6,1831,dispersas,ninguna,humeda,1007,0,1140.0,20.9,False,False,False,9,False,8,227,Seguro
16.0,59,9.7,6009,nublado,0.1,321,135,1.0,-9.6,14.5,1937,nublado,leve,seca,1004,0,120.0,9.9,False,False,False,4,True,12,356,Seguro
18.8,52,12.5,6055,nublado,0.3,58,90,6.6,10.6,18.8,1997,dispersas,ninguna,humeda,1015,500,1076.0,7.5,False,False,False,16,False,9,250,Seguro
16.4,57,21.4,8923,nublado,0.9,197,135,18.9,10.0,25.7,1594,dispersas,ninguna,humeda,1010,2500,3268.0,7.1,False,False,False,21,True,2,41,Seguro
19.4,59,21.1,8641,nublado,1.2,209,90,18.5,-10.2,29.5,3958,dispersas,ninguna,seca,1020,1000,1768.0,9.6,False,False,False,14,False,11,323,Seguro
5.9,96,11.9,2314,niebla,1.8,147,90,10.0,6.5,17.9,756,cubierto,ninguna,mojada,1001,1000,148.0,4.8,True,False,False,23,True,5,148,Precaución
12.3,73,9.3,8395,nublado,0.7,27,90,8.3,4.2,12.1,1798,dispersas,leve,humeda,1014,2000,2156.0,9.1,False,False,False,13,False,4,99,Seguro
-4.9,90,30.2,2083,nieve,15.6,298,180,26.7,-14.2,33.2,539,cubierto,leve,contaminada,1004,500,-1768.0,-9.8,False,False,False,5,True,2,39,Peligro
27.2,35,18.2,9439,despejado,0.0,331,0,8.8,15.9,25.5,5984,despejado,leve,seca,1017,500,2084.0,14.8,False,False,False,13,False,9,252,Seguro
22.7,54,8.5,6640,nublado,1.2,120,0,7.4,-4.2,11.1,1913,nublado,leve,humeda,1000,1000,2164.0,8.9,False,False,False,11,False,12,347,Seguro
33.8,50,9.1,9798,despejado,0.0,109,225,8.2,-4.0,11.8,13861,despejado,ninguna,seca,1023,0,2256.0,25.9,False,False,False,22,True,6,156,Seguro
20.5,61,16.3,8023,nublado,0.0,130,180,12.5,10.5,19.6,2004,nublado,leve,humeda,1009,0,660.0,15.5,False,False,False,23,True,5,140,Seguro
12.3,70,43.1,3769,granizo,12.2,323,0,25.9,34.4,56.0,1869,cubierto,severa,contaminada,1011,2000,2156.0,4.5,False,True,False,14,False,9,265,Peligro
24.7,62,23.0,7219,nublado,0.6,151,270,20.1,-11.2,27.6,3767,dispersas,ninguna,humeda,1000,500,1784.0,10.1,False,False,False,7,False,5,125,Precaución
-6.5,90,33.8,2436,nieve,19.5,191,0,6.4,-33.2,43.9,1350,cubierto,moderada,contaminada,1008,1000,-1340.0,-9.4,False,False,True,13,False,12,345,Peligro
11.5,80,26.6,6118,lluvia_ligera,7.1,38,180,16.4,-21.0,34.6,1604,cubierto,leve,mojada,1008,1000,820.0,8.1,False,False,False,15,False,6,168,Precaución
16.0,97,1.3,866,niebla,2.0,345,180,0.3,-1.3,1.6,644,cubierto,ninguna,mojada,1010,2500,3220.0,15.5,False,False,False,16,False,11,315,Precaución
21.2,35,11.9,9126,despejado,0.0,188,90,11.8,-1.7,16.7,6616,despejado,ninguna,seca,1019,2500,3844.0,11.4,False,False,False,17,False,2,49,Seguro
17.6,66,25.0,8055,nublado,1.5,321,225,24.9,-2.6,35.0,3912,nublado,leve,humeda,1015,500,932.0,7.2,False,False,False,4,True,5,135,Precaución
17.2,42,18.1,9138,despejado,0.0,304,315,3.5,17.8,25.3,11888,despejado,leve,seca,1018,1000,1504.0,7.2,False,False,False,2,True,11,302,Seguro
21.9,64,24.6,7733,nublado,1.3,42,225,1.3,-24.6,27.1,2649,nublado,leve,seca,1001,0,828.0,13.9,False,False,False,12,False,9,260,Seguro
32.7,46,1.4,8746,despejado,0.0,217,0,0.8,-1.1,1.7,12917,despejado,ninguna,seca,1012,2500,5224.0,20.2,False,False,False,1,True,8,221,Seguro
15.8,94,52.5,1235,tormenta,31.4,19,180,17.1,-49.6,73.5,386,cubierto,moderada,mojada,992,500,716.0,14.7,False,True,False,8,False,7,184,Peligro
12.1,74,26.7,5258,lluvia_ligera,7.8,356,270,26.6,1.9,34.7,1662,nublado,leve,humeda,1000,2000,2132.0,9.0,False,True,False,22,True,2,55,Peligro
16.5,99,38.9,3328,lluvia_fuerte,17.0,200,90,36.6,-13.3,42.8,1050,cubierto,moderada,mojada,1002,2500,3280.0,15.6,False,False,False,4,True,8,238,Peligro
19.5,52,2.4,8248,despejado,0.0,262,180,2.4,0.3,2.6,5679,despejado,ninguna,seca,1013,0,540.0,9.6,False,False,False,9,False,1,11,Seguro
15.9,56,20.7,7115,nublado,2.0,73,315,18.3,-9.7,24.8,1868,dispersas,leve,humeda,1019,500,728.0,8.6,False,False,False,2,True,8,239,Precaución
11.5,82,45.2,3321,granizo,22.7,252,315,40.3,20.5,63.3,696,cubierto,severa,contaminada,1007,1000,820.0,9.1,False,True,False,11,False,6,164,Peligro
28.5,42,18.9,9566,despejado,0.0,340,90,17.8,-6.5,22.7,13255,despejado,ninguna,seca,1018,2000,4100.0,16.8,False,False,False,18,False,5,146,Seguro
-0.1,92,10.2,3501,nieve,5.2,35,180,5.9,-8.4,14.3,1939,cubierto,moderada,contaminada,1009,2000,668.0,-0.3,False,False,False,2,True,7,185,Precaución
13.4,94,4.6,1711,niebla,0.8,232,135,4.6,-0.6,5.1,136,cubierto,ninguna,humeda,1018,2000,2288.0,12.7,False,False,False,4,True,3,83,Precaución
16.9,32,8.1,8498,despejado,0.0,242,135,7.7,-2.4,10.5,10016,despejado,leve,seca,1027,1000,1468.0,8.4,False,False,False,14,False,5,139,Seguro
27.3,59,19.8,8708,nublado,0.5,111,45,18.1,8.1,21.8,1638,nublado,leve,seca,1006,2500,4576.0,14.2,False,False,False,15,False,6,165,Seguro
26.9,51,22.9,6706,nublado,0.8,44,225,0.4,-22.9,27.5,1837,nublado,leve,humeda,1008,1000,2668.0,14.2,False,False,False,11,False,4,95,Seguro
32.3,51,2.0,8768,despejado,0.0,236,0,1.7,-1.1,2.8,10479,despejado,ninguna,seca,1010,1000,3316.0,25.3,False,False,False,9,False,3,85,Seguro
22.3,53,3.9,8909,despejado,0.0,347,90,3.8,-0.9,5.8,11314,despejado,ninguna,seca,1018,500,1496.0,13.3,False,False,False,4,True,5,143,Seguro
27.4,54,12.3,9049,despejado,0.0,25,315,11.6,4.2,16.0,11329,despejado,ninguna,seca,1020,2000,3968.0,13.1,False,False,False,11,False,7,186,Seguro
17.7,96,41.1,2505,lluvia_fuerte,11.7,318,90,30.5,-27.5,53.4,870,cubierto,severa,mojada,1001,1000,1564.0,17.6,False,False,False,8,False,12,360,Peligro
23.5,57,9.5,8706,nublado,0.3,4,0,0.7,9.5,12.3,1736,nublado,ninguna,humeda,1020,2000,3500.0,8.8,False,False,False,7,False,3,78,Seguro
17.7,97,9.4,1098,niebla,0.8,104,270,2.3,-9.1,11.3,406,cubierto,ninguna,mojada,1005,2000,2804.0,17.4,False,False,False,5,True,4,115,Precaución
14.5,60,16.2,6192,nublado,0.4,138,315,0.8,-16.2,21.1,3105,dispersas,ninguna,humeda,1009,1000,1180.0,8.9,False,False,False,4,True,5,137,Seguro
18.5,66,15.3,8067,nublado,1.5,20,135,13.9,-6.5,19.9,2230,nublado,leve,seca,1008,2500,3520.0,8.0,False,False,False,2,True,3,60,Seguro
18.2,89,10.8,6190,lluvia_ligera,2.2,58,315,10.5,-2.4,13.0,922,cubierto,moderada,humeda,1010,2500,3484.0,15.1,False,False,False,1,True,6,166,Precaución
-3.1,78,30.9,1629,nieve,5.4,137,90,22.6,21.1,37.1,1342,cubierto,moderada,contaminada,1001,2500,928.0,-8.0,False,False,False,10,False,10,292,Peligro
11.4,98,8.4,935,niebla,0.1,248,0,7.8,-3.1,10.1,342,cubierto,ninguna,humeda,1014,2500,2668.0,10.0,False,False,False,23,True,12,338,Precaución
23.1,51,11.8,8908,nublado,0.4,324,270,9.5,6.9,17.7,3622,nublado,leve,seca,1007,0,972.0,17.1,False,False,False,22,True,8,213,Seguro
34.8,48,0.0,8190,despejado,0.0,59,180,0.0,-0.0,0.0,14286,despejado,ninguna,seca,1023,500,2996.0,24.2,False,False,False,5,True,5,141,Seguro
17.1,34,4.2,8752,despejado,0.0,227,180,3.1,2.9,5.5,13890,despejado,leve,seca,1018,1000,1492.0,10.9,False,False,False,3,True,4,118,Seguro
9.8,76,23.5,6600,lluvia_ligera,6.5,101,315,13.1,-19.5,28.2,2097,cubierto,leve,mojada,1007,0,-624.0,6.5,False,False,False,13,False,10,287,Precaución
-3.9,83,20.3,2587,nieve,7.3,267,225,13.6,15.1,24.4,1668,cubierto,moderada,nevada,1010,500,-1648.0,-7.3,False,False,False,10,False,11,324,Peligro
25.3,53,16.6,9976,despejado,0.0,316,135,0.3,-16.6,23.2,8893,despejado,leve,seca,1027,0,1236.0,16.6,False,False,False,4,True,2,38,Seguro
6.9,99,9.8,1904,niebla,0.9,168,315,5.3,-8.2,10.8,387,cubierto,ninguna,mojada,1014,500,-352.0,5.2,True,False,False,20,False,8,226,Precaución
2.4,86,11.7,3538,nieve,15.4,28,180,5.5,-10.3,16.4,903,cubierto,moderada,nevada,1009,500,-892.0,-0.8,False,False,True,0,True,9,246,Peligro
19.5,83,12.1,5502,lluvia_ligera,3.2,173,180,1.5,12.0,16.9,1047,cubierto,leve,mojada,1001,2500,3640.0,17.1,False,False,False,14,False,8,235,Seguro
10.9,99,5.4,951,niebla,0.2,148,0,2.9,-4.6,7.0,359,cubierto,ninguna,humeda,1006,2000,1988.0,10.6,False,False,False,7,False,2,35,Precaución
6.7,97,7.7,2057,niebla,0.1,12,0,1.6,7.5,10.8,524,cubierto,ninguna,mojada,1010,1000,244.0,6.2,True,False,False,17,False,1,28,Precaución
12.6,99,10.9,2455,niebla,0.2,119,0,9.5,-5.3,13.1,424,cubierto,ninguna,mojada,1007,2500,2812.0,12.2,False,False,False,18,False,1,20,Precaución
11.2,96,2.8,1600,niebla,1.6,128,180,2.2,1.7,3.9,258,cubierto,ninguna,humeda,1004,2500,2644.0,10.8,False,False,False,18,False,11,315,Precaución
22.8,51,4.1,9747,despejado,0.0,296,270,1.8,3.7,4.5,12856,despejado,ninguna,seca,1021,1000,2176.0,16.9,False,False,False,14,False,3,89,Seguro
22.3,75,20.0,6422,nublado,1.5,275,270,1.7,19.9,26.0,1950,nublado,leve,seca,1007,1000,2116.0,19.7,False,False,False,19,False,5,135,Seguro
15.4,86,29.4,2937,lluvia_fuerte,13.2,309,225,29.2,3.1,44.1,1194,cubierto,moderada,mojada,1001,1000,1288.0,12.6,False,True,False,13,False,4,107,Peligro
17.7,46,10.8,9879,despejado,0.0,123,315,2.2,-10.6,13.0,12060,despejado,leve,seca,1014,0,324.0,3.7,False,False,False,9,False,6,165,Seguro
11.6,95,11.9,1638,niebla,1.7,92,45,8.7,8.1,13.1,743,cubierto,ninguna,mojada,1004,1000,832.0,11.0,False,False,False,3,True,6,160,Precaución
19.3,50,23.8,7302,nublado,0.9,6,90,23.7,2.5,26.2,3059,nublado,leve,humeda,1002,1000,1756.0,11.4,False,False,False,4,True,7,205,Precaución
15.4,95,11.9,1887,niebla,0.1,117,90,5.4,10.6,15.5,628,cubierto,ninguna,humeda,1007,0,48.0,14.9,False,False,False,14,False,3,74,Precaución
20.9,66,13.9,8117,nublado,1.2,112,180,12.9,5.2,15.3,2865,dispersas,ninguna,seca,1007,500,1328.0,7.0,False,False,False,7,False,7,205,Seguro
22.1,69,16.2,7731,nublado,1.6,287,225,14.3,7.6,22.7,1586,dispersas,ninguna,seca,1016,0,852.0,11.6,False,False,False,8,False,5,121,Seguro
9.2,88,21.6,3445,lluvia_fuerte,10.2,137,180,14.7,15.8,32.4,933,cubierto,moderada,mojada,998,0,-696.0,5.5,False,False,True,15,False,1,24,Peligro
11.0,82,29.3,3664,lluvia_ligera,7.8,342,225,26.1,-13.3,38.1,1048,cubierto,moderada,humeda,1014,1000,760.0,7.8,False,False,False,15,False,1,11,Peligro
16.2,72,44.4,3991,granizo,11.4,352,135,26.7,-35.5,48.8,1465,cubierto,severa,mojada,1007,500,764.0,11.6,False,True,False,18,False,6,178,Peligro
25.9,72,12.9,6507,nublado,1.8,195,225,6.4,11.2,18.1,1606,dispersas,leve,seca,1012,0,1308.0,21.1,False,False,False,18,False,8,217,Seguro
29.6,26,11.5,8662,despejado,0.0,159,90,10.7,4.1,16.1,11352,despejado,leve,seca,1014,1000,2992.0,15.7,False,False,False,20,False,4,97,Seguro
17.7,74,10.3,6519,lluvia_ligera,4.2,258,225,5.6,8.6,12.4,1519,nublado,moderada,mojada,1004,0,324.0,15.2,False,False,False,3,True,4,103,Seguro
11.5,99,10.3,2174,niebla,1.8,108,0,9.8,-3.2,15.5,705,cubierto,ninguna,mojada,1013,1000,820.0,11.0,False,False,False,15,False,1,27,Precaución
18.8,58,11.6,8874,nublado,1.4,83,315,9.1,-7.1,13.9,2560,nublado,leve,humeda,1008,2000,2936.0,10.3,False,False,False,6,False,11,318,Seguro
16.2,97,11.7,1726,niebla,0.1,263,180,11.6,1.4,14.0,521,cubierto,ninguna,mojada,1020,2000,2624.0,14.3,False,False,False,10,False,5,141,Precaución
10.2,98,11.3,1848,niebla,1.6,287,270,3.3,10.8,15.8,426,cubierto,ninguna,humeda,1001,0,-576.0,9.4,False,False,False,18,False,11,309,Precaución
23.4,55,17.8,6173,nublado,0.1,235,315,17.5,3.1,24.9,3045,dispersas,ninguna,humeda,1012,2500,4108.0,13.0,False,False,False,12,False,9,269,Seguro
16.1,79,11.7,5029,lluvia_ligera,6.8,168,135,6.4,9.8,15.2,1692,cubierto,leve,humeda,1000,500,752.0,13.2,False,False,False,16,False,8,224,Seguro
12.1,89,53.6,2541,tormenta,24.6,11,45,30.0,44.4,75.0,464,cubierto,severa,mojada,987,2000,2132.0,9.7,False,True,True,3,True,5,126,Peligro
17.7,62,21.1,8233,nublado,1.9,74,135,18.5,10.2,25.3,1574,dispersas,ninguna,seca,1017,500,944.0,7.9,False,False,False,20,False,7,180,Seguro
15.1,94,1.5,2292,niebla,1.7,336,270,1.4,0.6,2.1,271,cubierto,ninguna,mojada,1020,2500,3112.0,13.9,False,False,False,18,False,12,338,Precaución
16.6,83,18.3,3263,lluvia_ligera,5.8,279,135,10.8,-14.8,20.1,1841,nublado,moderada,mojada,1016,500,812.0,12.5,False,False,False,21,True,7,186,Precaución
7.9,93,20.4,3519,lluvia_fuerte,20.7,194,135,17.5,10.5,24.5,611,cubierto,moderada,contaminada,994,2500,2248.0,7.5,True,False,False,22,True,4,94,Peligro
24.9,31,0.7,9854,despejado,0.0,269,315,0.5,0.5,0.9,5558,despejado,leve,seca,1021,2000,3668.0,19.5,False,False,False,7,False,7,181,Seguro
10.4,76,15.8,4632,lluvia_ligera,3.0,189,135,12.8,9.3,20.5,1722,nublado,leve,mojada,1013,500,68.0,7.5,False,False,False,23,True,7,192,Precaución
24.3,42,14.4,8464,despejado,0.0,254,135,12.6,-7.0,18.7,7727,despejado,leve,seca,1029,500,1736.0,11.3,False,False,False,8,False,8,219,Seguro
-3.7,93,25.1,3522,nieve,15.0,118,0,22.2,-11.8,27.6,1369,cubierto,leve,nevada,1019,500,-1624.0,-4.0,False,False,True,15,False,1,1,Peligro
15.1,58,16.8,6348,nublado,0.8,256,90,4.1,-16.3,21.8,3701,nublado,ninguna,seca,1003,1000,1252.0,8.9,False,False,False,13,False,9,265,Seguro
19.8,75,22.1,6532,lluvia_ligera,3.1,86,270,1.5,-22.0,28.7,1289,cubierto,moderada,humeda,1007,0,576.0,16.6,False,False,False,1,True,3,60,Precaución
3.3,90,31.6,1288,nieve,16.7,30,45,8.2,30.5,44.2,932,cubierto,leve,nevada,1001,1000,-164.0,0.1,False,False,False,16,False,11,323,Peligro
6.1,97,7.6,1703,niebla,0.8,209,180,3.7,6.6,10.6,549,cubierto,ninguna,humeda,1004,500,-448.0,5.9,True,False,False,22,True,1,14,Precaución
32.6,36,17.1,8038,despejado,0.0,74,45,8.3,15.0,23.9,14803,despejado,leve,seca,1014,1000,3352.0,24.8,False,False,False,13,False,6,178,Seguro
12.7,73,9.0,7973,nublado,1.7,222,270,6.7,6.0,11.7,2634,nublado,leve,humeda,1008,1000,964.0,8.4,False,False,False,14,False,8,221,Seguro
12.1,59,16.4,6328,nublado,0.5,91,315,11.4,-11.8,19.7,3660,nublado,leve,humeda,1000,2500,2752.0,5.4,False,False,False,3,True,10,273,Seguro
16.7,76,15.2,6702,lluvia_ligera,3.3,112,45,14.0,5.9,18.2,2225,nublado,leve,humeda,1014,500,824.0,12.3,False,False,False,5,True,7,199,Seguro
15.7,99,23.5,2143,lluvia_fuerte,22.6,200,270,22.1,8.0,25.9,649,cubierto,moderada,mojada,1004,0,84.0,14.3,False,True,True,4,True,8,226,Peligro
20.5,56,23.1,7431,nublado,0.7,131,0,17.4,-15.2,27.7,2104,dispersas,ninguna,seca,1004,0,660.0,13.7,False,False,False,20,False,9,253,Seguro
13.0,78,28.9,5327,lluvia_ligera,5.4,123,90,15.7,24.2,37.6,1813,nublado,leve,humeda,1017,1000,1000.0,10.5,False,False,False,18,False,12,354,Precaución
26.1,58,23.2,7722,nublado,0.5,62,135,22.2,6.8,30.2,2136,nublado,leve,humeda,1017,1000,2572.0,17.9,False,False,False,3,True,3,71,Precaución
10.9,84,12.8,3443,lluvia_ligera,3.3,269,315,9.2,8.9,16.6,2105,cubierto,leve,mojada,1001,500,128.0,7.5,False,False,False,21,True,2,37,Seguro
12.5,96,52.2,2154,tormenta,27.6,301,45,50.6,-12.6,73.1,534,cubierto,moderada,mojada,1004,500,320.0,12.0,False,True,False,0,True,8,223,Peligro
9.3,94,1.9,1609,niebla,0.5,158,315,0.7,-1.7,2.7,680,cubierto,ninguna,humeda,1020,0,-684.0,7.9,True,False,False,2,True,9,240,Precaución
21.3,44,12.0,8554,despejado,0.0,32,45,2.7,11.7,15.6,7041,despejado,ninguna,seca,1027,1000,1996.0,15.4,False,False,False,10,False,9,251,Seguro
18.3,90,21.6,3493,lluvia_ligera,6.5,242,45,6.3,-20.7,28.1,1913,nublado,leve,mojada,1007,2000,2876.0,13.8,False,False,False,21,True,5,140,Precaución
13.5,70,20.0,8202,nublado,1.8,177,45,14.9,-13.4,26.0,2297,dispersas,leve,seca,1001,1000,1060.0,3.9,False,False,False,14,False,2,32,Seguro
25.3,59,5.1,7135,nublado,0.8,206,90,4.6,-2.2,7.6,3087,dispersas,leve,seca,1015,500,1856.0,11.4,False,False,False,5,True,1,19,Seguro
13.6,52,20.3,7450,nublado,0.8,338,0,7.6,18.8,24.4,3768,nublado,ninguna,humeda,1020,1000,1072.0,2.1,False,False,False,3,True,6,156,Seguro
18.0,94,29.3,2699,lluvia_fuerte,22.3,342,270,27.9,9.1,35.2,1158,cubierto,moderada,mojada,983,500,980.0,17.9,False,False,False,6,False,6,157,Peligro
5.7,89,21.4,2429,lluvia_fuerte,10.6,55,225,3.7,-21.1,32.1,366,cubierto,severa,contaminada,985,1000,124.0,1.9,False,False,True,22,True,12,359,Peligro
16.0,96,2.8,1526,niebla,1.1,332,180,1.3,-2.5,3.6,505,cubierto,ninguna,mojada,1011,0,120.0,14.9,False,False,False,4,True,12,362,Precaución
16.3,70,16.8,5043,lluvia_ligera,4.9,320,180,10.8,-12.9,18.5,1760,nublado,leve,mojada,1018,500,776.0,5.2,False,False,False,23,True,12,345,Seguro
14.2,97,24.8,3161,lluvia_fuerte,14.4,127,180,19.8,14.9,34.7,578,cubierto,moderada,contaminada,988,2500,3004.0,13.2,False,False,False,3,True,7,208,Peligro
12.2,90,43.7,2100,tormenta,16.1,8,270,43.3,-6.1,61.2,901,cubierto,severa,contaminada,990,1000,904.0,10.1,False,True,False,3,True,12,351,Peligro
25.0,75,9.9,7158,nublado,0.9,329,180,5.1,-8.5,14.9,3001,nublado,ninguna,seca,1003,0,1200.0,20.3,False,False,False,0,True,9,261,Seguro
33.7,52,16.9,8138,despejado,0.0,99,45,13.7,9.9,25.3,10775,despejado,leve,seca,1015,0,2244.0,18.8,False,False,False,4,True,12,365,Seguro
32.3,50,4.5,9931,despejado,0.0,192,135,3.8,2.5,5.9,13555,despejado,ninguna,seca,1028,2000,4556.0,22.0,False,False,False,18,False,7,194,Seguro
16.1,85,21.1,1050,lluvia_fuerte,13.7,18,225,9.6,-18.8,25.3,1266,cubierto,moderada,contaminada,987,2000,2612.0,11.4,False,False,False,10,False,5,139,Peligro
18.2,73,39.3,2597,granizo,25.5,225,0,27.8,-27.8,58.9,1251,cubierto,severa,mojada,1003,500,1004.0,15.3,False,True,False,1,True,8,231,Peligro
16.6,62,10.8,7179,nublado,1.7,314,45,10.8,-0.2,16.2,3318,dispersas,leve,seca,1011,500,812.0,4.8,False,False,False,22,True,2,54,Seguro
4.7,90,28.4,3440,nieve,16.0,262,315,22.7,17.1,34.1,995,cubierto,leve,contaminada,1001,2500,1864.0,2.6,True,False,False,18,False,6,162,Peligro
18.0,67,24.2,8225,nublado,1.3,337,45,22.4,9.1,33.9,3277,nublado,ninguna,seca,1017,2000,2840.0,12.4,False,False,False,3,True,2,33,Seguro
15.2,73,8.5,6939,nublado,1.2,241,225,2.3,8.2,11.9,3127,dispersas,leve,humeda,1018,500,644.0,11.8,False,False,False,12,False,1,26,Seguro
20.6,75,6.9,6711,nublado,2.0,239,0,5.9,-3.6,8.3,2101,dispersas,leve,humeda,1013,0,672.0,17.5,False,False,False,20,False,7,205,Seguro
13.1,86,36.6,2981,granizo,17.7,328,0,19.4,31.0,47.6,1039,cubierto,severa,contaminada,1001,500,392.0,10.8,False,True,False,10,False,6,158,Peligro
17.1,34,4.5,8200,despejado,0.0,222,90,3.3,-3.0,5.9,5651,despejado,ninguna,seca,1010,2000,2732.0,7.5,False,False,False,1,True,5,131,Seguro
14.1,95,9.7,788,niebla,1.6,211,0,5.0,-8.3,13.6,634,cubierto,ninguna,mojada,1013,1000,1132.0,13.8,False,False,False,8,False,5,143,Peligro
8.2,99,1.2,1640,niebla,0.9,155,45,1.1,-0.4,1.4,779,cubierto,ninguna,humeda,1010,1000,424.0,6.8,True,False,False,21,True,7,189,Precaución
19.0,84,22.7,4523,lluvia_ligera,5.6,169,45,18.8,-12.7,31.8,1799,cubierto,moderada,mojada,1000,500,1100.0,15.8,False,False,False,9,False,1,20,Precaución
27.5,63,10.5,8714,nublado,1.5,239,135,10.2,-2.5,12.6,3910,nublado,ninguna,humeda,1014,1000,2740.0,22.3,False,False,False,20,False,2,36,Seguro
17.6,54,5.6,7083,nublado,1.9,222,135,5.6,0.3,6.7,3032,dispersas,leve,humeda,1008,1000,1552.0,8.8,False,False,False,1,True,6,157,Seguro
28.8,25,9.2,8730,despejado,0.0,241,45,2.5,-8.8,10.1,5397,despejado,ninguna,seca,1013,500,2276.0,21.5,False,False,False,12,False,7,195,Seguro
17.6,77,14.0,5699,lluvia_ligera,2.1,18,270,13.3,-4.3,16.8,1242,cubierto,leve,humeda,1002,1000,1552.0,13.1,False,False,False,21,True,12,331,Seguro
10.6,95,2.4,1055,niebla,1.9,21,315,2.2,1.0,2.6,479,cubierto,ninguna,mojada,1014,1000,712.0,9.2,False,False,False,9,False,8,229,Precaución
20.3,78,29.6,6235,lluvia_ligera,2.3,167,0,6.7,-28.8,44.4,2311,nublado,leve,mojada,1017,2500,3736.0,18.2,False,False,False,16,False,12,331,Precaución
21.1,77,15.4,4161,lluvia_ligera,2.7,270,270,0.0,15.4,23.1,1988,nublado,leve,humeda,1003,2500,3832.0,16.4,False,False,False,11,False,8,215,Seguro
22.1,36,10.4,9058,despejado,0.0,190,180,1.8,10.2,15.6,13565,despejado,ninguna,seca,1011,500,1472.0,7.6,False,False,False,5,True,6,168,Seguro
10.6,96,6.4,2356,niebla,0.8,174,0,0.7,-6.4,8.3,178,cubierto,ninguna,humeda,1015,500,92.0,9.2,False,False,False,6,False,4,107,Precaución
5.9,94,6.9,1858,niebla,1.4,22,180,2.6,-6.4,9.7,719,cubierto,ninguna,mojada,1009,2000,1388.0,5.0,True,False,False,9,False,6,156,Precaución
31.3,39,11.9,9416,despejado,0.0,342,0,3.7,11.3,17.9,14085,despejado,leve,seca,1021,500,2576.0,25.9,False,False,False,16,False,10,282,Seguro
10.3,74,13.6,5916,lluvia_ligera,2.3,67,0,12.5,5.3,15.0,1430,cubierto,moderada,mojada,1008,0,-564.0,6.9,False,False,False,15,False,10,279,Precaución
18.4,27,5.4,8601,despejado,0.0,171,225,4.4,3.2,7.0,6411,despejado,leve,seca,1017,500,1028.0,11.1,False,False,False,21,True,9,266,Seguro
27.3,50,8.9,8145,nublado,1.1,28,225,2.6,-8.5,12.5,2233,nublado,leve,humeda,1016,2500,4576.0,15.6,False,False,False,14,False,12,342,Seguro
26.6,54,8.3,9484,despejado,0.0,234,315,8.2,1.3,10.8,11769,despejado,leve,seca,1023,1000,2632.0,13.9,False,False,False,14,False,7,194,Seguro
23.9,59,11.1,8076,nublado,1.0,287,0,10.6,3.2,15.5,2143,dispersas,leve,humeda,1008,500,1688.0,14.4,False,False,False,18,False,8,233,Seguro
24.0,73,20.4,6126,nublado,1.1,292,90,7.6,-18.9,26.5,2169,dispersas,leve,humeda,1012,2000,3560.0,19.8,False,False,False,4,True,10,278,Seguro
30.3,46,14.2,9832,despejado,0.0,348,315,7.7,11.9,15.6,11369,despejado,ninguna,seca,1026,1000,3076.0,16.9,False,False,False,4,True,1,9,Seguro
12.7,92,9.2,846,niebla,2.0,319,270,6.9,6.0,12.0,731,cubierto,ninguna,mojada,1007,500,344.0,11.3,False,False,False,4,True,2,44,Precaución
-1.8,75,24.7,2484,nieve,19.0,251,135,22.2,-10.8,37.0,1597,cubierto,leve,contaminada,1002,1000,-776.0,-4.0,False,False,False,4,True,11,320,Peligro
23.0,62,5.4,6573,nublado,0.9,253,225,2.5,4.8,7.6,2735,nublado,leve,humeda,1018,500,1580.0,17.5,False,False,False,18,False,8,239,Seguro
19.8,73,19.5,6597,nublado,1.8,99,0,19.3,-3.1,25.4,2685,nublado,ninguna,seca,1009,2500,3676.0,16.8,False,False,False,5,True,4,105,Seguro
13.4,87,26.4,3042,lluvia_ligera,5.0,348,135,14.4,-22.1,34.3,1896,cubierto,leve,humeda,1011,1000,1048.0,9.4,False,False,False,13,False,3,71,Precaución
-5.0,80,21.3,3039,nieve,12.1,8,225,12.8,-17.0,23.4,749,cubierto,leve,contaminada,1012,1000,-1160.0,-8.6,False,False,False,4,True,11,310,Peligro
20.4,60,19.6,7349,nublado,0.2,59,180,16.8,-10.1,27.4,1658,dispersas,leve,humeda,1002,2500,3748.0,13.6,False,False,False,12,False,1,9,Seguro
28.3,38,9.5,9848,despejado,0.0,258,225,5.2,8.0,11.4,13984,despejado,leve,seca,1029,0,1596.0,18.3,False,False,False,12,False,3,61,Seguro
8.7,95,8.4,2174,niebla,0.2,187,315,6.6,-5.2,11.8,467,cubierto,ninguna,humeda,1008,500,-136.0,7.7,True,False,False,7,False,10,273,Precaución
18.4,61,5.9,7351,nublado,0.7,142,45,5.9,-0.7,8.3,2146,nublado,leve,seca,1016,500,1028.0,6.5,False,False,False,4,True,7,203,Seguro
15.7,92,4.4,1642,niebla,1.5,26,315,4.2,1.4,5.3,241,cubierto,ninguna,mojada,1010,500,704.0,14.6,False,False,False,12,False,8,236,Precaución
7.4,95,9.7,2079,niebla,2.0,99,90,1.5,9.6,14.5,143,cubierto,ninguna,mojada,1015,500,-292.0,5.6,True,False,False,23,True,12,344,Precaución
24.5,51,16.3,6229,nublado,1.8,229,0,12.3,-10.7,24.5,2919,nublado,leve,humeda,1011,2000,3620.0,11.9,False,False,False,15,False,11,308,Seguro
-6.3,95,32.0,3361,nieve,13.3,198,315,28.5,-14.5,48.0,1094,cubierto,leve,nevada,1004,1000,-1316.0,-6.5,False,False,False,15,False,2,42,Peligro
17.4,93,5.7,2033,niebla,1.7,64,0,5.1,2.5,7.4,684,cubierto,ninguna,humeda,1004,500,908.0,16.1,False,False,False,23,True,2,49,Precaución
32.2,40,16.8,8848,despejado,0.0,211,270,14.4,8.7,23.5,14114,despejado,ninguna,seca,1028,2000,4544.0,20.9,False,False,False,12,False,5,134,Seguro
14.1,94,2.6,1808,niebla,0.6,284,0,2.5,0.6,2.9,589,cubierto,ninguna,mojada,1004,2500,2992.0,14.1,False,False,False,13,False,9,247,Precaución
19.2,88,22.0,6143,lluvia_ligera,7.3,80,0,21.7,3.8,30.8,1480,nublado,leve,mojada,1014,0,504.0,16.6,False,False,False,23,True,6,164,Precaución
-2.1,85,31.7,3856,nieve,8.6,242,225,9.3,30.3,41.2,1184,cubierto,leve,contaminada,1020,500,-1432.0,-5.6,False,False,True,1,True,3,65,Peligro
21.7,77,26.9,3552,lluvia_ligera,8.0,61,225,7.4,-25.9,32.3,1630,cubierto,leve,humeda,1007,500,1424.0,17.7,False,False,False,2,True,7,206,Precaución
17.2,79,13.0,3721,lluvia_ligera,3.2,45,0,9.2,9.2,14.3,1692,cubierto,leve,mojada,1013,2000,2744.0,13.7,False,False,False,4,True,11,325,Seguro
15.4,95,6.9,970,niebla,1.5,322,135,0.8,-6.8,8.3,336,cubierto,ninguna,humeda,1009,2500,3148.0,14.0,False,False,False,2,True,8,215,Precaución
23.2,72,22.8,7791,nublado,0.3,335,270,20.7,9.6,27.4,2826,dispersas,ninguna,seca,1017,2500,4084.0,20.3,False,False,False,10,False,10,274,Precaución
25.2,70,6.6,8765,nublado,0.4,158,315,2.6,-6.1,7.9,2590,nublado,leve,seca,1001,2000,3704.0,10.6,False,False,False,3,True,4,90,Seguro
17.7,98,7.9,1893,niebla,0.6,325,270,6.5,4.5,9.5,779,cubierto,ninguna,humeda,1011,500,944.0,16.0,False,False,False,21,True,5,125,Precaución
17.9,100,8.6,1522,niebla,1.9,18,180,2.7,-8.2,11.2,481,cubierto,ninguna,mojada,1006,2500,3448.0,16.3,False,False,False,3,True,1,10,Precaución
28.9,41,17.8,9522,despejado,0.0,262,45,10.7,-14.2,24.9,12039,despejado,ninguna,seca,1013,2000,4148.0,18.1,False,False,False,3,True,7,188,Seguro
26.2,34,4.0,9334,despejado,0.0,296,270,1.8,3.6,5.2,6297,despejado,leve,seca,1025,500,1964.0,14.9,False,False,False,0,True,12,332,Seguro
6.2,92,42.2,1941,tormenta,28.1,184,0,2.9,-42.1,59.1,948,cubierto,severa,mojada,1001,500,-436.0,4.7,True,True,True,23,True,1,7,Peligro
25.1,43,11.6,8132,despejado,0.0,293,270,4.5,10.7,17.4,9740,despejado,leve,seca,1024,1000,2452.0,14.3,False,False,False,5,True,7,207,Seguro
20.2,72,26.6,6373,lluvia_ligera,7.4,344,180,7.3,-25.6,39.9,2497,cubierto,leve,mojada,1011,0,624.0,17.7,False,False,False,17,False,10,280,Precaución
15.0,95,11.7,705,niebla,0.5,273,90,0.6,-11.7,16.4,346,cubierto,ninguna,mojada,1007,2500,3100.0,13.3,False,False,False,12,False,7,182,Peligro
26.0,57,18.0,6289,nublado,0.8,314,315,0.3,18.0,25.2,1671,nublado,ninguna,seca,1012,500,1940.0,19.8,False,False,False,16,False,10,285,Seguro
12.5,98,0.9,2140,niebla,0.9,137,180,0.6,0.7,1.2,136,cubierto,ninguna,mojada,1004,2000,2180.0,12.0,False,False,False,21,True,11,323,Precaución
20.7,73,21.4,8577,nublado,1.8,102,270,4.4,-20.9,30.0,2655,dispersas,ninguna,seca,1012,0,684.0,18.4,False,False,False,17,False,5,142,Seguro
23.9,54,12.7,8349,nublado,1.1,24,135,11.9,-4.6,17.8,3293,dispersas,leve,seca,1020,2500,4168.0,14.3,False,False,False,9,False,6,154,Seguro
19.8,76,44.2,3852,granizo,28.5,75,0,42.7,11.4,53.0,1964,cubierto,severa,mojada,1003,0,576.0,16.2,False,True,True,1,True,3,66,Peligro
18.5,52,16.0,7009,nublado,0.3,330,135,4.1,-15.5,22.4,3282,nublado,leve,humeda,1020,1000,1660.0,7.5,False,False,False,18,False,8,230,Seguro
23.4,50,11.4,7003,nublado,0.7,259,0,11.2,-2.2,16.0,1851,dispersas,leve,seca,1018,2000,3488.0,11.4,False,False,False,18,False,3,77,Seguro
29.4,50,5.9,8415,despejado,0.0,65,180,5.3,-2.5,8.3,10223,despejado,leve,seca,1012,0,1728.0,23.2,False,False,False,19,False,12,363,Seguro
15.1,72,17.4,3317,lluvia_ligera,3.9,307,135,2.4,-17.2,24.4,1180,cubierto,moderada,humeda,1004,0,12.0,12.3,False,False,False,1,True,2,49,Precaución
17.2,99,48.7,1662,tormenta,18.3,242,90,22.9,-43.0,53.6,305,cubierto,severa,mojada,992,2500,3364.0,15.7,False,True,False,2,True,2,54,Peligro
23.0,74,23.9,6074,nublado,0.8,205,135,22.5,8.2,28.7,2748,dispersas,ninguna,seca,1014,2500,4060.0,18.3,False,False,False,9,False,11,322,Precaución
-7.9,87,33.2,2046,nieve,9.5,82,315,26.5,-20.0,46.5,1949,cubierto,leve,contaminada,1020,2000,-268.0,-12.3,False,False,False,8,False,2,42,Peligro
5.8,96,9.5,1525,niebla,0.0,225,135,9.5,0.0,14.2,179,cubierto,ninguna,humeda,1008,1000,136.0,4.4,False,False,False,7,False,4,96,Precaución
17.1,95,2.8,1969,niebla,1.8,155,0,1.2,-2.5,3.4,315,cubierto,ninguna,humeda,1013,0,252.0,16.2,False,False,False,12,False,11,319,Precaución
12.3,56,24.9,7932,nublado,1.3,174,45,19.4,-15.7,29.9,2581,dispersas,ninguna,seca,1000,2500,2776.0,2.2,False,False,False,3,True,12,355,Seguro
13.7,74,19.0,3648,lluvia_ligera,4.1,179,225,13.7,13.2,24.7,1590,nublado,leve,mojada,1002,2000,2324.0,10.4,False,False,False,6,False,11,300,Precaución
34.5,45,1.8,8969,despejado,0.0,107,225,1.6,-0.8,2.5,9712,despejado,leve,seca,1029,500,2960.0,26.2,False,False,False,16,False,6,166,Seguro
11.3,98,3.6,2488,niebla,1.9,215,225,0.6,3.5,5.0,339,cubierto,ninguna,humeda,1018,2000,2036.0,10.1,False,False,False,5,True,9,263,Precaución
-0.6,75,22.0,1767,nieve,6.6,139,0,14.4,-16.6,30.8,1027,cubierto,moderada,contaminada,1019,2500,1228.0,-4.3,False,False,False,3,True,7,195,Peligro
21.3,86,23.7,5594,lluvia_ligera,3.4,94,315,15.5,-17.9,33.2,2445,nublado,leve,mojada,1016,2000,3236.0,19.0,False,False,False,19,False,2,56,Precaución
17.3,35,16.3,9905,despejado,0.0,354,270,16.2,1.7,24.5,5562,despejado,leve,seca,1022,0,276.0,11.6,False,False,False,11,False,2,38,Seguro
10.9,94,10.7,1830,niebla,0.4,331,180,5.2,-9.4,16.0,509,cubierto,ninguna,humeda,1002,2500,2608.0,10.8,False,False,False,10,False,10,285,Precaución
12.6,73,15.9,6163,lluvia_ligera,5.0,114,45,14.8,5.7,22.3,1434,nublado,leve,humeda,1013,2000,2192.0,8.9,False,False,False,1,True,7,209,Seguro
12.4,96,9.6,1090,niebla,1.1,295,225,9.0,3.3,11.5,608,cubierto,ninguna,mojada,1019,2500,2788.0,11.4,False,False,False,20,False,12,348,Precaución
0.1,94,13.6,3889,nieve,16.2,137,0,9.3,-9.9,17.7,1904,cubierto,moderada,contaminada,1009,500,-1168.0,-1.3,True,False,False,12,False,11,301,Peligro
21.3,33,8.2,9894,despejado,0.0,356,0,0.6,8.2,9.8,9751,despejado,leve,seca,1024,500,1376.0,9.6,False,False,False,10,False,7,200,Seguro
18.1,73,11.8,5892,lluvia_ligera,4.7,313,270,8.0,8.6,15.3,1543,nublado,moderada,mojada,1012,0,372.0,13.8,False,False,False,10,False,10,290,Seguro
24.2,52,19.0,8819,nublado,1.3,134,315,0.3,-19.0,24.7,3227,nublado,leve,humeda,1013,2500,4204.0,10.0,False,False,False,6,False,3,68,Seguro
27.0,63,16.4,7967,nublado,0.3,157,315,6.1,-15.2,19.7,2689,dispersas,leve,seca,1005,1000,2680.0,19.7,False,False,False,2,True,12,337,Seguro
15.8,78,27.9,3782,granizo,19.1,341,225,25.1,-12.2,39.1,1326,cubierto,severa,contaminada,1000,2000,2576.0,13.0,False,True,False,9,False,6,167,Peligro
14.3,87,40.4,4516,granizo,24.6,203,0,15.8,-37.2,48.5,1506,cubierto,severa,mojada,1009,500,536.0,10.8,False,True,False,0,True,4,99,Peligro
18.0,27,4.8,9137,despejado,0.0,16,135,4.2,-2.3,5.3,14545,despejado,leve,seca,1019,2000,2840.0,11.9,False,False,False,20,False,2,47,Seguro
12.0,92,1.6,1464,niebla,1.8,196,90,1.5,-0.4,1.8,151,cubierto,ninguna,humeda,1012,500,260.0,10.6,False,False,False,18,False,11,323,Peligro
21.7,87,13.8,4583,lluvia_ligera,2.1,113,180,12.7,5.4,16.6,1607,cubierto,leve,humeda,1002,500,1424.0,17.8,False,False,False,14,False,7,189,Precaución
19.0,52,11.8,8514,nublado,1.9,230,315,11.8,1.0,14.2,3124,nublado,ninguna,humeda,1017,2000,2960.0,9.7,False,False,False,21,True,11,300,Seguro
9.0,89,32.1,1766,lluvia_fuerte,21.0,264,0,31.9,-3.4,35.3,878,cubierto,moderada,mojada,982,2000,1760.0,5.3,False,False,True,6,False,12,364,Peligro
9.0,83,24.6,5900,lluvia_ligera,6.7,101,225,20.4,-13.8,32.0,1064,cubierto,leve,mojada,1000,1000,520.0,5.7,False,False,False,0,True,7,196,Precaución
16.5,96,0.1,682,niebla,1.0,82,45,0.1,0.1,0.1,767,cubierto,ninguna,humeda,1007,0,180.0,16.2,False,False,False,13,False,2,38,Peligro
8.1,95,37.2,2280,lluvia_fuerte,19.5,99,270,5.8,-36.7,55.8,1275,cubierto,moderada,contaminada,1005,2500,2272.0,6.2,True,False,False,7,False,12,363,Peligro
14.3,86,47.8,1813,granizo,13.0,240,90,23.9,-41.4,62.1,1091,cubierto,severa,mojada,1014,0,-84.0,12.2,False,True,False,1,True,1,2,Peligro
16.5,75,8.1,7425,nublado,1.6,341,0,2.6,7.7,11.3,2799,nublado,leve,seca,1002,500,800.0,13.5,False,False,False,10,False,7,190,Seguro
18.5,67,25.0,6296,nublado,1.8,73,180,23.9,-7.3,37.5,3966,dispersas,ninguna,humeda,1006,1000,1660.0,8.5,False,False,False,23,True,6,169,Precaución
19.5,83,19.7,5973,lluvia_ligera,4.7,356,135,12.9,-14.9,21.7,2334,cubierto,leve,mojada,1016,500,1160.0,15.0,False,False,False,12,False,4,96,Seguro
16.0,45,12.3,8037,despejado,0.0,156,315,4.4,-11.5,14.8,11988,despejado,leve,seca,1020,2000,2600.0,1.9,False,False,False,8,False,3,70,Seguro
7.6,98,2.0,2255,niebla,0.0,102,270,0.4,-2.0,2.8,678,cubierto,ninguna,mojada,1004,2000,1592.0,6.0,False,False,False,1,True,8,222,Precaución
0.9,75,23.8,1213,nieve,10.8,281,270,4.5,23.4,26.2,1172,cubierto,leve,contaminada,1003,2500,1408.0,-4.0,False,False,False,11,False,7,181,Peligro
20.7,85,23.3,3697,lluvia_ligera,7.5,301,270,12.0,20.0,25.6,953,nublado,leve,humeda,1006,1000,1924.0,17.1,False,False,False,13,False,3,88,Precaución
15.8,92,52.9,2773,tormenta,34.3,239,180,45.3,27.2,63.5,502,cubierto,moderada,contaminada,987,2000,2576.0,13.9,False,True,False,17,False,7,188,Peligro
13.3,60,9.6,7297,nublado,1.3,185,315,7.4,-6.2,12.5,2595,nublado,leve,humeda,1005,0,-204.0,7.0,False,False,False,7,False,12,339,Seguro
18.3,40,15.9,9204,despejado,0.0,183,90,15.9,-0.8,17.5,9766,despejado,ninguna,seca,1022,1000,1636.0,8.8,False,False,False,11,False,6,164,Seguro
20.1,39,4.5,8905,despejado,0.0,264,180,4.5,0.5,6.3,14498,despejado,ninguna,seca,1011,0,612.0,13.9,False,False,False,23,True,6,172,Seguro
16.8,95,4.0,2071,niebla,0.2,190,225,2.3,3.3,4.4,221,cubierto,ninguna,mojada,1019,2500,3316.0,16.3,False,False,False,21,True,3,77,Precaución
15.4,100,2.4,1519,niebla,1.2,242,45,0.7,-2.3,2.6,680,cubierto,ninguna,mojada,1010,2000,2528.0,14.2,False,False,False,14,False,7,198,Precaución
19.8,83,28.7,3714,lluvia_ligera,4.9,307,135,4.0,-28.4,34.4,2416,nublado,leve,humeda,1012,2000,3056.0,16.4,False,False,False,15,False,1,14,Precaución
-5.0,82,21.6,3949,nieve,17.2,151,270,18.9,-10.5,23.8,1722,cubierto,moderada,nevada,1012,0,-2400.0,-8.0,False,False,False,8,False,11,320,Peligro
21.2,53,7.0,7123,nublado,1.6,237,315,6.8,1.5,9.1,2873,nublado,leve,humeda,1002,2500,3844.0,7.6,False,False,False,4,True,5,138,Seguro
10.7,100,1.4,2342,niebla,1.2,223,90,1.0,-1.0,1.8,360,cubierto,ninguna,humeda,1017,500,104.0,10.0,False,False,False,2,True,12,341,Precaución
13.2,93,8.1,1773,niebla,1.3,330,180,4.0,-7.0,9.7,200,cubierto,ninguna,mojada,1005,2500,2884.0,11.3,False,False,False,21,True,11,305,Precaución
28.4,26,2.1,8756,despejado,0.0,325,180,1.2,-1.7,2.5,10130,despejado,leve,seca,1011,500,2228.0,20.8,False,False,False,18,False,5,149,Seguro
13.8,89,17.5,4740,lluvia_ligera,3.2,78,0,17.1,3.6,21.0,906,nublado,leve,humeda,1017,0,-144.0,9.9,False,False,False,2,True,5,138,Precaución
6.4,90,52.0,1103,tormenta,21.5,77,45,27.6,44.1,67.6,993,cubierto,moderada,contaminada,997,0,-1032.0,3.1,False,True,False,10,False,10,294,Peligro
17.3,99,11.9,1278,niebla,0.1,243,45,3.7,-11.3,15.5,599,cubierto,ninguna,humeda,1002,500,896.0,15.9,False,False,False,22,True,11,324,Precaución
27.2,61,20.7,7257,nublado,0.9,66,315,19.3,-7.4,29.0,3032,dispersas,leve,seca,1008,1000,2704.0,17.0,False,False,False,15,False,2,59,Precaución
15.6,90,37.0,2487,tormenta,34.6,153,225,35.2,11.4,40.7,743,cubierto,severa,mojada,989,1000,1312.0,13.0,False,True,False,2,True,3,71,Peligro
13.6,71,21.7,8004,nublado,0.3,84,90,2.3,21.6,30.4,2277,dispersas,leve,seca,1011,2000,2312.0,9.7,False,False,False,10,False,8,230,Seguro
32.7,49,0.1,8369,despejado,0.0,219,315,0.1,-0.0,0.1,8809,despejado,leve,seca,1010,1000,3364.0,26.8,False,False,False,2,True,5,120,Seguro
18.1,28,17.0,8478,despejado,0.0,167,45,14.4,-9.0,20.4,11303,despejado,leve,seca,1016,2500,3472.0,3.2,False,False,False,5,True,4,111,Seguro
25.3,51,0.8,8523,despejado,0.0,178,225,0.6,0.5,1.1,10790,despejado,leve,seca,1019,1000,2476.0,12.7,False,False,False,18,False,10,293,Seguro
16.7,88,24.7,3346,lluvia_ligera,8.0,135,90,17.5,17.5,32.1,2247,cubierto,leve,mojada,1012,500,824.0,14.6,False,False,False,4,True,10,288,Precaución
12.9,54,15.3,8158,nublado,0.4,144,315,2.4,-15.1,23.0,2200,dispersas,leve,humeda,1014,500,368.0,7.4,False,False,False,7,False,4,115,Seguro
15.1,85,25.5,4438,lluvia_ligera,2.5,244,225,8.3,24.1,33.1,1295,cubierto,leve,mojada,1014,2000,2492.0,11.6,False,False,False,15,False,4,90,Precaución
17.2,36,9.3,8083,despejado,0.0,89,180,9.3,-0.2,12.1,10989,despejado,leve,seca,1016,500,884.0,2.4,False,False,False,7,False,10,277,Seguro
12.0,97,11.2,1053,niebla,1.8,57,225,2.3,-11.0,12.3,537,cubierto,ninguna,mojada,1019,0,-360.0,11.2,False,False,False,8,False,9,243,Precaución
15.7,98,1.1,2276,niebla,1.6,0,0,0.0,1.1,1.7,774,cubierto,ninguna,humeda,1016,2500,3184.0,15.7,False,False,False,20,False,3,79,Precaución
25.9,75,11.4,8938,nublado,0.5,198,0,3.5,-10.8,16.0,1665,nublado,leve,humeda,1016,0,1308.0,22.6,False,False,False,15,False,12,347,Seguro
20.5,73,19.6,5214,lluvia_ligera,3.4,14,270,19.0,-4.7,29.4,1233,nublado,moderada,humeda,1010,2000,3140.0,16.2,False,False,False,7,False,5,132,Precaución
26.3,28,5.3,8269,despejado,0.0,26,270,4.8,-2.3,5.8,12501,despejado,leve,seca,1017,2500,4456.0,17.4,False,False,False,3,True,6,172,Seguro
13.2,69,16.8,8846,nublado,1.3,214,180,9.4,13.9,20.2,1810,nublado,ninguna,seca,1017,2500,2884.0,3.0,False,False,False,21,True,1,2,Seguro
26.4,65,20.7,7797,nublado,1.7,193,315,17.6,-11.0,29.0,2930,nublado,leve,humeda,1019,1000,2608.0,20.0,False,False,False,8,False,10,292,Precaución
5.2,97,7.8,1351,niebla,1.5,237,180,6.5,4.2,9.4,107,cubierto,ninguna,mojada,1003,2500,1924.0,4.2,True,False,False,3,True,11,304,Peligro
8.3,73,24.4,5159,lluvia_ligera,4.5,163,45,21.5,-11.5,29.3,1288,nublado,leve,mojada,1019,2500,2296.0,4.2,False,False,False,12,False,11,304,Precaución
22.9,29,13.7,9655,despejado,0.0,291,270,4.9,12.8,16.4,10379,despejado,leve,seca,1021,1000,2188.0,9.7,False,False,False,11,False,8,227,Seguro
27.7,72,24.0,8836,nublado,1.8,281,45,19.9,-13.4,31.2,2991,nublado,leve,humeda,1004,0,1524.0,24.4,False,False,False,1,True,7,188,Precaución
24.3,70,10.8,7383,nublado,1.7,178,180,0.4,10.8,16.2,2997,dispersas,leve,seca,1015,1000,2356.0,14.6,False,False,False,16,False,7,194,Seguro
18.2,87,28.8,3381,lluvia_ligera,4.0,310,225,28.7,2.5,34.6,2056,cubierto,moderada,humeda,1003,1000,1624.0,15.6,False,False,False,6,False,8,210,Peligro
19.6,66,11.0,6350,nublado,0.3,155,180,4.6,10.0,14.3,1957,dispersas,leve,seca,1017,2000,3032.0,9.2,False,False,False,6,False,5,123,Seguro
26.5,62,8.6,7098,nublado,1.3,318,180,5.8,-6.4,11.2,3819,dispersas,leve,humeda,1005,2000,3860.0,17.0,False,False,False,22,True,4,118,Seguro
12.2,63,5.7,6958,nublado,1.0,282,270,1.2,5.6,6.8,2135,dispersas,leve,seca,1011,500,284.0,2.6,False,False,False,10,False,12,348,Seguro
7.1,98,6.6,2051,niebla,1.9,206,180,2.9,5.9,9.2,144,cubierto,ninguna,humeda,1010,1000,292.0,6.8,True,False,False,17,False,4,93,Precaución
16.4,57,13.8,7794,nublado,1.9,226,0,9.9,-9.6,19.3,2906,nublado,leve,seca,1006,0,168.0,10.7,False,False,False,10,False,12,358,Seguro
14.5,67,22.4,7587,nublado,0.3,220,135,22.3,2.0,24.6,1906,dispersas,leve,humeda,1004,2000,2420.0,4.6,False,False,False,12,False,11,322,Precaución
16.4,93,3.7,871,niebla,1.2,145,225,3.6,0.6,4.8,463,cubierto,ninguna,mojada,1010,1000,1408.0,16.1,False,False,False,2,True,12,357,Precaución
23.7,26,5.1,9539,despejado,0.0,309,225,5.1,0.5,6.1,5033,despejado,leve,seca,1020,2500,4144.0,16.2,False,False,False,19,False,10,287,Seguro
30.2,28,10.3,9278,despejado,0.0,52,315,10.2,-1.3,15.5,14911,despejado,leve,seca,1010,2500,4924.0,17.2,False,False,False,17,False,2,42,Seguro
18.2,80,21.9,6533,lluvia_ligera,3.0,79,45,12.2,18.2,30.7,2471,nublado,moderada,mojada,1008,1000,1624.0,16.0,False,False,False,19,False,8,211,Precaución
8.9,90,11.7,6483,lluvia_ligera,2.9,57,135,11.4,2.4,15.2,2497,nublado,leve,mojada,1013,2500,2368.0,5.6,False,False,False,15,False,7,206,Seguro
9.8,96,25.5,3949,lluvia_fuerte,22.6,307,135,3.5,-25.3,28.1,344,cubierto,moderada,mojada,1005,2500,2476.0,8.5,True,False,False,0,True,6,151,Peligro
13.1,100,10.0,2446,niebla,1.8,214,90,8.3,-5.6,15.0,584,cubierto,ninguna,humeda,1014,0,-228.0,11.2,False,False,False,2,True,11,315,Precaución
18.6,70,22.7,5570,lluvia_ligera,5.7,156,135,8.1,21.2,27.2,2423,cubierto,leve,mojada,1018,2500,3532.0,7.7,False,False,False,20,False,10,299,Precaución
16.7,74,12.2,5414,lluvia_ligera,6.0,62,180,10.8,-5.7,14.6,1914,cubierto,leve,humeda,1005,500,824.0,14.5,False,False,False,11,False,6,160,Seguro
19.6,57,21.5,7894,nublado,1.2,173,90,21.3,2.6,27.9,1985,dispersas,leve,seca,1018,2500,3652.0,8.5,False,False,False,11,False,5,135,Precaución
19.0,50,16.8,6443,nublado,1.0,308,225,16.7,2.0,20.2,3436,nublado,leve,humeda,1012,1000,1720.0,8.8,False,False,False,16,False,11,315,Seguro
22.3,40,11.8,8891,despejado,0.0,330,270,10.2,5.9,16.5,8375,despejado,ninguna,seca,1027,500,1496.0,11.2,False,False,False,2,True,2,38,Seguro
15.7,86,21.1,4612,lluvia_ligera,4.3,12,180,4.4,-20.6,25.3,2418,nublado,leve,humeda,1007,1000,1324.0,11.4,False,False,False,17,False,1,29,Precaución
14.6,93,4.1,1790,niebla,1.8,221,315,4.1,-0.3,4.9,293,cubierto,ninguna,mojada,1007,2500,3052.0,14.0,False,False,False,6,False,7,198,Precaución
18.1,45,4.7,8752,despejado,0.0,157,45,4.4,-1.8,6.1,7357,despejado,ninguna,seca,1013,500,992.0,10.5,False,False,False,18,False,9,248,Seguro
-3.6,84,14.1,2430,nieve,19.1,223,135,14.1,0.5,21.1,1386,cubierto,moderada,nevada,1018,2000,248.0,-8.1,False,False,False,17,False,11,306,Peligro
9.7,79,20.8,6740,lluvia_ligera,2.6,300,0,18.0,10.4,25.0,2476,cubierto,leve,humeda,1006,2500,2464.0,6.4,False,False,False,21,True,12,338,Precaución
8.4,89,10.0,5780,lluvia_ligera,2.9,301,315,2.4,9.7,14.0,1177,nublado,leve,humeda,1012,1000,448.0,5.9,True,False,False,1,True,5,126,Precaución
20.2,36,13.9,8127,despejado,0.0,157,270,12.8,-5.4,18.1,6936,despejado,leve,seca,1026,1000,1864.0,8.3,False,False,False,20,False,6,152,Seguro
13.4,74,12.1,3300,lluvia_ligera,7.6,216,135,12.0,1.9,16.9,2391,nublado,leve,humeda,1017,2000,2288.0,9.5,False,False,False,13,False,6,159,Precaución
6.7,95,6.1,1202,niebla,1.5,107,270,1.8,-5.8,8.5,584,cubierto,ninguna,mojada,1019,2500,2104.0,6.0,True,False,False,10,False,8,230,Precaución
-5.7,93,14.4,3226,nieve,14.3,265,270,1.3,14.3,18.7,1748,cubierto,leve,contaminada,1014,0,-2484.0,-6.0,False,False,False,13,False,3,68,Precaución
24.0,36,7.7,9096,despejado,0.0,167,45,6.5,-4.1,10.0,7325,despejado,leve,seca,1017,2500,4180.0,14.7,False,False,False,23,True,7,193,Seguro
16.7,100,10.3,2122,niebla,0.8,109,225,9.3,-4.5,12.4,759,cubierto,ninguna,mojada,1003,2500,3304.0,15.4,False,False,False,9,False,11,320,Precaución
10.9,94,47.5,2674,tormenta,29.0,43,45,1.7,47.5,61.8,857,cubierto,severa,contaminada,982,0,-492.0,10.8,False,True,False,6,False,9,269,Peligro
22.7,46,9.1,8656,despejado,0.0,89,0,9.1,0.2,10.9,8487,despejado,ninguna,seca,1020,1000,2164.0,17.2,False,False,False,13,False,9,261,Seguro
13.3,72,13.4,8054,nublado,1.9,121,315,3.2,-13.0,16.1,3213,dispersas,ninguna,seca,1013,1000,1036.0,9.8,False,False,False,14,False,4,90,Seguro
14.6,56,21.6,8604,nublado,0.9,291,0,20.2,7.7,28.1,2760,dispersas,leve,seca,1010,2000,2432.0,3.8,False,False,False,22,True,6,166,Precaución
12.5,94,5.1,852,niebla,0.5,189,45,3.0,-4.1,6.1,774,cubierto,ninguna,mojada,1008,1000,940.0,11.4,False,False,False,5,True,2,47,Precaución
22.0,59,20.3,7377,nublado,1.1,163,90,19.4,5.9,24.4,3782,dispersas,ninguna,humeda,1014,1000,2080.0,7.1,False,False,False,8,False,7,209,Precaución
9.2,95,6.5,2256,niebla,0.4,239,270,3.3,5.6,8.5,662,cubierto,ninguna,humeda,1013,0,-696.0,7.5,True,False,False,16,False,1,26,Precaución
33.8,46,17.9,8444,despejado,0.0,61,180,15.7,-8.7,25.1,14820,despejado,ninguna,seca,1014,2000,4736.0,22.2,False,False,False,20,False,10,290,Seguro
18.5,41,18.6,8709,despejado,0.0,345,225,16.1,-9.3,24.2,12550,despejado,ninguna,seca,1013,2500,3520.0,6.9,False,False,False,16,False,2,44,Seguro
-0.3,82,25.5,3244,nieve,7.4,355,225,19.5,-16.4,35.7,1387,cubierto,moderada,nevada,1013,2500,1264.0,-4.7,False,False,False,17,False,12,356,Peligro
17.0,71,20.7,3193,lluvia_ligera,7.8,222,270,15.4,13.9,26.9,1588,nublado,leve,humeda,1001,500,860.0,14.7,False,False,False,5,True,4,114,Precaución
15.8,59,17.9,6747,nublado,1.7,90,180,17.9,0.0,25.1,2859,nublado,leve,humeda,1004,2500,3196.0,1.8,False,False,False,19,False,10,272,Seguro
18.8,73,23.8,6405,nublado,1.7,199,90,22.5,-7.7,30.9,2062,nublado,leve,seca,1001,0,456.0,16.4,False,False,False,21,True,3,86,Precaución
24.6,50,20.4,8535,nublado,1.5,91,135,14.2,14.7,26.5,3539,dispersas,ninguna,seca,1006,0,1152.0,12.3,False,False,False,9,False,1,14,Seguro
24.6,66,12.9,8359,nublado,1.5,282,90,2.7,-12.6,15.5,2634,nublado,leve,seca,1006,2500,4252.0,18.2,False,False,False,14,False,10,279,Seguro
8.7,89,11.1,4422,lluvia_ligera,7.9,278,45,8.9,-6.7,13.3,1686,cubierto,moderada,humeda,1011,1000,484.0,6.1,True,False,False,18,False,12,354,Precaución
20.0,78,21.0,3414,lluvia_ligera,6.0,264,135,16.3,-13.2,23.1,2395,nublado,moderada,humeda,1004,2500,3700.0,17.2,False,False,False,15,False,11,303,Precaución
10.6,96,1.0,2404,niebla,0.1,173,270,1.0,-0.1,1.1,743,cubierto,ninguna,humeda,1005,2500,2572.0,9.2,False,False,False,12,False,8,222,Precaución
6.3,98,9.6,1993,niebla,0.9,349,135,5.4,-8.0,11.5,359,cubierto,ninguna,mojada,1007,1000,196.0,5.4,True,False,False,1,True,6,167,Precaución
6.7,92,9.6,1528,niebla,0.1,338,135,3.8,-8.8,12.5,627,cubierto,ninguna,humeda,1020,0,-996.0,4.9,True,False,False,3,True,6,176,Precaución
25.6,68,17.6,8840,nublado,0.3,276,225,13.7,11.1,19.4,1715,nublado,leve,humeda,1006,2500,4372.0,18.9,False,False,False,10,False,12,353,Seguro
10.9,85,39.9,1567,granizo,22.6,149,225,38.7,9.7,43.9,1677,cubierto,severa,mojada,1011,500,128.0,7.2,False,True,False,5,True,12,341,Peligro
-2.3,90,14.5,3326,nieve,14.9,116,90,6.4,13.0,21.8,1723,cubierto,moderada,contaminada,1016,500,-1456.0,-7.1,False,False,False,13,False,12,336,Precaución
19.0,56,7.2,6260,nublado,1.6,98,180,7.1,1.0,8.6,1832,nublado,leve,seca,1008,0,480.0,11.6,False,False,False,15,False,5,140,Seguro
14.9,85,25.4,4704,lluvia_ligera,3.4,98,270,3.5,-25.2,30.5,2327,cubierto,moderada,humeda,1001,2500,3088.0,10.1,False,False,False,5,True,1,28,Precaución
14.7,70,14.5,7693,nublado,1.5,350,180,2.5,-14.3,17.4,2100,dispersas,leve,seca,1010,2500,3064.0,7.0,False,False,False,23,True,2,35,Seguro
18.6,66,18.0,8985,nublado,0.8,288,180,17.1,-5.6,23.4,2545,dispersas,leve,seca,1009,2500,3532.0,10.7,False,False,False,10,False,8,223,Seguro
27.4,61,18.9,8229,nublado,1.5,290,315,8.0,17.1,26.5,2872,dispersas,leve,humeda,1005,2500,4588.0,13.0,False,False,False,1,True,10,286,Seguro
19.8,57,11.0,6510,nublado,0.1,357,90,11.0,-0.6,13.2,2774,dispersas,leve,seca,1003,2000,3056.0,8.8,False,False,False,8,False,7,200,Seguro
17.4,50,14.2,9025,despejado,0.0,347,270,13.8,3.2,15.6,13741,despejado,ninguna,seca,1021,1000,1528.0,2.4,False,False,False,8,False,10,287,Seguro
21.3,51,17.1,7238,nublado,1.1,226,0,12.3,-11.9,25.7,3264,nublado,leve,seca,1004,2000,3236.0,13.2,False,False,False,14,False,10,286,Seguro
14.3,94,9.4,2316,niebla,1.6,327,0,5.1,7.9,12.2,654,cubierto,ninguna,humeda,1017,2000,2396.0,12.9,False,False,False,12,False,12,338,Precaución
7.8,96,11.5,2214,niebla,1.2,117,315,3.6,-10.9,16.1,756,cubierto,ninguna,humeda,1015,500,-244.0,7.3,True,False,False,16,False,1,2,Precaución
28.0,27,14.7,8163,despejado,0.0,91,180,14.7,0.3,17.6,13599,despejado,ninguna,seca,1028,0,1560.0,22.4,False,False,False,15,False,6,152,Seguro
18.7,26,5.5,8007,despejado,0.0,292,225,5.1,2.1,6.1,11854,despejado,leve,seca,1015,2000,2924.0,10.3,False,False,False,22,True,2,32,Seguro
14.7,88,31.6,1238,tormenta,19.8,342,270,30.1,9.8,44.2,489,cubierto,severa,mojada,996,0,-36.0,12.3,False,True,False,0,True,6,168,Peligro
17.4,97,7.6,2018,niebla,0.9,271,180,7.6,-0.1,9.9,742,cubierto,ninguna,humeda,1011,500,908.0,16.0,False,False,False,10,False,10,295,Precaución
15.2,52,8.4,9663,despejado,0.0,163,180,2.5,8.0,10.1,5831,despejado,ninguna,seca,1015,1000,1264.0,0.5,False,False,False,20,False,12,352,Seguro
31.4,43,17.9,8494,despejado,0.0,339,225,16.4,-7.3,25.1,9164,despejado,ninguna,seca,1011,2500,5068.0,17.2,False,False,False,12,False,9,258,Seguro
15.0,73,6.9,7725,nublado,0.4,153,180,3.1,6.1,9.0,2264,dispersas,leve,humeda,1008,0,0.0,12.7,False,False,False,7,False,8,230,Seguro
8.4,92,54.9,2446,tormenta,31.1,296,180,49.3,-24.1,71.4,839,cubierto,moderada,mojada,988,0,-792.0,7.3,True,True,False,16,False,9,244,Peligro
8.8,99,50.4,2512,tormenta,31.1,236,270,28.2,41.8,70.6,440,cubierto,severa,contaminada,981,0,-744.0,8.7,True,True,True,3,True,3,76,Peligro
-7.0,78,25.6,3853,nieve,11.9,325,45,25.2,4.4,33.3,1062,cubierto,leve,contaminada,1008,0,-2640.0,-11.9,False,False,False,3,True,1,20,Peligro
16.0,95,7.0,1545,niebla,0.6,153,180,3.2,6.2,9.1,265,cubierto,ninguna,humeda,1003,500,740.0,14.5,False,False,False,8,False,8,222,Precaución
19.0,33,7.1,9081,despejado,0.0,271,225,5.1,4.9,8.5,13259,despejado,leve,seca,1025,500,1100.0,9.2,False,False,False,8,False,11,307,Seguro
8.4,81,21.5,6798,lluvia_ligera,2.9,210,0,10.7,-18.6,23.7,2013,cubierto,leve,humeda,1018,1000,448.0,5.5,True,False,False,21,True,12,359,Precaución
9.7,95,10.2,2110,niebla,0.9,52,315,10.1,-1.2,15.3,428,cubierto,ninguna,humeda,1004,2500,2464.0,8.9,True,False,False,5,True,12,339,Precaución
32.5,53,12.1,8050,despejado,0.0,270,180,12.1,0.0,16.9,5160,despejado,ninguna,seca,1010,2000,4580.0,18.5,False,False,False,4,True,4,98,Seguro
6.4,99,4.8,1881,niebla,0.8,296,225,4.5,1.6,5.8,679,cubierto,ninguna,mojada,1013,0,-1032.0,6.3,True,False,False,20,False,4,118,Precaución
30.3,27,5.6,8229,despejado,0.0,198,90,5.3,-1.7,7.3,13296,despejado,ninguna,seca,1011,2000,4316.0,20.0,False,False,False,22,True,2,42,Seguro
16.1,36,4.3,9450,despejado,0.0,328,315,1.0,4.2,4.7,13342,despejado,leve,seca,1025,0,132.0,4.0,False,False,False,23,True,5,145,Seguro
15.0,55,10.1,6330,nublado,0.2,6,135,7.8,-6.4,11.1,3292,nublado,leve,humeda,1019,0,0.0,1.2,False,False,False,20,False,5,137,Seguro
15.1,25,2.2,8925,despejado,0.0,191,270,2.2,0.4,3.3,11801,despejado,leve,seca,1010,500,632.0,7.0,False,False,False,19,False,5,136,Seguro
12.4,66,6.8,7028,nublado,0.8,273,225,5.1,4.6,10.2,2728,dispersas,leve,humeda,1009,500,308.0,-0.0,False,False,False,20,False,2,37,Seguro
17.8,76,20.3,6911,lluvia_ligera,3.3,155,180,8.6,18.4,26.4,1502,cubierto,leve,mojada,1017,2500,3436.0,13.6,False,False,False,20,False,1,8,Seguro
17.0,51,7.8,8749,nublado,1.3,202,315,7.2,-3.0,11.7,2188,nublado,leve,humeda,1004,2000,2720.0,11.1,False,False,False,11,False,7,182,Seguro
13.9,57,20.7,6326,nublado,0.0,157,270,19.1,-8.1,29.0,3681,dispersas,leve,humeda,1010,1000,1108.0,7.7,False,False,False,23,True,8,219,Precaución
25.5,27,17.7,8007,despejado,0.0,144,270,14.3,-10.4,26.5,12543,despejado,ninguna,seca,1016,2000,3740.0,20.2,False,False,False,13,False,9,262,Seguro
25.9,60,24.0,7181,nublado,1.9,263,135,18.9,-14.8,26.4,1841,nublado,ninguna,humeda,1017,2500,4408.0,14.5,False,False,False,2,True,7,195,Precaución
13.7,81,20.9,3600,lluvia_ligera,4.6,322,180,12.9,-16.5,31.3,1344,nublado,moderada,mojada,1006,0,-156.0,10.0,False,False,False,13,False,2,51,Precaución
17.9,90,25.7,3913,lluvia_ligera,7.9,99,315,15.1,-20.8,36.0,2052,cubierto,leve,mojada,1012,1000,1588.0,13.5,False,False,False,10,False,2,59,Precaución
26.4,68,12.1,7905,nublado,1.5,148,315,2.7,-11.8,14.5,3240,dispersas,leve,humeda,1018,0,1368.0,17.7,False,False,False,16,False,10,298,Seguro
28.2,44,5.6,9220,despejado,0.0,346,90,5.4,-1.4,7.8,13351,despejado,ninguna,seca,1021,2500,4684.0,19.5,False,False,False,8,False,9,241,Seguro
14.8,73,25.2,6423,lluvia_ligera,4.8,84,90,2.6,25.1,35.3,1559,cubierto,leve,humeda,1005,2500,3076.0,10.2,False,False,False,11,False,2,59,Precaución
16.8,84,14.0,6971,lluvia_ligera,7.9,67,0,12.9,5.5,19.6,2033,cubierto,moderada,mojada,1018,0,216.0,14.1,False,False,False,14,False,11,315,Precaución
21.2,46,7.6,8103,despejado,0.0,338,135,3.0,-7.0,9.1,7438,despejado,leve,seca,1012,2500,3844.0,8.7,False,False,False,8,False,4,102,Seguro
14.9,63,16.9,6919,nublado,0.3,134,270,11.7,-12.2,25.3,2127,nublado,leve,seca,1013,500,608.0,3.6,False,False,False,13,False,3,66,Seguro
16.3,78,15.0,5819,lluvia_ligera,3.5,149,225,14.6,3.6,18.0,915,nublado,leve,mojada,1011,1000,1396.0,14.2,False,False,False,18,False,4,108,Precaución
-6.5,88,11.1,3260,nieve,14.6,353,0,1.4,11.0,13.3,762,cubierto,moderada,contaminada,1012,1000,-1340.0,-8.8,False,False,False,14,False,10,298,Peligro
1.5,76,18.9,2988,nieve,8.7,62,90,8.9,16.7,22.7,619,cubierto,leve,nevada,1014,2000,860.0,-2.4,False,False,False,21,True,7,186,Precaución
13.0,65,20.0,6061,nublado,0.1,101,135,11.2,16.6,28.0,2477,dispersas,leve,seca,1000,2000,2240.0,6.3,False,False,False,9,False,12,343,Seguro
16.2,76,43.9,1966,granizo,16.9,303,315,9.1,42.9,57.1,727,cubierto,severa,contaminada,1009,0,144.0,13.5,False,True,False,19,False,1,29,Peligro
14.3,60,23.6,6578,nublado,1.3,145,315,4.1,-23.2,26.0,1891,dispersas,ninguna,humeda,1000,1000,1156.0,6.7,False,False,False,9,False,1,19,Seguro
19.1,91,38.2,2642,lluvia_fuerte,17.1,258,315,32.0,20.8,49.7,583,cubierto,moderada,mojada,993,0,492.0,17.5,False,True,False,16,False,9,268,Peligro
34.4,46,1.7,9822,despejado,0.0,333,315,0.5,1.6,2.4,14494,despejado,leve,seca,1020,500,2948.0,22.5,False,False,False,8,False,5,129,Seguro
12.2,72,42.4,2755,granizo,14.8,277,180,42.1,-5.2,63.6,1331,cubierto,severa,contaminada,1006,0,-336.0,10.2,False,True,False,9,False,3,62,Peligro
27.3,72,5.4,6468,nublado,1.3,133,90,3.7,3.9,8.1,3007,dispersas,leve,seca,1004,2500,4576.0,22.6,False,False,False,11,False,6,171,Seguro
23.5,52,12.3,8664,despejado,0.0,68,90,4.6,11.4,14.8,12922,despejado,ninguna,seca,1028,1000,2260.0,16.8,False,False,False,5,True,1,26,Seguro
18.9,88,25.1,6473,lluvia_ligera,5.1,277,315,15.5,19.8,32.6,862,cubierto,leve,mojada,1010,500,1088.0,16.1,False,False,False,15,False,12,337,Precaución
22.8,75,14.0,6526,nublado,0.7,297,315,4.3,13.3,19.6,2328,dispersas,leve,humeda,1018,0,936.0,18.3,False,False,False,0,True,11,307,Seguro
13.5,62,21.1,7511,nublado,1.2,253,180,20.2,6.2,27.4,3021,dispersas,leve,seca,1015,1000,1060.0,3.6,False,False,False,5,True,6,162,Precaución
15.6,92,8.6,2396,niebla,1.0,1,0,0.2,8.6,9.5,123,cubierto,ninguna,humeda,1005,0,72.0,15.5,False,False,False,17,False,6,165,Precaución
9.7,90,19.2,6152,lluvia_ligera,7.5,91,90,0.3,19.2,26.9,1514,cubierto,leve,mojada,1010,500,-16.0,5.0,False,False,False,14,False,7,199,Seguro
14.4,82,17.1,5773,lluvia_ligera,4.2,136,270,12.3,-11.9,20.5,1967,nublado,leve,humeda,1008,2000,2408.0,11.3,False,False,False,10,False,9,242,Seguro
10.4,100,2.8,740,niebla,2.0,276,0,2.8,0.3,3.6,197,cubierto,ninguna,mojada,1020,500,68.0,9.8,False,False,False,6,False,2,58,Peligro
20.7,77,20.9,5606,lluvia_ligera,4.7,230,180,16.0,13.4,29.3,1147,nublado,moderada,humeda,1013,2000,3164.0,17.4,False,False,False,7,False,5,140,Precaución
9.7,88,22.3,5152,lluvia_ligera,3.4,114,180,20.4,9.1,29.0,2185,cubierto,leve,mojada,1001,500,-16.0,6.8,True,False,False,12,False,6,164,Precaución
21.5,79,18.7,4172,lluvia_ligera,4.6,52,315,18.6,-2.3,22.4,1227,cubierto,leve,mojada,1007,500,1400.0,18.8,False,False,False,13,False,12,347,Precaución
13.6,81,10.4,6419,lluvia_ligera,2.4,244,0,9.3,-4.6,13.5,2076,cubierto,moderada,mojada,1010,2000,2312.0,9.1,False,False,False,13,False,10,286,Seguro
22.4,72,14.6,7005,nublado,1.5,331,315,4.0,14.0,19.0,3958,dispersas,leve,humeda,1005,0,888.0,20.3,False,False,False,11,False,3,67,Seguro
19.4,66,23.8,6388,nublado,1.2,227,225,0.8,23.8,26.2,1578,dispersas,leve,humeda,1005,500,1148.0,8.1,False,False,False,12,False,11,318,Seguro
18.8,72,11.1,7141,nublado,0.3,221,90,8.4,-7.3,12.2,3200,nublado,ninguna,humeda,1000,1000,1696.0,16.6,False,False,False,17,False,4,97,Seguro
16.6,75,17.1,6020,lluvia_ligera,5.3,181,45,11.9,-12.3,25.7,1019,nublado,leve,humeda,1020,2500,3292.0,12.0,False,False,False,0,True,1,12,Precaución
21.5,72,21.4,6982,nublado,0.3,279,180,21.1,-3.3,32.1,3588,nublado,leve,humeda,1001,500,1400.0,18.3,False,False,False,9,False,6,176,Precaución
10.1,94,1.3,2364,niebla,1.0,71,225,0.6,-1.2,1.7,418,cubierto,ninguna,mojada,1006,1000,652.0,8.4,False,False,False,13,False,10,277,Precaución
14.0,63,10.5,8011,nublado,1.3,147,270,8.8,-5.7,13.7,2211,nublado,leve,humeda,1016,2000,2360.0,7.3,False,False,False,14,False,4,105,Seguro
25.9,64,21.6,7061,nublado,1.2,186,270,21.5,2.3,25.9,3593,dispersas,leve,seca,1017,1000,2548.0,11.6,False,False,False,5,True,11,320,Precaución
20.6,69,13.9,6890,nublado,1.6,48,135,13.9,0.7,19.5,2305,nublado,leve,seca,1008,0,672.0,13.3,False,False,False,12,False,11,311,Seguro
22.9,74,14.2,6457,nublado,0.8,1,315,10.2,9.9,19.9,2407,dispersas,leve,seca,1005,1000,2188.0,20.1,False,False,False,16,False,5,123,Seguro
16.3,70,22.1,5683,lluvia_ligera,4.5,175,90,22.0,1.9,33.2,1148,cubierto,leve,humeda,1011,2000,2636.0,9.4,False,False,True,2,True,9,245,Peligro
15.9,94,8.7,2067,niebla,0.6,155,315,3.0,-8.2,12.2,523,cubierto,ninguna,mojada,1020,1000,1348.0,15.6,False,False,False,6,False,2,55,Precaución
9.6,77,26.0,5830,lluvia_ligera,3.2,137,90,19.0,17.7,36.4,1046,nublado,leve,mojada,1001,1000,592.0,5.5,False,False,False,1,True,5,125,Precaución
11.2,73,16.2,3262,lluvia_ligera,6.4,179,225,11.7,11.3,17.8,808,cubierto,moderada,mojada,1005,0,-456.0,6.6,False,False,False,13,False,8,220,Precaución
29.9,30,19.0,9507,despejado,0.0,339,225,17.4,-7.7,28.5,7026,despejado,leve,seca,1028,0,1788.0,16.0,False,False,False,13,False,11,328,Seguro
29.1,49,3.8,9794,despejado,0.0,122,225,3.7,-0.9,4.9,10436,despejado,ninguna,seca,1028,0,1692.0,19.8,False,False,False,15,False,6,150,Seguro
5.2,100,39.0,2030,tormenta,32.7,310,135,3.4,-38.9,42.9,469,cubierto,severa,contaminada,998,0,-1176.0,4.7,True,True,False,2,True,11,325,Peligro
9.9,91,42.9,2245,tormenta,31.3,3,270,42.8,-2.2,55.8,553,cubierto,severa,contaminada,987,0,-612.0,8.9,True,True,False,8,False,4,109,Peligro
19.4,31,5.6,8974,despejado,0.0,255,270,1.4,5.4,6.2,8431,despejado,leve,seca,1014,2000,3008.0,9.0,False,False,False,0,True,11,321,Seguro
22.0,62,5.5,8170,nublado,0.6,238,0,4.7,-2.9,6.1,2924,nublado,leve,seca,1008,500,1460.0,12.4,False,False,False,13,False,4,105,Seguro
15.7,52,17.4,8345,nublado,1.3,216,270,14.1,10.2,20.9,2220,nublado,leve,humeda,1006,2500,3184.0,3.6,False,False,False,2,True,2,52,Seguro
24.4,52,11.3,9950,despejado,0.0,235,180,9.3,6.5,13.6,7820,despejado,ninguna,seca,1012,2000,3608.0,19.1,False,False,False,9,False,10,299,Seguro
31.5,31,16.1,9969,despejado,0.0,237,180,13.5,8.8,20.9,9412,despejado,ninguna,seca,1026,2000,4460.0,18.8,False,False,False,22,True,12,353,Seguro
21.2,52,0.1,8991,despejado,0.0,63,0,0.1,0.0,0.1,12850,despejado,leve,seca,1012,0,744.0,10.2,False,False,False,4,True,3,72,Seguro
8.2,71,13.0,5724,lluvia_ligera,3.7,16,180,3.6,-12.5,14.3,1769,nublado,moderada,humeda,1005,2500,2284.0,3.5,False,False,False,15,False,7,187,Seguro
27.3,54,16.8,7443,nublado,1.7,41,180,11.0,-12.7,23.5,2937,dispersas,leve,humeda,1009,2500,4576.0,18.0,False,False,False,1,True,12,334,Seguro
21.2,59,11.5,6998,nublado,1.3,264,180,11.4,1.2,15.0,3013,nublado,leve,humeda,1008,2000,3224.0,6.7,False,False,False,8,False,9,246,Seguro
11.6,84,17.5,4396,lluvia_ligera,7.7,143,90,14.0,10.5,21.0,1509,nublado,moderada,humeda,1006,2000,2072.0,7.9,False,False,False,18,False,6,160,Precaución
9.7,90,25.8,4536,lluvia_ligera,7.3,10,90,25.4,4.5,36.1,1323,nublado,moderada,humeda,1013,2000,1844.0,6.6,False,False,False,17,False,5,130,Peligro
20.9,89,29.3,6861,lluvia_ligera,5.1,46,45,0.5,29.3,41.0,1963,nublado,leve,mojada,1004,1000,1948.0,17.5,False,False,False,5,True,8,236,Precaución
17.3,85,17.6,4386,lluvia_ligera,6.1,13,270,17.1,-4.0,22.9,1592,cubierto,leve,mojada,1006,500,896.0,14.3,False,False,False,3,True,4,97,Precaución
22.3,42,17.7,9984,despejado,0.0,235,90,10.2,-14.5,23.0,11843,despejado,leve,seca,1022,500,1496.0,16.5,False,False,False,16,False,7,202,Seguro
17.5,97,2.9,1431,niebla,1.1,213,0,1.6,-2.4,3.5,292,cubierto,ninguna,humeda,1011,2000,2780.0,17.4,False,False,False,21,True,2,37,Precaución
14.8,71,17.1,3434,lluvia_ligera,2.4,253,0,16.4,-5.0,22.2,1462,cubierto,moderada,mojada,1000,1000,1216.0,10.9,False,False,False,10,False,11,323,Precaución
16.3,67,7.6,7651,nublado,1.6,307,135,1.1,-7.5,9.1,3124,dispersas,ninguna,seca,1011,500,776.0,2.3,False,False,False,23,True,10,293,Seguro
24.4,44,11.7,9617,despejado,0.0,181,225,8.1,8.4,14.0,8806,despejado,leve,seca,1017,2500,4228.0,12.7,False,False,False,15,False,12,342,Seguro
5.5,88,24.8,2806,lluvia_fuerte,14.7,241,90,12.0,-21.7,34.7,610,cubierto,moderada,mojada,996,500,-520.0,1.8,False,False,False,21,True,9,245,Peligro
16.7,33,16.6,9330,despejado,0.0,304,180,13.8,-9.3,23.2,6753,despejado,leve,seca,1028,2000,2684.0,4.8,False,False,False,1,True,3,63,Seguro
25.7,53,12.6,7857,nublado,1.3,107,45,11.1,5.9,17.6,2994,dispersas,leve,humeda,1020,0,1284.0,14.6,False,False,False,5,True,10,274,Seguro
10.6,87,14.6,5813,lluvia_ligera,7.5,279,180,14.4,-2.3,17.5,1630,nublado,leve,mojada,1016,500,92.0,6.1,False,False,False,23,True,4,96,Precaución
17.0,93,7.2,1336,niebla,0.2,20,270,6.8,-2.5,7.9,478,cubierto,ninguna,mojada,1009,1000,1480.0,16.4,False,False,False,15,False,1,15,Precaución
14.8,97,42.1,3633,lluvia_fuerte,16.9,299,225,40.5,11.6,63.2,842,cubierto,moderada,mojada,992,1000,1216.0,14.4,False,False,False,4,True,9,261,Peligro
26.9,75,21.2,8654,nublado,0.3,16,270,20.4,-5.8,25.4,1710,dispersas,leve,seca,1011,1000,2668.0,22.9,False,False,False,2,True,1,21,Precaución
13.1,76,20.9,4884,lluvia_ligera,7.1,82,270,2.9,-20.7,25.1,1428,nublado,moderada,humeda,1013,500,392.0,10.2,False,False,False,6,False,8,234,Precaución
11.2,93,9.9,868,niebla,1.7,153,225,9.4,3.1,10.9,489,cubierto,ninguna,humeda,1020,0,-456.0,9.3,False,False,False,16,False,9,256,Precaución
12.6,50,5.4,8199,nublado,1.9,85,225,3.5,-4.1,7.0,1500,dispersas,ninguna,seca,1002,2000,2192.0,2.0,False,False,False,16,False,9,262,Seguro
17.6,92,0.2,1014,niebla,0.4,324,135,0.0,-0.2,0.3,553,cubierto,ninguna,humeda,1017,2500,3412.0,17.2,False,False,False,23,True,4,100,Precaución
17.6,99,4.8,2358,niebla,0.1,261,270,0.8,4.7,6.2,570,cubierto,ninguna,humeda,1015,0,312.0,16.1,False,False,False,5,True,4,103,Precaución
21.0,76,12.8,5319,lluvia_ligera,4.2,231,90,8.1,-9.9,17.9,998,nublado,leve,mojada,1005,1000,1960.0,17.1,False,False,False,2,True,8,213,Precaución
16.1,72,26.5,6748,lluvia_ligera,5.9,220,225,2.3,26.4,31.8,1665,nublado,moderada,mojada,1002,1000,1372.0,12.2,False,False,False,8,False,11,310,Precaución
26.4,71,14.1,6032,nublado,0.2,182,180,0.5,14.1,19.7,2772,dispersas,ninguna,seca,1004,500,1988.0,24.2,False,False,False,7,False,11,313,Seguro
23.6,65,12.4,8856,nublado,0.1,271,270,0.2,12.4,16.1,2353,dispersas,ninguna,seca,1012,500,1652.0,14.0,False,False,False,15,False,4,117,Seguro
12.8,73,16.0,7002,nublado,0.1,10,90,15.8,2.8,19.2,3297,nublado,leve,seca,1013,2500,2836.0,9.0,False,False,False,12,False,3,80,Seguro
10.8,95,4.9,1090,niebla,0.3,346,45,4.2,2.5,6.9,381,cubierto,ninguna,humeda,1001,500,116.0,10.0,False,False,False,3,True,11,323,Precaución
16.1,72,7.0,6206,nublado,1.9,123,45,6.8,1.5,9.1,1536,nublado,ninguna,humeda,1000,2500,3232.0,11.6,False,False,False,10,False,2,54,Seguro
31.3,50,7.2,9082,despejado,0.0,86,270,0.5,-7.2,9.4,8337,despejado,ninguna,seca,1024,2000,4436.0,20.7,False,False,False,2,True,7,192,Seguro
34.4,41,16.4,8623,despejado,0.0,349,0,3.1,16.1,23.0,6788,despejado,ninguna,seca,1026,0,2328.0,29.3,False,False,False,23,True,10,299,Seguro
7.6,93,6.8,1946,niebla,1.6,144,45,6.7,-1.1,10.2,183,cubierto,ninguna,mojada,1003,2500,2212.0,6.3,True,False,False,10,False,5,138,Precaución
16.6,55,5.9,7324,nublado,0.5,258,0,5.8,-1.2,7.7,2478,nublado,ninguna,humeda,1017,500,812.0,3.6,False,False,False,19,False,10,287,Seguro
13.0,90,42.2,2214,lluvia_fuerte,22.3,196,90,40.6,-11.6,50.6,917,cubierto,severa,contaminada,985,1000,1000.0,10.2,False,False,False,12,False,12,351,Peligro
17.5,98,11.9,812,niebla,1.1,147,90,10.0,6.5,15.5,417,cubierto,ninguna,mojada,1019,2000,2780.0,15.7,False,False,False,13,False,10,278,Precaución
22.0,70,13.7,6210,lluvia_ligera,3.6,100,45,11.2,7.9,19.2,1682,cubierto,leve,humeda,1013,500,1460.0,14.7,False,False,False,21,True,2,45,Seguro
21.2,27,0.4,9758,despejado,0.0,232,135,0.4,-0.0,0.6,5837,despejado,ninguna,seca,1015,0,744.0,12.3,False,False,False,1,True,7,191,Seguro
12.9,84,17.7,4789,lluvia_ligera,7.0,50,0,13.6,11.4,21.2,2075,nublado,leve,humeda,1011,2500,2848.0,8.2,False,False,False,11,False,10,288,Precaución
25.6,35,11.6,8684,despejado,0.0,292,315,4.5,10.7,16.2,11998,despejado,ninguna,seca,1022,2000,3752.0,14.9,False,False,False,4,True,4,108,Seguro
21.7,58,8.5,6658,nublado,1.0,102,0,8.3,-1.8,11.9,2035,dispersas,ninguna,humeda,1020,0,804.0,12.8,False,False,False,5,True,4,119,Seguro
8.7,88,42.3,2008,lluvia_fuerte,10.3,347,0,9.5,41.2,46.5,1285,cubierto,moderada,contaminada,987,2000,1724.0,5.8,True,False,False,5,True,3,79,Peligro
16.4,88,18.0,3976,lluvia_ligera,3.5,110,270,6.2,-16.9,21.6,1549,nublado,leve,humeda,1000,0,168.0,13.1,False,False,False,19,False,7,182,Seguro
23.5,34,18.2,9146,despejado,0.0,330,45,17.6,4.7,21.8,7875,despejado,leve,seca,1010,500,1640.0,12.1,False,False,False,0,True,1,24,Seguro
15.4,72,6.6,7220,nublado,1.7,154,0,2.9,-5.9,7.3,2207,nublado,leve,seca,1009,1000,1288.0,12.3,False,False,False,14,False,10,273,Seguro
20.3,74,9.8,7908,nublado,1.1,209,0,4.8,-8.6,12.7,2268,dispersas,leve,humeda,1007,0,636.0,17.1,False,False,False,23,True,4,100,Seguro
12.2,90,54.9,1658,tormenta,21.4,289,180,51.9,-17.9,71.4,276,cubierto,severa,mojada,998,0,-336.0,9.6,False,True,False,17,False,7,196,Peligro
18.7,49,5.3,9921,despejado,0.0,148,180,2.8,4.5,7.4,11352,despejado,leve,seca,1026,2000,2924.0,9.5,False,False,False,14,False,7,188,Seguro
13.4,75,12.0,3287,lluvia_ligera,6.0,28,135,11.5,-3.5,18.0,1832,nublado,leve,mojada,1019,2500,2908.0,10.0,False,False,False,21,True,6,156,Precaución
14.2,71,6.8,7259,nublado,0.1,317,225,6.8,-0.2,8.8,2326,dispersas,leve,humeda,1018,2000,2384.0,11.0,False,False,False,18,False,9,268,Seguro
15.5,96,9.3,1959,niebla,1.1,301,0,8.0,4.8,13.0,202,cubierto,ninguna,humeda,1012,2500,3160.0,14.2,False,False,False,12,False,8,228,Precaución
-6.1,92,32.3,3510,nieve,5.8,84,180,32.1,-3.4,45.2,1717,cubierto,leve,contaminada,1010,500,-1912.0,-6.8,False,False,False,8,False,1,26,Peligro
5.8,96,2.3,750,niebla,1.9,339,0,0.8,2.1,3.2,565,cubierto,ninguna,humeda,1019,0,-1104.0,5.7,True,False,False,10,False,5,125,Peligro
7.6,91,37.1,1314,lluvia_fuerte,23.2,113,225,34.4,-13.9,51.9,1092,cubierto,severa,mojada,987,2500,2212.0,6.5,True,False,False,21,True,12,349,Peligro
13.7,92,0.7,2018,niebla,0.1,51,270,0.4,-0.5,0.8,330,cubierto,ninguna,humeda,1018,500,464.0,11.9,False,False,False,20,False,5,149,Precaución
19.5,46,18.6,8062,despejado,0.0,124,270,10.4,-15.4,27.9,11127,despejado,leve,seca,1010,2500,3640.0,7.8,False,False,False,16,False,1,14,Seguro
-1.3,77,20.0,1390,nieve,7.8,3,45,13.4,14.9,26.0,687,cubierto,moderada,contaminada,1014,1000,-716.0,-6.2,False,False,False,9,False,10,299,Peligro
-7.9,82,22.4,1411,nieve,15.7,103,270,5.0,-21.8,24.6,1714,cubierto,moderada,nevada,1006,0,-2748.0,-11.7,False,False,False,17,False,11,304,Peligro
12.6,75,19.8,5588,lluvia_ligera,7.7,349,45,16.4,11.1,25.7,2270,cubierto,moderada,humeda,1006,500,332.0,9.8,False,False,False,8,False,8,221,Precaución
18.0,57,18.6,7393,nublado,1.8,119,180,16.3,9.0,20.5,2754,nublado,leve,humeda,1000,0,360.0,9.3,False,False,False,11,False,2,56,Seguro
30.7,49,6.1,9672,despejado,0.0,144,135,1.0,6.0,7.3,5098,despejado,leve,seca,1026,0,1884.0,19.4,False,False,False,2,True,3,79,Seguro
14.3,66,10.5,7864,nublado,0.9,280,315,6.0,8.6,12.6,3070,dispersas,leve,seca,1015,2500,3016.0,0.6,False,False,False,17,False,4,114,Seguro
19.7,75,18.4,7474,nublado,0.7,11,180,3.5,-18.1,23.9,2699,nublado,leve,humeda,1018,2500,3664.0,16.0,False,False,False,0,True,11,314,Seguro
14.8,74,13.5,6418,nublado,1.3,266,90,0.9,-13.5,18.9,1859,dispersas,leve,humeda,1013,2000,2456.0,11.0,False,False,False,5,True,10,271,Seguro
19.6,84,20.8,6708,lluvia_ligera,2.9,12,315,17.4,11.3,27.0,1042,nublado,moderada,humeda,1004,2500,3652.0,15.4,False,False,False,15,False,1,1,Precaución
15.5,55,6.1,9882,despejado,0.0,145,270,5.0,-3.5,8.5,9231,despejado,leve,seca,1030,0,60.0,8.0,False,False,False,1,True,7,183,Seguro
14.4,77,16.8,4152,lluvia_ligera,6.5,316,90,12.1,-11.7,20.2,2497,cubierto,moderada,mojada,1014,500,548.0,10.4,False,False,False,3,True,11,303,Precaución
11.1,92,27.2,3500,lluvia_fuerte,22.1,51,180,21.1,-17.1,29.9,988,cubierto,moderada,contaminada,1003,0,-468.0,10.8,False,False,False,13,False,9,253,Peligro
6.9,99,5.5,1573,niebla,0.8,110,225,5.0,-2.3,6.6,586,cubierto,ninguna,humeda,1004,0,-972.0,5.0,True,False,False,23,True,8,217,Precaución
17.9,96,11.5,1042,niebla,0.4,102,225,9.6,-6.3,13.8,171,cubierto,ninguna,mojada,1015,0,348.0,17.6,False,False,False,13,False,4,112,Peligro
22.5,59,7.9,8681,nublado,1.4,161,180,2.6,7.5,11.1,3489,nublado,ninguna,humeda,1015,2000,3380.0,12.4,False,False,False,9,False,3,68,Seguro
23.5,58,23.3,7226,nublado,1.9,294,45,21.8,-8.3,30.3,3856,nublado,ninguna,seca,1017,1000,2260.0,9.5,False,False,False,7,False,10,297,Precaución
30.6,32,10.9,8480,despejado,0.0,306,90,6.4,-8.8,14.2,8723,despejado,leve,seca,1018,2000,4352.0,25.5,False,False,False,22,True,5,121,Seguro
16.1,83,48.5,4540,granizo,17.5,301,180,41.6,-25.0,63.1,1502,cubierto,severa,contaminada,1001,0,132.0,12.9,False,True,False,18,False,3,84,Peligro
16.3,99,1.2,2364,niebla,0.9,335,270,1.1,0.5,1.3,247,cubierto,ninguna,mojada,1008,1000,1396.0,15.1,False,False,False,12,False,12,333,Precaución
0.3,83,31.9,3780,nieve,13.2,178,135,21.8,23.3,41.5,1320,cubierto,leve,contaminada,1013,1000,-524.0,-2.6,True,False,False,1,True,10,297,Peligro
31.5,33,10.6,9503,despejado,0.0,39,0,6.7,8.2,15.9,6153,despejado,leve,seca,1013,0,1980.0,19.2,False,False,False,17,False,7,198,Seguro
17.4,48,10.4,8655,despejado,0.0,106,270,2.9,-10.0,12.5,7493,despejado,leve,seca,1012,0,288.0,8.0,False,False,False,16,False,12,362,Seguro
18.0,70,13.4,3681,lluvia_ligera,3.2,168,90,13.1,2.8,20.1,2288,cubierto,moderada,humeda,1006,0,360.0,12.4,False,False,False,0,True,10,281,Precaución
7.5,94,9.2,2234,niebla,0.5,138,315,0.5,-9.2,12.0,583,cubierto,ninguna,humeda,1003,500,-280.0,6.7,True,False,False,6,False,12,343,Precaución
31.1,51,11.2,9032,despejado,0.0,175,315,7.2,-8.6,12.3,11234,despejado,leve,seca,1018,2000,4412.0,17.1,False,False,False,8,False,12,341,Seguro
34.2,44,10.7,8964,despejado,0.0,342,45,9.5,4.9,13.9,6555,despejado,ninguna,seca,1018,0,2304.0,25.9,False,False,False,6,False,3,64,Seguro
5.3,96,2.5,2455,niebla,0.4,81,315,2.0,-1.5,3.2,529,cubierto,ninguna,humeda,1012,500,-544.0,4.7,True,False,False,1,True,7,193,Precaución
17.1,64,20.5,6685,nublado,0.5,301,90,10.6,-17.6,26.7,1980,dispersas,leve,seca,1011,2500,3352.0,11.3,False,False,False,21,True,1,15,Seguro
32.8,52,7.4,9513,despejado,0.0,334,45,7.0,2.4,11.1,11725,despejado,ninguna,seca,1014,2000,4616.0,21.2,False,False,False,14,False,8,216,Seguro
25.8,74,16.0,6055,nublado,0.0,99,315,9.4,-12.9,20.8,2513,dispersas,ninguna,humeda,1017,2000,3776.0,21.2,False,False,False,23,True,9,246,Seguro
29.7,40,9.4,9264,despejado,0.0,339,225,8.6,-3.8,12.2,13464,despejado,ninguna,seca,1026,0,1764.0,24.6,False,False,False,0,True,9,262,Seguro
1.0,79,13.1,2071,nieve,13.9,118,90,6.2,11.6,17.0,467,cubierto,leve,contaminada,1002,1000,-440.0,-3.8,False,False,False,20,False,2,31,Peligro
33.0,46,8.5,9298,despejado,0.0,263,225,5.2,6.7,11.9,7302,despejado,leve,seca,1025,2000,4640.0,19.2,False,False,False,9,False,7,207,Seguro
29.9,31,15.3,8206,despejado,0.0,94,270,1.1,-15.3,21.4,10101,despejado,leve,seca,1019,1000,3028.0,24.1,False,False,False,9,False,3,89,Seguro
13.7,70,10.2,7525,nublado,1.0,279,90,1.6,-10.1,12.2,3663,nublado,ninguna,humeda,1014,1000,1084.0,5.6,False,False,False,3,True,6,171,Seguro
11.2,84,22.6,4177,lluvia_ligera,5.0,205,180,9.6,20.5,31.6,1819,nublado,moderada,humeda,1019,500,164.0,9.2,False,False,False,3,True,9,269,Precaución
10.2,94,5.6,1365,niebla,1.0,246,90,2.3,-5.1,7.8,543,cubierto,ninguna,humeda,1013,0,-576.0,8.7,False,False,False,9,False,11,305,Precaución
28.5,53,16.2,8322,despejado,0.0,188,180,2.3,16.0,19.4,14786,despejado,leve,seca,1015,0,1620.0,21.2,False,False,False,7,False,7,198,Seguro
5.2,94,10.6,1835,niebla,0.8,175,270,10.6,-0.9,13.8,681,cubierto,ninguna,humeda,1015,1000,64.0,5.0,True,False,False,8,False,2,45,Precaución
5.6,92,9.7,1874,niebla,0.0,330,270,8.4,4.9,10.7,663,cubierto,ninguna,mojada,1016,1000,112.0,5.4,False,False,False,11,False,5,129,Precaución
12.2,93,5.8,1632,niebla,1.3,123,45,5.7,1.2,7.0,573,cubierto,ninguna,humeda,1013,500,284.0,11.8,False,False,False,22,True,5,147,Precaución
16.7,96,37.9,1062,tormenta,23.8,65,0,34.3,16.0,53.1,464,cubierto,severa,contaminada,984,2500,3304.0,15.4,False,True,False,7,False,2,59,Peligro
12.0,70,17.2,3714,lluvia_ligera,6.7,229,0,13.0,-11.3,20.6,2078,cubierto,moderada,mojada,1016,2000,2120.0,-0.9,False,False,False,2,True,2,56,Precaución
-4.1,77,11.5,3497,nieve,10.8,114,0,10.5,-4.7,15.0,438,cubierto,moderada,contaminada,1013,2500,808.0,-6.3,False,False,False,9,False,1,17,Peligro
25.3,51,15.3,8359,nublado,1.7,337,225,14.2,-5.7,21.4,1814,dispersas,leve,humeda,1009,2500,4336.0,19.4,False,False,False,18,False,9,250,Seguro
21.2,45,19.6,9348,despejado,0.0,175,315,12.6,-15.0,23.5,14876,despejado,ninguna,seca,1010,2000,3224.0,11.7,False,False,False,18,False,7,196,Seguro
12.5,83,28.1,5393,lluvia_ligera,2.7,93,270,1.5,-28.1,42.2,1266,nublado,leve,humeda,1010,0,-300.0,9.8,False,False,False,2,True,4,99,Precaución
16.0,88,23.7,6334,lluvia_ligera,2.6,76,315,20.3,-12.2,33.2,1352,nublado,moderada,mojada,1005,2000,2600.0,12.5,False,False,False,20,False,9,265,Peligro
14.6,97,38.2,2396,lluvia_fuerte,24.3,12,315,32.0,20.8,45.8,1122,cubierto,moderada,mojada,988,2500,3052.0,14.6,False,True,False,19,False,4,119,Peligro
17.1,31,6.9,9908,despejado,0.0,284,90,1.7,-6.7,7.6,7261,despejado,leve,seca,1020,2000,2732.0,3.2,False,False,False,16,False,10,273,Seguro
12.4,77,46.3,4141,granizo,20.3,195,135,40.1,23.2,50.9,1587,cubierto,severa,mojada,1007,0,-312.0,8.3,False,True,False,5,True,2,48,Peligro
8.0,93,7.5,873,niebla,1.0,346,45,6.4,3.9,9.8,648,cubierto,ninguna,mojada,1014,1000,400.0,7.6,True,False,False,0,True,2,46,Precaución
15.8,88,38.0,2366,tormenta,21.5,316,315,0.7,38.0,53.2,773,cubierto,moderada,mojada,983,0,96.0,13.1,False,True,False,10,False,9,246,Peligro
13.1,97,10.7,1244,niebla,1.8,217,0,6.4,-8.5,12.8,291,cubierto,ninguna,humeda,1015,2000,2252.0,12.3,False,False,False,1,True,10,287,Precaución
21.5,35,11.2,9921,despejado,0.0,319,225,11.2,-0.8,16.8,14829,despejado,leve,seca,1030,1000,2020.0,8.5,False,False,False,6,False,10,270,Seguro
5.6,100,5.6,1967,niebla,0.5,53,315,5.5,-0.8,7.3,679,cubierto,ninguna,mojada,1020,2500,1972.0,5.6,True,False,False,2,True,5,134,Precaución
17.5,37,15.5,9065,despejado,0.0,191,45,8.7,-12.9,17.1,9208,despejado,leve,seca,1022,2500,3400.0,11.2,False,False,False,5,True,8,235,Seguro
15.7,75,12.1,7081,nublado,0.4,148,180,6.4,10.3,14.5,1825,dispersas,ninguna,humeda,1014,2500,3184.0,12.7,False,False,False,15,False,7,185,Seguro
22.1,71,12.0,6113,nublado,1.0,129,180,9.3,7.6,16.8,2256,dispersas,leve,seca,1018,2000,3332.0,19.0,False,False,False,6,False,8,217,Seguro
25.5,42,8.6,8613,despejado,0.0,346,135,4.4,-7.4,12.0,7872,despejado,leve,seca,1026,2000,3740.0,12.4,False,False,False,5,True,3,85,Seguro
29.8,42,19.8,9773,despejado,0.0,25,135,18.6,-6.8,27.7,11983,despejado,ninguna,seca,1010,2000,4256.0,21.1,False,False,False,14,False,8,219,Seguro
15.4,50,9.9,6121,nublado,1.7,115,180,9.0,4.2,11.9,2653,nublado,leve,humeda,1001,500,668.0,0.7,False,False,False,20,False,8,234,Seguro
24.2,66,23.1,6005,nublado,0.4,299,135,6.4,-22.2,27.7,3558,dispersas,ninguna,humeda,1011,0,1104.0,16.5,False,False,False,7,False,6,154,Seguro
16.0,89,13.2,4888,lluvia_ligera,4.8,331,225,12.7,-3.6,14.5,2188,cubierto,leve,humeda,1012,0,120.0,13.8,False,False,False,6,False,2,54,Precaución
17.9,74,16.8,6185,lluvia_ligera,6.9,163,315,7.9,-14.8,18.5,2254,cubierto,leve,humeda,1003,1000,1588.0,14.5,False,False,False,11,False,7,191,Seguro
9.9,97,45.1,1098,tormenta,18.8,170,45,36.9,-25.9,67.7,979,cubierto,moderada,mojada,980,500,8.0,8.0,True,True,False,23,True,3,61,Peligro
16.4,67,8.2,8190,nublado,0.4,328,0,4.3,7.0,10.7,2703,nublado,leve,seca,1013,1000,1408.0,10.8,False,False,False,8,False,12,344,Seguro
17.8,59,10.1,7155,nublado,0.1,67,135,9.4,3.8,13.1,3704,nublado,leve,humeda,1020,500,956.0,7.9,False,False,False,8,False,10,282,Seguro
25.3,53,4.1,9066,despejado,0.0,219,315,4.1,-0.4,6.1,13643,despejado,ninguna,seca,1016,2500,4336.0,19.0,False,False,False,16,False,9,248,Seguro
10.5,99,8.1,1052,niebla,1.5,125,90,4.6,6.6,12.1,310,cubierto,ninguna,mojada,1000,1000,700.0,9.3,False,False,False,16,False,7,203,Precaución
22.7,52,19.9,7103,nublado,0.3,305,0,16.3,11.4,23.9,3100,dispersas,ninguna,seca,1004,2000,3404.0,10.9,False,False,False,15,False,5,130,Seguro
21.4,75,13.5,8669,nublado,0.6,255,315,11.7,6.8,18.9,3153,dispersas,leve,seca,1008,2500,3868.0,18.6,False,False,False,11,False,1,1,Seguro
-3.9,94,25.0,1548,nieve,19.3,205,0,10.6,-22.7,27.5,641,cubierto,leve,nevada,1014,1000,-1028.0,-5.1,False,False,False,8,False,3,82,Peligro
32.8,55,2.6,8624,despejado,0.0,297,45,2.5,-0.8,3.1,14206,despejado,leve,seca,1018,1000,3376.0,23.2,False,False,False,13,False,7,203,Seguro
19.3,72,14.2,6758,nublado,1.2,352,225,11.3,-8.5,18.5,3836,nublado,leve,seca,1011,1000,1756.0,15.2,False,False,False,20,False,11,315,Seguro
21.3,88,35.4,2747,granizo,23.6,12,135,29.7,-19.3,49.6,846,cubierto,severa,contaminada,1020,1000,1996.0,16.8,False,True,False,21,True,11,327,Peligro
8.7,92,2.7,1329,niebla,1.2,355,0,0.2,2.7,3.5,667,cubierto,ninguna,mojada,1007,500,-136.0,6.9,True,False,False,9,False,5,127,Precaución
16.9,97,3.6,929,niebla,1.8,277,45,2.8,-2.2,4.3,620,cubierto,ninguna,humeda,1009,0,228.0,16.1,False,False,False,16,False,3,85,Precaución
16.7,31,10.6,9426,despejado,0.0,40,180,6.8,-8.1,15.9,12708,despejado,leve,seca,1013,500,824.0,5.0,False,False,False,3,True,7,197,Seguro
13.2,50,24.4,8058,nublado,0.7,197,135,21.5,11.5,31.7,3726,dispersas,leve,humeda,1000,500,404.0,0.9,False,False,False,23,True,7,195,Precaución
16.2,98,2.9,1498,niebla,1.1,59,180,2.5,-1.5,3.8,465,cubierto,ninguna,mojada,1007,2000,2624.0,14.3,False,False,False,19,False,1,22,Precaución
16.5,95,4.6,961,niebla,0.2,233,90,2.8,-3.7,6.9,573,cubierto,ninguna,humeda,1017,2500,3280.0,15.8,False,False,False,14,False,3,66,Precaución
19.6,87,12.8,6388,lluvia_ligera,2.7,235,135,12.6,-2.2,17.9,2407,nublado,leve,humeda,1011,500,1172.0,15.8,False,False,False,20,False,4,92,Seguro
12.9,75,22.2,8594,nublado,0.6,228,225,1.2,22.2,26.6,2389,nublado,leve,seca,1007,0,-252.0,8.7,False,False,False,8,False,9,242,Seguro
11.8,92,9.4,1687,niebla,1.0,335,90,8.5,-4.0,12.2,167,cubierto,ninguna,mojada,1006,500,236.0,11.4,False,False,False,9,False,4,111,Precaución
24.0,35,6.1,9081,despejado,0.0,162,135,2.8,5.4,7.9,13390,despejado,ninguna,seca,1029,2500,4180.0,13.2,False,False,False,15,False,7,186,Seguro
11.9,74,19.9,6583,lluvia_ligera,3.2,67,315,18.5,-7.5,23.9,2084,nublado,leve,mojada,1014,0,-372.0,9.0,False,False,False,2,True,1,12,Precaución
20.7,81,42.9,1967,granizo,11.9,181,45,29.8,-30.9,55.8,1849,cubierto,severa,mojada,1011,0,684.0,18.6,False,True,True,5,True,9,253,Peligro
20.9,37,20.0,9397,despejado,0.0,220,315,19.9,-1.7,26.0,9488,despejado,leve,seca,1020,2000,3188.0,13.3,False,False,False,0,True,6,160,Seguro
15.5,52,12.0,9454,despejado,0.0,135,180,8.5,8.5,15.6,8517,despejado,ninguna,seca,1014,1000,1300.0,8.6,False,False,False,14,False,7,197,Seguro
30.8,27,13.4,8890,despejado,0.0,188,135,10.7,8.1,17.4,8075,despejado,leve,seca,1028,1000,3136.0,20.9,False,False,False,13,False,9,242,Seguro
23.1,49,16.7,8764,despejado,0.0,185,0,1.5,-16.6,23.4,6179,despejado,leve,seca,1010,2500,4072.0,17.3,False,False,False,9,False,12,348,Seguro
17.7,53,18.9,8252,despejado,0.0,227,0,13.8,-12.9,24.6,11145,despejado,ninguna,seca,1024,2000,2804.0,8.7,False,False,False,6,False,7,195,Seguro
31.1,28,8.0,9928,despejado,0.0,10,0,1.4,7.9,11.2,9485,despejado,ninguna,seca,1014,2500,5032.0,16.5,False,False,False,14,False,12,361,Seguro
27.0,36,2.2,9038,despejado,0.0,261,180,2.2,0.3,2.6,12271,despejado,ninguna,seca,1020,2500,4540.0,18.3,False,False,False,21,True,8,213,Seguro
-2.4,75,19.7,1484,nieve,13.0,37,135,19.5,-2.7,29.5,1713,cubierto,leve,nevada,1003,1000,-848.0,-6.8,False,False,False,9,False,11,311,Peligro
15.1,92,8.6,876,niebla,0.5,267,315,6.4,5.8,11.2,708,cubierto,ninguna,humeda,1015,1000,1252.0,13.8,False,False,False,1,True,11,321,Precaución
17.8,77,21.3,3187,lluvia_ligera,5.5,199,0,6.9,-20.1,23.4,2053,cubierto,leve,mojada,1010,0,336.0,15.7,False,False,False,11,False,10,275,Precaución
22.0,50,3.8,8093,despejado,0.0,229,270,2.5,2.9,4.2,11696,despejado,leve,seca,1014,2500,3940.0,15.9,False,False,False,12,False,10,281,Seguro
23.3,74,12.6,6489,nublado,0.9,38,225,1.5,-12.5,13.9,1505,nublado,ninguna,humeda,1012,2000,3476.0,19.7,False,False,False,0,True,4,104,Seguro
15.0,68,17.5,6082,nublado,1.5,235,180,14.3,10.0,26.2,1542,dispersas,leve,humeda,1007,1000,1240.0,1.6,False,False,False,20,False,4,98,Seguro
12.0,85,22.5,6077,lluvia_ligera,4.1,32,180,11.9,-19.1,24.8,2166,cubierto,leve,mojada,1002,0,-360.0,8.1,False,False,False,3,True,4,93,Precaución
17.1,72,21.1,7767,nublado,1.5,345,45,18.3,10.6,31.7,2516,dispersas,ninguna,seca,1014,0,252.0,12.9,False,False,False,16,False,2,49,Precaución
11.8,99,0.1,1076,niebla,1.6,118,270,0.0,-0.1,0.1,717,cubierto,ninguna,humeda,1004,500,236.0,10.8,False,False,False,22,True,6,165,Precaución
20.7,41,3.8,9934,despejado,0.0,171,180,0.6,3.8,5.3,5702,despejado,ninguna,seca,1027,500,1304.0,11.5,False,False,False,2,True,6,150,Seguro
18.0,56,9.6,7371,nublado,0.7,289,225,8.6,4.2,12.5,2776,dispersas,ninguna,humeda,1018,1000,1600.0,7.2,False,False,False,16,False,11,301,Seguro
-2.6,77,10.0,2283,nieve,16.2,16,270,9.6,-2.8,14.0,892,cubierto,moderada,nevada,1004,500,-1492.0,-6.6,False,False,False,7,False,5,138,Peligro
12.4,53,23.4,7566,nublado,2.0,359,270,23.4,0.4,28.1,3058,dispersas,ninguna,seca,1008,500,308.0,-0.6,False,False,False,3,True,7,208,Precaución
7.5,98,11.9,2084,niebla,0.2,343,180,3.5,-11.4,15.5,465,cubierto,ninguna,humeda,1017,2000,1580.0,6.4,True,False,False,1,True,4,117,Precaución
7.2,97,8.9,1951,niebla,1.7,165,315,4.4,-7.7,12.5,379,cubierto,ninguna,mojada,1006,2000,1544.0,5.8,True,False,False,19,False,9,258,Precaución
13.2,74,14.7,7766,nublado,0.1,240,180,12.7,7.4,22.0,1941,dispersas,leve,seca,1001,0,-216.0,10.3,False,False,False,0,True,2,50,Seguro
20.9,49,5.4,9937,despejado,0.0,350,180,0.9,-5.3,7.0,13887,despejado,ninguna,seca,1020,0,708.0,10.8,False,False,False,21,True,7,187,Seguro
14.9,93,2.1,1505,niebla,1.0,292,135,0.8,-1.9,2.7,440,cubierto,ninguna,mojada,1015,0,-12.0,14.3,False,False,False,5,True,7,199,Precaución
20.2,61,20.0,7185,nublado,0.2,323,90,16.0,-12.0,30.0,1590,dispersas,leve,humeda,1011,0,624.0,11.9,False,False,False,18,False,11,310,Seguro
31.7,50,4.6,9626,despejado,0.0,143,270,3.7,-2.8,5.5,10006,despejado,ninguna,seca,1022,2000,4484.0,20.0,False,False,False,16,False,4,97,Seguro
26.2,75,9.9,6326,nublado,1.8,2,270,9.9,-0.3,12.9,2681,dispersas,leve,humeda,1013,2500,4444.0,24.0,False,False,False,12,False,5,131,Seguro
17.9,50,14.0,8406,despejado,0.0,308,135,1.7,-13.9,21.0,6791,despejado,leve,seca,1027,500,968.0,5.7,False,False,False,11,False,3,74,Seguro
18.1,76,14.8,4188,lluvia_ligera,5.9,56,45,2.8,14.5,20.7,1289,cubierto,leve,humeda,1012,2000,2852.0,14.8,False,False,False,11,False,1,24,Precaución
17.9,99,4.3,885,niebla,0.3,116,0,3.9,-1.9,6.0,513,cubierto,ninguna,humeda,1004,500,968.0,16.4,False,False,False,18,False,9,259,Precaución
25.2,35,19.6,9356,despejado,0.0,133,45,19.6,0.7,23.5,13283,despejado,leve,seca,1025,500,1844.0,12.4,False,False,False,6,False,3,89,Seguro
16.3,65,9.5,7133,nublado,1.5,25,135,8.9,-3.2,12.3,2072,nublado,ninguna,seca,1000,2500,3256.0,11.0,False,False,False,3,True,7,185,Seguro
23.0,70,13.0,7251,nublado,2.0,73,315,11.5,-6.1,16.9,3864,nublado,leve,seca,1006,0,960.0,9.2,False,False,False,8,False,3,69,Seguro
-0.8,88,13.3,3471,nieve,13.8,339,0,4.8,12.4,18.6,1226,cubierto,leve,contaminada,1013,500,-1276.0,-3.7,False,False,False,20,False,11,313,Precaución
13.6,72,14.0,3370,lluvia_ligera,6.3,203,270,12.9,5.5,21.0,2158,cubierto,leve,humeda,1003,1000,1072.0,9.8,False,False,False,2,True,6,166,Precaución
9.0,88,24.0,6862,lluvia_ligera,2.8,129,225,23.9,-2.5,28.8,2036,nublado,moderada,humeda,1017,2000,1760.0,4.2,False,False,False,9,False,7,188,Precaución
9.8,85,28.9,3676,lluvia_ligera,3.6,343,135,13.6,-25.5,37.6,2042,cubierto,leve,humeda,1016,2000,1856.0,7.4,True,False,False,7,False,2,33,Precaución
19.9,38,6.0,9949,despejado,0.0,346,90,5.8,-1.5,9.0,11098,despejado,ninguna,seca,1014,0,588.0,9.9,False,False,False,9,False,2,39,Seguro
19.0,71,25.3,6977,lluvia_ligera,2.9,358,0,0.9,25.3,38.0,1500,cubierto,leve,mojada,1014,2000,2960.0,15.1,False,False,False,9,False,2,54,Precaución
18.3,75,41.1,1835,granizo,26.8,320,180,26.4,-31.5,57.5,786,cubierto,severa,mojada,1000,2500,3496.0,14.4,False,True,True,18,False,10,297,Peligro
23.2,45,3.1,8619,despejado,0.0,162,270,2.9,-1.0,4.3,14730,despejado,leve,seca,1012,2000,3464.0,9.4,False,False,False,11,False,1,23,Seguro
17.1,86,36.8,3580,granizo,28.0,333,225,35.0,-11.4,51.5,1095,cubierto,severa,mojada,1019,2500,3352.0,14.4,False,True,True,20,False,5,129,Peligro
31.5,25,2.4,9080,despejado,0.0,333,0,1.1,2.1,3.4,6156,despejado,leve,seca,1019,1000,3220.0,20.5,False,False,False,1,True,5,127,Seguro
18.4,86,29.1,2600,lluvia_fuerte,12.9,199,270,27.5,9.5,40.7,435,cubierto,moderada,mojada,994,2000,2888.0,14.0,False,False,False,10,False,8,231,Peligro
15.7,45,8.9,9350,despejado,0.0,145,180,5.1,7.3,10.7,10909,despejado,ninguna,seca,1023,500,704.0,2.4,False,False,False,21,True,12,343,Seguro
17.6,97,7.6,1884,niebla,1.1,257,315,6.4,4.0,9.1,764,cubierto,ninguna,humeda,1010,2000,2792.0,16.9,False,False,False,22,True,4,109,Precaución
28.9,43,12.4,9535,despejado,0.0,80,315,10.2,-7.1,18.6,5731,despejado,leve,seca,1027,0,1668.0,14.9,False,False,False,23,True,1,7,Seguro
16.4,70,24.9,3988,lluvia_ligera,5.4,121,180,21.3,12.8,34.9,1894,nublado,leve,humeda,1007,500,788.0,11.0,False,False,False,14,False,12,333,Precaución
27.6,44,10.9,9294,despejado,0.0,97,225,8.6,-6.7,15.3,7890,despejado,leve,seca,1014,2500,4612.0,12.9,False,False,False,19,False,8,234,Seguro
26.8,31,16.9,8867,despejado,0.0,347,270,16.5,3.8,22.0,10237,despejado,leve,seca,1029,2500,4516.0,19.6,False,False,False,12,False,1,5,Seguro
12.1,58,12.2,8810,nublado,1.4,36,225,1.9,-12.0,14.6,2040,nublado,leve,seca,1002,1000,892.0,-1.0,False,False,False,5,True,12,349,Seguro
18.5,64,19.5,7802,nublado,1.3,219,45,2.0,-19.4,25.4,1869,dispersas,leve,seca,1014,2500,3520.0,10.7,False,False,False,13,False,8,228,Seguro
12.7,64,13.9,6868,nublado,1.6,1,225,9.7,-10.0,19.5,1951,dispersas,leve,humeda,1013,0,-276.0,1.6,False,False,False,8,False,10,293,Seguro
-6.1,82,28.1,3913,nieve,6.3,286,135,13.6,-24.6,39.3,1630,cubierto,moderada,contaminada,1004,1000,-1292.0,-10.9,False,False,False,5,True,7,188,Peligro
17.2,97,11.1,2358,niebla,0.5,14,135,9.5,-5.7,15.5,705,cubierto,ninguna,humeda,1019,2000,2744.0,15.5,False,False,False,23,True,2,30,Precaución
27.4,62,16.9,8851,nublado,1.3,345,225,14.6,-8.4,23.7,2447,nublado,ninguna,humeda,1018,500,2108.0,14.8,False,False,False,13,False,1,27,Seguro
17.8,94,7.1,2182,niebla,0.3,196,0,2.0,-6.8,9.9,607,cubierto,ninguna,mojada,1020,500,956.0,17.4,False,False,False,23,True,6,177,Precaución
32.0,47,7.8,9936,despejado,0.0,88,90,0.3,7.8,9.4,5552,despejado,leve,seca,1025,500,2660.0,17.8,False,False,False,23,True,6,179,Seguro
13.6,98,3.6,2088,niebla,0.9,74,180,3.5,-1.0,4.3,198,cubierto,ninguna,mojada,1018,2500,2932.0,13.4,False,False,False,7,False,4,115,Precaución
17.6,86,31.5,2369,granizo,19.1,231,135,31.3,-3.3,47.2,1311,cubierto,severa,contaminada,1008,2000,2792.0,13.1,False,True,True,4,True,12,348,Peligro
12.0,99,8.8,1822,niebla,0.2,292,45,8.1,-3.4,11.4,269,cubierto,ninguna,humeda,1003,2500,2740.0,11.8,False,False,False,19,False,10,278,Precaución
14.1,66,11.2,7175,nublado,0.3,323,270,8.9,6.7,12.3,3482,dispersas,leve,humeda,1019,1000,1132.0,8.6,False,False,False,23,True,5,148,Seguro
23.4,72,7.4,7584,nublado,0.4,279,135,4.3,-6.0,10.4,2674,nublado,ninguna,seca,1018,0,1008.0,20.8,False,False,False,0,True,9,257,Seguro
24.7,68,11.0,7316,nublado,1.2,231,315,10.9,1.1,15.4,2442,nublado,leve,humeda,1015,500,1784.0,15.1,False,False,False,21,True,7,187,Seguro
20.2,85,36.9,2616,granizo,17.3,357,90,36.8,-1.9,51.7,1070,cubierto,severa,contaminada,1004,500,1244.0,18.0,False,True,False,2,True,5,149,Peligro
24.8,55,2.6,9924,despejado,0.0,342,225,2.3,-1.2,3.4,8962,despejado,ninguna,seca,1019,0,1176.0,15.5,False,False,False,5,True,1,19,Seguro
17.1,100,11.3,1514,niebla,1.6,71,315,10.2,-5.0,17.0,567,cubierto,ninguna,humeda,1005,0,252.0,16.6,False,False,False,5,True,12,365,Precaución
16.8,64,8.6,6043,nublado,1.1,233,0,6.9,-5.2,11.2,1676,dispersas,ninguna,humeda,1017,500,836.0,10.6,False,False,False,10,False,7,208,Seguro
13.9,91,43.2,3356,lluvia_fuerte,16.2,337,90,39.8,-16.9,56.2,391,cubierto,moderada,contaminada,985,2500,2968.0,12.8,False,False,False,8,False,11,315,Peligro
11.7,87,12.9,3608,lluvia_ligera,3.5,123,45,12.6,2.7,14.2,1365,nublado,moderada,mojada,1005,1000,844.0,9.6,False,False,False,15,False,6,161,Precaución
13.1,72,47.6,4355,granizo,25.9,205,270,43.1,20.1,71.4,1587,cubierto,severa,contaminada,1002,500,392.0,9.0,False,True,True,16,False,11,307,Peligro
23.8,59,15.0,8559,nublado,0.5,264,225,9.4,11.7,21.0,2654,nublado,leve,seca,1006,500,1676.0,11.0,False,False,False,19,False,6,161,Seguro
24.6,67,11.8,7448,nublado,1.9,345,90,11.4,-3.1,15.3,3012,dispersas,ninguna,humeda,1013,1000,2392.0,14.8,False,False,False,14,False,4,97,Seguro
15.4,89,27.3,6643,lluvia_ligera,7.1,163,180,8.0,26.1,32.8,886,cubierto,moderada,mojada,1006,2500,3148.0,12.7,False,False,False,3,True,5,122,Precaución
17.7,56,13.5,7274,nublado,1.5,59,270,7.0,-11.6,14.9,3994,nublado,leve,seca,1006,2500,3424.0,12.5,False,False,False,16,False,12,334,Seguro
33.1,43,2.9,8882,despejado,0.0,122,180,2.5,1.5,3.8,12151,despejado,leve,seca,1018,1000,3412.0,25.7,False,False,False,21,True,8,220,Seguro
10.1,74,29.1,6967,lluvia_ligera,5.1,227,0,21.3,-19.8,37.8,2438,cubierto,leve,humeda,1016,500,32.0,6.5,False,False,False,21,True,1,29,Precaución
21.5,85,22.6,3064,lluvia_ligera,4.3,228,45,1.2,-22.6,31.6,1350,cubierto,moderada,mojada,1012,0,780.0,19.4,False,False,False,13,False,12,361,Precaución
16.1,73,10.3,6643,nublado,0.6,213,315,10.1,-2.1,12.4,3551,nublado,leve,humeda,1006,2000,2612.0,13.9,False,False,False,23,True,9,241,Seguro
19.9,26,8.0,8479,despejado,0.0,28,270,7.1,-3.8,10.4,13843,despejado,ninguna,seca,1019,500,1208.0,6.7,False,False,False,23,True,10,295,Seguro
18.8,92,31.2,2229,lluvia_fuerte,23.4,117,90,14.2,27.8,37.4,379,cubierto,moderada,contaminada,994,500,1076.0,18.0,False,False,True,13,False,1,25,Peligro
5.1,85,34.1,2587,lluvia_fuerte,21.5,332,315,10.0,32.6,51.2,545,cubierto,moderada,mojada,1000,2000,1292.0,2.3,True,False,True,19,False,7,199,Peligro
30.4,51,1.6,8555,despejado,0.0,137,315,0.1,-1.6,2.4,14893,despejado,ninguna,seca,1028,500,2468.0,15.7,False,False,False,0,True,11,301,Seguro
14.8,78,16.3,4414,lluvia_ligera,3.3,197,315,14.4,-7.7,24.5,2454,nublado,leve,mojada,1008,2500,3076.0,11.5,False,False,False,9,False,11,302,Precaución
12.0,52,8.8,8719,nublado,1.0,50,0,6.7,5.7,10.6,2142,dispersas,ninguna,seca,1005,2000,2120.0,-0.4,False,False,False,23,True,2,33,Seguro
17.3,88,42.5,2252,tormenta,21.8,353,45,33.5,26.2,51.0,629,cubierto,severa,contaminada,980,2500,3376.0,12.9,False,True,False,4,True,3,79,Peligro
15.0,55,13.4,6404,nublado,0.3,214,90,11.1,-7.5,14.7,3573,nublado,leve,humeda,1015,1000,1240.0,5.5,False,False,False,7,False,3,89,Seguro
17.8,93,9.6,951,niebla,1.7,351,0,1.5,9.5,10.6,591,cubierto,ninguna,humeda,1014,2500,3436.0,17.5,False,False,False,10,False,4,101,Precaución
14.8,100,9.8,2354,niebla,0.3,191,0,1.9,-9.6,11.8,516,cubierto,ninguna,humeda,1005,1000,1216.0,14.8,False,False,False,16,False,6,151,Precaución
19.9,70,10.5,6196,lluvia_ligera,4.0,156,270,9.6,-4.3,12.6,2151,cubierto,moderada,humeda,1012,2000,3068.0,14.7,False,False,False,18,False,10,277,Seguro
12.2,95,41.3,1397,lluvia_fuerte,10.2,254,135,36.1,-20.0,45.4,1316,cubierto,moderada,contaminada,993,0,-336.0,10.7,False,True,False,21,True,4,92,Peligro
8.3,88,16.3,3900,lluvia_ligera,3.0,314,45,16.3,-0.3,22.8,2489,cubierto,leve,humeda,1003,0,-804.0,5.6,True,False,False,13,False,4,114,Precaución
10.4,86,10.6,3260,lluvia_ligera,4.0,181,90,10.6,-0.2,14.8,1033,nublado,leve,humeda,1017,1000,688.0,5.7,False,False,False,22,True,9,264,Precaución
9.4,94,1.9,1825,niebla,1.2,53,315,1.9,-0.3,2.1,295,cubierto,ninguna,mojada,1002,2000,1808.0,8.6,True,False,False,13,False,10,277,Precaución
15.2,53,12.7,8203,nublado,1.3,58,315,12.4,-2.9,16.5,1927,dispersas,leve,seca,1010,2000,2504.0,6.4,False,False,False,14,False,3,81,Seguro
13.5,99,10.3,2375,niebla,1.8,66,0,9.4,4.2,12.4,341,cubierto,ninguna,humeda,1008,500,440.0,12.5,False,False,False,9,False,10,290,Precaución
17.8,75,27.8,6452,lluvia_ligera,2.6,59,0,23.8,14.3,30.6,2456,cubierto,moderada,humeda,1011,2500,3436.0,13.1,False,False,False,12,False,8,228,Precaución
16.5,63,5.7,7956,nublado,1.0,315,135,0.0,-5.7,8.0,1811,nublado,ninguna,seca,1014,2500,3280.0,2.9,False,False,False,8,False,8,227,Seguro
27.9,54,11.8,9687,despejado,0.0,27,45,3.6,11.2,16.5,6628,despejado,leve,seca,1018,1000,2788.0,18.0,False,False,False,13,False,2,47,Seguro
11.0,98,8.9,1441,niebla,0.3,200,180,3.0,8.4,12.5,322,cubierto,ninguna,mojada,1014,2000,2000.0,10.9,False,False,False,15,False,1,8,Precaución
6.3,100,3.3,2246,niebla,0.4,170,135,1.9,2.7,4.9,728,cubierto,ninguna,humeda,1005,2500,2056.0,4.9,True,False,False,11,False,9,265,Precaución
17.3,72,12.0,6203,nublado,1.6,233,315,11.9,1.7,15.6,3589,nublado,leve,seca,1016,1000,1516.0,14.4,False,False,False,0,True,2,56,Seguro
16.2,56,18.8,8114,nublado,0.2,266,90,1.3,-18.8,22.6,3349,dispersas,ninguna,seca,1000,500,764.0,11.2,False,False,False,20,False,9,269,Seguro
12.4,100,0.8,2454,niebla,1.0,314,135,0.0,-0.8,0.9,112,cubierto,ninguna,mojada,1010,2000,2168.0,11.4,False,False,False,12,False,6,155,Precaución
15.2,90,29.3,5297,lluvia_ligera,7.2,120,315,7.6,-28.3,38.1,1848,cubierto,moderada,humeda,1007,0,24.0,11.1,False,False,False,18,False,1,5,Precaución
31.3,31,13.2,9715,despejado,0.0,349,270,13.0,2.5,17.2,10810,despejado,leve,seca,1019,0,1956.0,21.0,False,False,False,22,True,10,292,Seguro
23.7,44,4.5,9668,despejado,0.0,330,90,3.9,-2.2,5.9,12288,despejado,leve,seca,1029,2500,4144.0,10.3,False,False,False,17,False,1,25,Seguro
17.7,93,0.4,2197,niebla,1.1,346,315,0.2,0.3,0.4,100,cubierto,ninguna,humeda,1003,2000,2804.0,16.6,False,False,False,11,False,1,15,Precaución
7.9,85,22.8,1253,lluvia_fuerte,19.7,274,180,22.7,-1.6,25.1,395,cubierto,severa,contaminada,991,1000,388.0,4.0,False,False,False,21,True,1,24,Peligro
20.5,85,29.5,1856,granizo,13.2,113,135,11.1,27.4,41.3,1672,cubierto,severa,mojada,1009,2500,3760.0,16.0,False,True,False,1,True,3,65,Peligro
17.6,38,2.8,9970,despejado,0.0,181,0,0.0,-2.8,3.9,5704,despejado,ninguna,seca,1029,1000,1552.0,3.8,False,False,False,8,False,1,20,Seguro
15.8,75,42.5,1891,granizo,17.9,80,45,24.4,34.8,63.8,589,cubierto,severa,mojada,1017,1000,1336.0,11.8,False,True,False,2,True,12,358,Peligro
7.7,98,10.8,1553,niebla,0.7,348,225,9.1,-5.9,14.0,648,cubierto,ninguna,mojada,1013,2000,1604.0,6.7,True,False,False,19,False,7,205,Precaución
10.5,94,44.3,2332,tormenta,20.1,265,135,33.9,-28.5,53.2,286,cubierto,severa,mojada,981,2000,1940.0,9.5,False,True,True,10,False,8,219,Peligro
32.0,40,6.7,9474,despejado,0.0,58,135,6.5,1.5,8.0,10148,despejado,ninguna,seca,1016,500,2660.0,26.1,False,False,False,23,True,12,333,Seguro
32.1,52,20.0,9938,despejado,0.0,286,45,17.5,-9.7,22.0,14277,despejado,leve,seca,1019,500,2672.0,20.8,False,False,False,20,False,5,126,Seguro
16.3,62,8.9,7047,nublado,0.1,176,135,5.8,6.7,11.6,1800,nublado,leve,seca,1002,0,156.0,8.1,False,False,False,14,False,5,134,Seguro
8.0,93,11.8,2228,niebla,1.6,154,315,3.8,-11.2,13.0,352,cubierto,ninguna,mojada,1008,1000,400.0,7.3,True,False,False,12,False,12,347,Precaución
25.9,37,19.3,9069,despejado,0.0,191,180,3.7,18.9,21.2,14754,despejado,leve,seca,1029,500,1928.0,14.1,False,False,False,5,True,5,146,Seguro
19.0,89,19.4,5831,lluvia_ligera,4.4,107,180,18.6,5.7,23.3,1602,cubierto,leve,mojada,1011,2000,2960.0,14.5,False,False,False,2,True,3,89,Precaución
13.3,96,7.3,1085,niebla,1.8,12,135,6.1,-4.0,10.9,713,cubierto,ninguna,humeda,1008,2500,2896.0,11.9,False,False,False,1,True,2,59,Precaución
13.1,94,28.7,3037,lluvia_fuerte,12.7,356,225,21.7,-18.8,37.3,334,cubierto,severa,mojada,1004,500,392.0,11.9,False,False,False,11,False,10,295,Peligro
19.1,50,22.8,8721,nublado,0.9,173,225,18.0,14.0,27.4,3693,nublado,ninguna,seca,1012,0,492.0,8.5,False,False,False,14,False,12,349,Seguro
5.3,92,3.8,951,niebla,0.5,57,225,0.8,-3.7,4.6,483,cubierto,ninguna,humeda,1015,2500,1936.0,3.8,True,False,False,9,False,7,182,Precaución
12.6,70,30.4,4435,granizo,28.4,151,315,8.4,-29.2,33.4,769,cubierto,severa,mojada,1018,0,-288.0,6.7,False,True,True,22,True,3,84,Peligro
25.8,26,4.3,9072,despejado,0.0,146,45,4.2,-0.8,6.0,13348,despejado,ninguna,seca,1011,1000,2536.0,20.2,False,False,False,7,False,2,33,Seguro
22.3,58,7.1,8106,nublado,1.1,97,180,7.0,0.9,8.5,1652,nublado,leve,humeda,1017,1000,2116.0,16.4,False,False,False,11,False,3,71,Seguro
19.3,42,15.2,8988,despejado,0.0,296,270,6.7,13.7,16.7,8866,despejado,leve,seca,1013,2000,2996.0,7.1,False,False,False,15,False,8,238,Seguro
9.0,93,1.3,2343,niebla,1.4,313,45,1.3,-0.0,1.7,612,cubierto,ninguna,mojada,1003,2500,2380.0,8.7,True,False,False,22,True,7,198,Precaución
19.1,38,10.7,9512,despejado,0.0,348,315,5.8,9.0,15.0,6189,despejado,ninguna,seca,1017,500,1112.0,11.9,False,False,False,3,True,1,19,Seguro
17.1,78,27.1,6279,lluvia_ligera,4.5,193,315,23.0,-14.4,37.9,2247,nublado,leve,humeda,1017,2000,2732.0,12.2,False,False,False,23,True,12,358,Precaución
7.3,93,40.4,2629,tormenta,21.5,18,225,18.3,-36.0,48.5,851,cubierto,severa,mojada,982,2500,2176.0,7.1,True,True,True,23,True,3,75,Peligro
15.5,29,9.7,9397,despejado,0.0,33,45,2.0,9.5,11.6,7919,despejado,ninguna,seca,1024,500,680.0,9.3,False,False,False,0,True,11,310,Seguro
18.0,78,19.4,5006,lluvia_ligera,6.9,233,225,2.7,19.2,25.2,1924,nublado,moderada,humeda,1014,2000,2840.0,15.5,False,False,False,20,False,11,327,Seguro
19.3,50,13.3,8022,nublado,0.9,5,180,1.2,-13.2,17.3,2746,dispersas,leve,seca,1013,2500,3616.0,4.8,False,False,False,8,False,3,65,Seguro
19.3,26,11.2,9087,despejado,0.0,286,90,3.1,-10.8,14.6,8475,despejado,leve,seca,1021,1000,1756.0,11.7,False,False,False,16,False,8,234,Seguro
10.3,73,19.0,6605,lluvia_ligera,7.3,5,270,18.9,-1.7,20.9,1868,nublado,moderada,mojada,1000,1000,676.0,6.7,False,False,False,13,False,9,243,Precaución
26.5,73,11.4,6441,nublado,1.0,338,270,10.6,4.3,16.0,1806,dispersas,leve,humeda,1018,500,2000.0,24.0,False,False,False,7,False,2,33,Seguro
13.2,74,23.4,7401,nublado,0.7,295,225,22.0,8.0,30.4,2612,dispersas,leve,seca,1006,2500,2884.0,10.2,False,False,False,17,False,9,255,Precaución
22.9,57,12.6,7913,nublado,0.8,67,135,11.7,4.7,17.6,2293,nublado,leve,humeda,1004,2500,4048.0,8.0,False,False,False,16,False,1,4,Seguro
20.7,89,17.5,3234,lluvia_ligera,4.8,313,45,17.5,-0.6,21.0,1272,cubierto,leve,mojada,1012,2500,3784.0,16.4,False,False,False,22,True,12,337,Precaución
17.5,96,0.1,2051,niebla,1.0,264,315,0.1,0.1,0.1,365,cubierto,ninguna,mojada,1007,2500,3400.0,17.3,False,False,False,15,False,2,50,Precaución
32.6,32,0.2,8319,despejado,0.0,344,135,0.1,-0.2,0.3,7096,despejado,ninguna,seca,1028,500,2732.0,25.9,False,False,False,7,False,3,60,Seguro
21.7,73,17.7,8833,nublado,1.0,111,0,16.5,-6.3,23.0,3042,dispersas,leve,humeda,1015,0,804.0,19.2,False,False,False,13,False,4,113,Seguro
5.2,99,46.9,1534,tormenta,17.1,317,45,46.9,1.6,65.7,298,cubierto,moderada,mojada,988,2000,1304.0,5.0,True,True,True,12,False,8,236,Peligro
16.8,97,1.0,1147,niebla,1.9,253,135,0.9,-0.5,1.4,225,cubierto,ninguna,humeda,1008,0,216.0,15.2,False,False,False,13,False,9,249,Precaución
10.3,87,15.2,3471,lluvia_ligera,5.7,312,270,10.2,11.3,21.3,836,cubierto,leve,mojada,1017,0,-564.0,7.5,False,False,False,15,False,1,19,Precaución
12.3,82,24.1,3729,lluvia_ligera,3.7,102,270,5.0,-23.6,36.2,1957,cubierto,leve,humeda,1008,2000,2156.0,9.5,False,False,False,15,False,7,182,Precaución
9.6,80,14.5,4967,lluvia_ligera,2.5,74,0,13.9,4.0,20.3,1154,cubierto,leve,humeda,1014,1000,592.0,7.1,True,False,False,1,True,6,162,Precaución
21.7,62,11.1,6452,nublado,1.5,83,90,1.4,11.0,14.4,2208,dispersas,leve,humeda,1013,2000,3284.0,7.4,False,False,False,22,True,11,327,Seguro
19.4,39,0.4,9921,despejado,0.0,203,45,0.1,-0.4,0.5,5732,despejado,leve,seca,1017,500,1148.0,9.1,False,False,False,23,True,3,69,Seguro
10.3,98,7.8,869,niebla,0.2,76,180,7.6,-1.9,8.6,349,cubierto,ninguna,mojada,1015,2500,2536.0,8.4,False,False,False,13,False,6,152,Precaución
10.2,98,4.4,1263,niebla,0.0,157,315,1.6,-4.1,6.2,453,cubierto,ninguna,mojada,1002,500,44.0,8.7,False,False,False,14,False,8,213,Precaución
21.1,69,15.1,8683,nublado,0.0,357,0,0.8,15.1,21.1,2251,dispersas,leve,humeda,1014,1000,1972.0,9.0,False,False,False,20,False,3,67,Seguro
33.0,31,7.4,8590,despejado,0.0,58,270,3.9,-6.3,8.9,10711,despejado,leve,seca,1011,0,2160.0,23.9,False,False,False,3,True,2,56,Seguro
0.2,95,16.8,1908,nieve,15.2,129,270,10.6,-13.1,25.2,1103,cubierto,leve,nevada,1020,2500,1324.0,0.0,True,False,False,0,True,4,103,Peligro
19.9,75,10.0,3367,lluvia_ligera,3.9,317,180,6.8,-7.3,13.0,2145,nublado,leve,mojada,1009,2000,3068.0,16.6,False,False,False,7,False,2,53,Seguro
18.3,89,39.2,1659,lluvia_fuerte,24.9,148,135,8.8,38.2,51.0,1327,cubierto,severa,contaminada,993,0,396.0,13.6,False,False,True,21,True,7,199,Peligro
13.1,99,3.2,1971,niebla,1.2,21,90,3.0,1.1,4.8,252,cubierto,ninguna,humeda,1017,1000,1012.0,12.6,False,False,False,3,True,7,196,Precaución
17.2,67,16.9,7722,nublado,0.0,128,0,13.3,-10.4,18.6,2306,dispersas,leve,seca,1004,2000,2744.0,10.6,False,False,False,9,False,9,263,Seguro
30.0,33,13.2,9317,despejado,0.0,102,90,2.7,12.9,15.8,5913,despejado,leve,seca,1029,1000,3040.0,24.9,False,False,False,23,True,5,139,Seguro
22.8,43,4.6,9872,despejado,0.0,32,0,2.4,3.9,6.9,8702,despejado,ninguna,seca,1013,0,936.0,14.5,False,False,False,14,False,2,56,Seguro
7.9,94,9.7,2483,niebla,1.0,45,135,9.7,0.0,10.7,777,cubierto,ninguna,mojada,1012,2000,1628.0,6.2,True,False,False,3,True,9,251,Precaución
17.0,70,16.4,6182,nublado,1.5,98,225,13.1,-9.9,24.6,3166,dispersas,leve,seca,1006,500,860.0,11.0,False,False,False,5,True,6,171,Seguro
26.9,45,3.8,8218,despejado,0.0,206,180,1.7,3.4,5.3,12211,despejado,ninguna,seca,1015,500,2048.0,17.0,False,False,False,16,False,9,253,Seguro
15.0,62,17.0,8288,nublado,1.3,233,225,2.4,16.8,22.1,3448,dispersas,ninguna,humeda,1007,500,620.0,1.9,False,False,False,14,False,11,318,Seguro
20.9,33,1.3,9486,despejado,0.0,150,270,1.1,-0.6,1.8,14231,despejado,ninguna,seca,1010,2000,3188.0,6.1,False,False,False,21,True,10,276,Seguro
9.4,99,5.8,811,niebla,0.9,194,45,3.0,-5.0,6.4,717,cubierto,ninguna,mojada,1006,2500,2428.0,8.7,True,False,False,23,True,10,273,Precaución
20.5,34,4.8,8542,despejado,0.0,9,270,4.7,-0.8,5.8,14015,despejado,ninguna,seca,1029,0,660.0,9.7,False,False,False,6,False,1,9,Seguro
13.4,95,8.0,2198,niebla,0.1,147,0,4.4,-6.7,12.0,109,cubierto,ninguna,mojada,1000,500,428.0,12.0,False,False,False,18,False,3,61,Precaución
5.3,96,11.7,1588,niebla,1.3,34,225,2.2,-11.5,14.0,488,cubierto,ninguna,mojada,1017,500,-544.0,4.3,True,False,False,2,True,1,7,Precaución
21.2,84,28.5,5186,lluvia_ligera,6.0,313,315,1.0,28.5,34.2,2483,nublado,leve,humeda,1004,500,1364.0,16.6,False,False,False,7,False,10,272,Seguro
30.8,38,6.5,9507,despejado,0.0,236,225,1.2,6.4,9.1,11600,despejado,leve,seca,1015,2000,4376.0,16.3,False,False,False,6,False,3,63,Seguro
18.5,38,4.4,9025,despejado,0.0,262,90,0.6,-4.4,5.3,8897,despejado,ninguna,seca,1030,2000,2900.0,6.7,False,False,False,10,False,4,119,Seguro
17.1,31,16.2,9046,despejado,0.0,110,225,14.7,-6.8,22.7,13326,despejado,leve,seca,1011,500,872.0,8.3,False,False,False,20,False,2,41,Seguro
28.4,53,18.1,8681,despejado,0.0,144,0,10.6,-14.6,21.7,14096,despejado,leve,seca,1019,0,1608.0,14.9,False,False,False,16,False,6,162,Seguro
33.1,46,2.1,9746,despejado,0.0,323,225,2.1,-0.3,2.5,5690,despejado,leve,seca,1025,2500,5272.0,24.4,False,False,False,13,False,8,237,Seguro
14.0,79,16.2,5765,lluvia_ligera,6.9,54,315,16.0,-2.5,22.7,871,cubierto,leve,humeda,1011,0,-120.0,10.0,False,False,False,12,False,1,7,Precaución
20.0,50,24.4,7567,nublado,1.2,39,315,24.3,2.6,34.2,2839,dispersas,leve,seca,1006,1000,1840.0,8.4,False,False,False,15,False,9,259,Precaución
14.5,73,24.1,6007,nublado,1.7,247,0,22.2,-9.4,33.7,3503,dispersas,leve,seca,1007,2500,3040.0,9.9,False,False,False,1,True,1,28,Precaución
18.4,82,25.4,2636,granizo,13.3,109,0,24.0,-8.3,35.6,1426,cubierto,severa,mojada,1019,1000,1648.0,14.4,False,True,True,9,False,7,184,Peligro
5.0,80,19.2,1085,nieve,11.5,277,0,19.1,2.3,28.8,1014,cubierto,leve,nevada,1004,1000,40.0,2.4,True,False,False,12,False,8,216,Peligro
13.0,99,9.0,2263,niebla,0.8,44,135,9.0,-0.2,10.8,188,cubierto,ninguna,mojada,1011,2500,2860.0,11.5,False,False,False,5,True,2,58,Precaución
8.8,94,2.0,1593,niebla,0.7,48,270,1.3,-1.5,2.6,224,cubierto,ninguna,mojada,1004,2000,1736.0,7.2,True,False,False,11,False,7,195,Precaución
17.0,91,45.2,2995,tormenta,15.5,58,0,38.3,24.0,49.7,724,cubierto,severa,mojada,984,500,860.0,16.8,False,True,False,22,True,3,65,Peligro
15.9,29,14.3,9646,despejado,0.0,76,270,3.5,-13.9,17.2,12761,despejado,leve,seca,1029,1000,1348.0,9.3,False,False,False,19,False,6,154,Seguro
24.2,52,8.4,9054,despejado,0.0,10,315,6.9,4.8,10.9,11900,despejado,leve,seca,1020,2000,3584.0,13.5,False,False,False,10,False,10,294,Seguro
14.5,93,9.3,1817,niebla,1.9,31,270,8.0,-4.8,12.1,740,cubierto,ninguna,humeda,1020,1000,1180.0,14.0,False,False,False,4,True,12,334,Precaución
17.8,84,19.7,6180,lluvia_ligera,7.4,105,0,19.0,-5.1,29.5,1473,nublado,leve,mojada,1015,500,956.0,13.0,False,False,False,14,False,1,15,Precaución
17.9,84,22.8,6813,lluvia_ligera,3.7,332,180,10.7,-20.1,27.4,838,cubierto,leve,mojada,1019,0,348.0,15.7,False,False,False,23,True,12,363,Precaución
20.8,71,18.4,7624,nublado,1.7,9,180,2.9,-18.2,20.2,1929,dispersas,ninguna,humeda,1020,2000,3176.0,16.8,False,False,False,6,False,11,312,Seguro
9.5,100,4.1,1670,niebla,1.2,112,45,3.8,1.6,5.3,751,cubierto,ninguna,humeda,1008,1000,580.0,8.0,True,False,False,18,False,6,179,Precaución
13.9,97,4.5,1576,niebla,0.3,187,90,4.5,-0.5,6.8,289,cubierto,ninguna,humeda,1010,1000,1108.0,13.6,False,False,False,13,False,8,237,Precaución
10.8,95,8.8,2042,niebla,1.6,1,135,6.3,-6.1,13.2,397,cubierto,ninguna,humeda,1020,2000,1976.0,9.8,False,False,False,21,True,3,67,Precaución
5.8,91,36.1,2754,tormenta,24.3,37,0,21.7,28.8,46.9,749,cubierto,severa,contaminada,994,0,-1104.0,4.8,True,True,False,3,True,10,278,Peligro
8.9,96,3.7,1670,niebla,0.8,74,180,3.6,-1.0,4.8,764,cubierto,ninguna,mojada,1007,2500,2368.0,7.1,True,False,False,19,False,8,234,Precaución
18.7,90,23.5,6594,lluvia_ligera,3.2,184,225,15.4,17.7,28.2,1204,cubierto,leve,humeda,1010,0,444.0,16.5,False,False,False,3,True,4,118,Precaución
23.4,59,6.2,6745,nublado,1.3,147,225,6.1,1.3,8.7,3288,dispersas,leve,seca,1007,1000,2248.0,15.1,False,False,False,0,True,7,203,Seguro
21.5,70,10.3,6814,nublado,0.9,69,225,4.2,-9.4,13.4,3498,dispersas,leve,humeda,1001,2500,3880.0,10.4,False,False,False,11,False,10,275,Seguro
25.4,65,9.6,6216,nublado,0.1,233,270,5.8,7.7,11.5,3519,nublado,ninguna,seca,1015,500,1868.0,12.1,False,False,False,19,False,6,166,Seguro
30.0,30,1.9,9641,despejado,0.0,36,270,1.5,-1.1,2.7,6853,despejado,ninguna,seca,1027,2000,4280.0,21.9,False,False,False,12,False,8,232,Seguro
-5.6,95,11.1,3477,nieve,18.9,127,45,11.0,1.5,16.6,1837,cubierto,moderada,contaminada,1013,0,-2472.0,-6.1,False,False,False,16,False,6,160,Peligro
17.9,60,16.8,7206,nublado,1.0,291,135,6.8,-15.3,25.2,3744,nublado,ninguna,seca,1016,1000,1588.0,9.6,False,False,False,21,True,4,108,Seguro
21.8,84,16.7,4110,lluvia_ligera,7.6,99,45,13.5,9.8,25.0,1472,cubierto,leve,humeda,1008,0,816.0,19.2,False,False,False,4,True,10,284,Precaución
24.5,74,23.5,8578,nublado,1.3,324,270,19.0,13.8,32.9,2855,dispersas,leve,humeda,1011,500,1760.0,21.7,False,False,False,11,False,7,186,Precaución
33.8,50,8.6,9890,despejado,0.0,113,315,3.2,-8.0,11.2,14995,despejado,ninguna,seca,1012,2500,5356.0,22.7,False,False,False,9,False,11,308,Seguro
17.2,74,41.5,3722,granizo,26.2,221,135,41.4,2.9,45.7,943,cubierto,severa,contaminada,1020,2000,2744.0,12.6,False,True,False,20,False,3,83,Peligro
15.3,85,15.8,5887,lluvia_ligera,6.8,351,225,12.8,-9.3,20.5,2127,nublado,leve,mojada,1019,500,656.0,10.8,False,False,False,4,True,2,36,Precaución
8.1,83,20.4,6607,lluvia_ligera,7.2,137,90,14.9,13.9,26.5,2246,nublado,leve,humeda,1005,1000,412.0,3.6,False,False,False,3,True,2,57,Precaución
14.8,95,0.2,1861,niebla,1.5,225,45,0.0,-0.2,0.3,608,cubierto,ninguna,humeda,1009,500,596.0,14.5,False,False,False,15,False,9,252,Precaución
25.4,60,22.4,7796,nublado,1.5,53,135,22.2,3.1,26.9,3034,nublado,leve,humeda,1008,2000,3728.0,11.6,False,False,False,11,False,5,126,Precaución
24.8,89,47.1,2319,granizo,26.5,305,180,38.6,-27.0,56.5,1822,cubierto,severa,mojada,1001,500,1796.0,21.2,False,True,False,16,False,5,145,Peligro
27.1,63,23.1,7095,nublado,1.0,61,0,20.2,11.2,32.3,1984,nublado,leve,humeda,1016,1000,2692.0,20.8,False,False,False,21,True,12,348,Precaución
11.9,90,42.3,1902,lluvia_fuerte,14.2,197,315,37.3,-19.9,50.8,306,cubierto,moderada,contaminada,983,0,-372.0,8.7,False,False,False,14,False,8,227,Peligro
14.4,96,0.5,1295,niebla,1.8,196,45,0.2,-0.4,0.7,663,cubierto,ninguna,humeda,1009,2500,3028.0,14.2,False,False,False,7,False,2,33,Precaución
21.8,83,48.2,1729,granizo,26.7,9,0,7.5,47.6,62.7,1113,cubierto,severa,contaminada,1010,1000,2056.0,19.6,False,True,False,4,True,5,144,Peligro
32.8,36,10.8,9174,despejado,0.0,343,315,5.1,9.5,16.2,8206,despejado,ninguna,seca,1015,2000,4616.0,25.1,False,False,False,1,True,10,281,Seguro
12.2,53,6.1,7550,nublado,0.5,308,90,3.8,-4.8,7.9,3887,dispersas,ninguna,seca,1007,2500,2764.0,-2.3,False,False,False,17,False,10,286,Seguro
7.3,88,50.5,2555,tormenta,31.2,281,315,28.2,41.9,55.6,684,cubierto,severa,contaminada,982,2000,1556.0,3.4,False,True,True,18,False,4,97,Peligro
21.6,75,18.1,5413,lluvia_ligera,3.3,258,180,17.7,3.8,23.5,2222,nublado,leve,mojada,1012,1000,2032.0,18.5,False,False,False,20,False,9,251,Precaución
20.8,56,7.4,7600,nublado,1.4,302,180,6.3,-3.9,8.9,3725,nublado,ninguna,humeda,1011,2500,3796.0,13.9,False,False,False,13,False,5,128,Seguro
27.9,35,7.7,9262,despejado,0.0,295,270,3.3,7.0,8.5,9377,despejado,ninguna,seca,1015,500,2168.0,18.1,False,False,False,22,True,7,196,Seguro
24.4,68,8.6,6563,nublado,0.9,334,135,2.8,-8.1,9.5,2491,nublado,leve,seca,1011,500,1748.0,17.6,False,False,False,16,False,9,252,Seguro
9.0,78,13.3,4258,lluvia_ligera,5.1,120,180,11.5,6.7,20.0,2217,cubierto,moderada,mojada,1003,0,-720.0,5.5,False,False,False,16,False,12,332,Precaución
34.3,52,17.8,9138,despejado,0.0,32,45,4.0,17.3,24.9,8890,despejado,ninguna,seca,1018,1000,3556.0,19.4,False,False,False,20,False,8,215,Seguro
27.3,30,11.5,8687,despejado,0.0,332,225,11.0,-3.4,12.7,8134,despejado,leve,seca,1016,500,2096.0,19.8,False,False,False,15,False,7,202,Seguro
15.3,70,12.3,6800,nublado,1.7,186,270,12.2,1.3,16.0,3451,dispersas,leve,humeda,1020,500,656.0,2.6,False,False,False,19,False,6,163,Seguro
15.9,92,5.4,1277,niebla,0.1,307,0,4.3,3.2,6.5,419,cubierto,ninguna,mojada,1000,500,728.0,14.7,False,False,False,6,False,3,69,Precaución
20.7,82,20.9,6854,lluvia_ligera,4.0,176,45,15.8,-13.7,23.0,1128,nublado,leve,mojada,1012,500,1304.0,16.9,False,False,False,12,False,6,162,Precaución
25.2,49,16.2,9662,despejado,0.0,145,0,9.3,-13.3,22.7,9718,despejado,ninguna,seca,1015,2000,3704.0,10.8,False,False,False,4,True,10,284,Seguro
28.9,45,10.5,9160,despejado,0.0,291,225,9.6,4.3,13.7,8141,despejado,leve,seca,1028,500,2288.0,15.9,False,False,False,13,False,4,94,Seguro
14.6,92,11.8,1510,niebla,1.3,285,90,3.1,-11.4,14.2,121,cubierto,ninguna,humeda,1000,0,-48.0,13.5,False,False,False,15,False,5,147,Precaución
9.4,70,24.5,5090,lluvia_ligera,5.7,102,315,13.3,-20.5,31.9,1218,nublado,leve,humeda,1018,1000,568.0,2.0,False,False,False,22,True,6,155,Precaución
11.3,76,19.8,5019,lluvia_ligera,4.0,128,0,15.6,-12.2,25.7,1512,cubierto,leve,mojada,1001,2000,2036.0,8.8,False,False,False,10,False,7,205,Precaución
8.0,74,26.3,4039,lluvia_ligera,7.6,214,45,5.0,-25.8,39.5,930,cubierto,leve,humeda,1002,1000,400.0,3.5,False,False,False,0,True,11,310,Precaución
20.3,48,5.8,9847,despejado,0.0,70,45,2.5,5.3,8.1,9898,despejado,leve,seca,1022,2000,3116.0,7.4,False,False,False,0,True,10,272,Seguro
15.4,77,12.6,5557,lluvia_ligera,3.8,19,90,11.9,4.1,18.9,1927,cubierto,moderada,humeda,1019,2500,3148.0,12.5,False,False,False,20,False,12,359,Precaución
13.2,66,17.5,6061,nublado,1.0,330,225,16.9,-4.5,24.5,3464,dispersas,leve,humeda,1013,2000,2264.0,1.9,False,False,False,20,False,1,28,Seguro
20.5,25,18.3,9533,despejado,0.0,53,135,18.1,2.5,25.6,10624,despejado,leve,seca,1017,2500,3760.0,8.5,False,False,False,6,False,6,155,Seguro
15.0,74,11.1,6911,lluvia_ligera,2.8,88,225,7.6,-8.1,12.2,1327,cubierto,leve,mojada,1004,1000,1240.0,12.1,False,False,False,6,False,11,317,Seguro
24.6,67,19.2,8210,nublado,0.2,57,180,16.1,-10.5,21.1,2397,nublado,leve,seca,1014,0,1152.0,14.5,False,False,False,20,False,5,138,Seguro
30.1,37,11.5,8524,despejado,0.0,58,225,2.6,-11.2,13.8,12148,despejado,ninguna,seca,1014,500,2432.0,16.6,False,False,False,14,False,1,5,Seguro
9.9,94,7.1,841,niebla,0.7,81,270,1.1,-7.0,9.9,779,cubierto,ninguna,humeda,1000,0,-612.0,8.8,True,False,False,4,True,5,126,Precaución
26.2,31,15.0,8503,despejado,0.0,95,0,14.9,-1.3,16.5,12866,despejado,leve,seca,1020,500,1964.0,11.9,False,False,False,3,True,11,318,Seguro
28.4,31,11.8,9723,despejado,0.0,31,90,10.1,6.1,13.0,6462,despejado,ninguna,seca,1015,2500,4708.0,14.5,False,False,False,3,True,1,2,Seguro
15.0,95,9.8,1334,niebla,0.1,298,0,8.7,4.6,13.7,788,cubierto,ninguna,humeda,1018,0,0.0,13.1,False,False,False,22,True,5,138,Precaución
21.1,89,10.3,6958,lluvia_ligera,2.1,71,315,9.3,-4.5,14.4,2421,nublado,moderada,mojada,1014,500,1352.0,18.2,False,False,False,15,False,3,80,Seguro
0.2,85,20.6,1527,nieve,10.0,333,90,18.4,-9.4,24.7,1330,cubierto,leve,contaminada,1013,2500,1324.0,-3.8,False,False,False,7,False,2,37,Peligro
21.0,51,17.9,9177,despejado,0.0,143,135,2.5,17.7,19.7,7730,despejado,ninguna,seca,1022,1000,1960.0,13.3,False,False,False,7,False,11,326,Seguro
18.2,32,16.7,8725,despejado,0.0,0,90,16.7,0.0,18.4,14457,despejado,leve,seca,1010,1000,1624.0,6.6,False,False,False,16,False,4,104,Seguro
20.5,67,22.8,8647,nublado,1.3,256,135,19.5,-11.7,29.6,3848,nublado,leve,humeda,1008,2000,3140.0,7.4,False,False,False,5,True,4,108,Precaución
22.1,73,24.4,7615,nublado,0.1,270,135,17.3,-17.3,26.8,2600,dispersas,leve,seca,1018,2500,3952.0,19.9,False,False,False,2,True,5,144,Precaución
27.1,55,3.4,9905,despejado,0.0,89,180,3.4,-0.1,4.1,13577,despejado,ninguna,seca,1014,2500,4552.0,18.6,False,False,False,1,True,8,217,Seguro
17.0,81,10.3,6865,lluvia_ligera,4.3,190,90,10.1,-1.8,13.4,1112,nublado,leve,humeda,1008,1000,1480.0,12.5,False,False,False,8,False,9,264,Seguro
15.7,82,46.4,3124,granizo,10.8,69,135,42.4,18.9,65.0,1013,cubierto,severa,mojada,1014,2000,2564.0,12.3,False,True,False,2,True,10,281,Peligro
14.7,74,44.1,4011,granizo,11.3,143,180,26.5,35.2,48.5,556,cubierto,severa,mojada,1016,1000,1204.0,11.1,False,True,True,16,False,11,328,Peligro
12.4,75,12.1,5491,lluvia_ligera,7.3,300,180,10.5,-6.0,14.5,1976,cubierto,moderada,humeda,1016,1000,928.0,9.9,False,False,False,6,False,6,152,Precaución
10.5,93,42.1,3717,lluvia_fuerte,23.4,233,90,25.3,-33.6,46.3,1038,cubierto,moderada,contaminada,983,500,80.0,9.9,False,False,False,17,False,4,91,Peligro
15.4,54,20.3,8570,nublado,1.2,270,45,14.4,-14.4,28.4,3014,nublado,leve,seca,1020,0,48.0,9.4,False,False,False,10,False,9,256,Seguro
-2.8,89,14.5,1981,nieve,5.2,301,180,12.4,-7.5,17.4,965,cubierto,leve,nevada,1012,0,-2136.0,-7.6,False,False,False,9,False,1,27,Peligro
15.5,98,11.2,855,niebla,0.1,350,315,6.4,9.2,14.6,775,cubierto,ninguna,mojada,1015,1000,1300.0,14.1,False,False,False,3,True,9,259,Precaución
26.9,33,19.3,9603,despejado,0.0,26,315,18.2,6.3,23.2,14477,despejado,ninguna,seca,1030,2500,4528.0,14.2,False,False,False,12,False,3,76,Seguro
20.1,82,21.0,4441,lluvia_ligera,6.5,351,135,12.3,-17.0,27.3,1656,cubierto,leve,mojada,1017,2000,3092.0,17.4,False,False,False,12,False,9,254,Precaución
18.8,67,10.1,6678,nublado,1.7,355,135,6.5,-7.7,13.1,2742,dispersas,leve,humeda,1018,1000,1696.0,11.7,False,False,False,6,False,4,107,Seguro
17.3,93,11.7,2089,niebla,0.4,331,270,10.2,5.7,14.0,298,cubierto,ninguna,mojada,1006,2500,3376.0,15.7,False,False,False,13,False,3,61,Precaución
17.0,61,9.1,6616,nublado,1.9,298,315,2.7,8.7,11.8,2759,dispersas,leve,humeda,1005,1000,1480.0,9.0,False,False,False,17,False,3,82,Seguro
14.8,81,39.0,4757,granizo,24.4,278,225,31.1,23.5,58.5,1089,cubierto,severa,mojada,1012,1000,1216.0,9.9,False,True,False,4,True,5,149,Peligro
16.7,94,3.5,2010,niebla,1.3,176,225,2.6,2.3,4.9,592,cubierto,ninguna,mojada,1013,1000,1444.0,16.3,False,False,False,2,True,11,321,Precaución
17.4,93,11.5,2188,niebla,1.6,273,180,11.5,-0.6,13.8,380,cubierto,ninguna,mojada,1014,500,908.0,15.4,False,False,False,8,False,10,287,Precaución
24.8,32,9.5,8092,despejado,0.0,116,270,4.2,-8.5,13.3,5284,despejado,leve,seca,1013,0,1176.0,16.8,False,False,False,23,True,6,172,Seguro
29.5,53,15.7,9911,despejado,0.0,205,315,14.8,-5.4,18.8,9916,despejado,leve,seca,1026,2500,4840.0,23.3,False,False,False,2,True,3,78,Seguro
20.1,50,9.7,7635,nublado,0.5,245,180,8.8,4.1,11.6,3322,dispersas,leve,seca,1000,500,1232.0,6.9,False,False,False,1,True,6,166,Seguro
13.7,68,12.1,7836,nublado,1.5,53,180,9.7,-7.3,15.7,3331,dispersas,ninguna,seca,1004,0,-156.0,1.9,False,False,False,13,False,7,191,Seguro
9.9,96,36.3,3130,lluvia_fuerte,12.1,208,180,17.0,32.1,54.4,1449,cubierto,moderada,contaminada,1002,2500,2488.0,8.7,True,False,False,10,False,1,16,Peligro
19.3,73,11.7,8472,nublado,2.0,110,225,10.6,-4.9,12.9,1640,nublado,leve,humeda,1004,2500,3616.0,14.7,False,False,False,0,True,9,260,Seguro
7.5,97,26.7,3621,lluvia_fuerte,20.3,117,90,12.1,23.8,37.4,749,cubierto,severa,contaminada,992,1000,340.0,7.4,True,False,False,18,False,6,162,Peligro
15.0,58,12.6,8495,nublado,0.5,45,225,0.0,-12.6,18.9,2022,nublado,leve,humeda,1019,2500,3100.0,7.2,False,False,False,3,True,3,62,Seguro
15.7,88,20.0,3478,lluvia_ligera,2.5,38,180,12.3,-15.8,28.0,2314,cubierto,moderada,humeda,1012,500,704.0,12.6,False,False,False,14,False,5,139,Precaución
12.5,55,10.5,6304,nublado,1.9,322,225,10.4,-1.3,15.8,3085,nublado,leve,seca,1002,500,320.0,7.2,False,False,False,8,False,2,57,Seguro
20.5,62,22.2,6464,nublado,0.7,36,0,13.0,18.0,31.1,1851,dispersas,ninguna,humeda,1004,2500,3760.0,10.5,False,False,False,15,False,11,320,Seguro
20.9,55,1.4,8044,despejado,0.0,147,135,0.3,1.4,1.8,13714,despejado,ninguna,seca,1015,500,1328.0,5.9,False,False,False,21,True,12,344,Seguro
16.3,85,42.2,1769,granizo,22.7,21,45,17.2,38.6,54.9,879,cubierto,severa,mojada,1016,2000,2636.0,12.6,False,True,False,21,True,6,154,Peligro
10.4,92,30.9,3311,lluvia_fuerte,17.1,257,225,16.4,26.2,46.3,854,cubierto,moderada,contaminada,982,2000,1928.0,10.0,False,False,False,8,False,3,65,Peligro
13.8,75,20.2,6006,lluvia_ligera,5.2,165,45,17.5,-10.1,24.2,2323,nublado,leve,mojada,1013,0,-144.0,11.1,False,False,False,12,False,7,196,Precaución
7.7,88,34.0,1692,tormenta,26.8,268,45,23.2,-24.9,40.8,209,cubierto,moderada,contaminada,987,1000,364.0,3.6,False,True,False,17,False,3,61,Peligro
20.9,34,2.5,9726,despejado,0.0,215,90,2.0,-1.4,3.5,6937,despejado,leve,seca,1025,500,1328.0,9.9,False,False,False,22,True,11,318,Seguro
6.2,94,9.8,1820,niebla,0.5,189,225,5.8,7.9,11.8,794,cubierto,ninguna,humeda,1009,500,-436.0,4.6,True,False,False,5,True,3,62,Precaución
26.5,29,7.8,8622,despejado,0.0,198,90,7.4,-2.4,8.6,9206,despejado,leve,seca,1010,1000,2620.0,13.9,False,False,False,13,False,5,132,Seguro
16.3,80,12.2,4120,lluvia_ligera,4.7,8,180,1.7,-12.1,13.4,1205,cubierto,leve,humeda,1010,2500,3256.0,12.9,False,False,False,4,True,6,162,Seguro
18.0,52,11.3,8944,nublado,1.0,320,90,8.7,-7.3,17.0,3283,dispersas,ninguna,humeda,1017,2000,2840.0,12.9,False,False,False,15,False,3,73,Seguro
15.5,70,12.7,6413,nublado,0.0,28,45,3.7,12.1,14.0,3019,nublado,leve,humeda,1006,2000,2540.0,8.0,False,False,False,12,False,5,141,Seguro
10.0,97,8.8,2119,niebla,1.0,128,180,6.9,5.4,12.3,470,cubierto,ninguna,mojada,1020,0,-600.0,9.3,True,False,False,13,False,5,138,Precaución
8.1,98,31.6,2438,tormenta,27.4,330,45,30.5,8.2,41.1,502,cubierto,moderada,mojada,985,0,-828.0,7.6,True,True,False,13,False,3,67,Peligro
15.7,30,16.8,8072,despejado,0.0,57,270,9.1,-14.1,21.8,7660,despejado,ninguna,seca,1027,2000,2564.0,10.1,False,False,False,3,True,9,252,Seguro
15.8,100,3.4,2325,niebla,1.9,357,180,0.2,-3.4,4.1,451,cubierto,ninguna,humeda,1020,0,96.0,15.2,False,False,False,20,False,9,264,Precaución
25.7,64,14.8,6522,nublado,1.9,138,270,11.0,-9.9,20.7,1601,dispersas,leve,humeda,1015,0,1284.0,16.9,False,False,False,4,True,12,361,Seguro
12.0,94,5.8,2009,niebla,0.1,69,225,2.4,-5.3,7.5,519,cubierto,ninguna,humeda,1003,1000,880.0,11.2,False,False,False,21,True,12,344,Precaución
16.2,93,5.7,2419,niebla,1.2,295,315,1.9,5.4,8.6,170,cubierto,ninguna,mojada,1008,2000,2624.0,14.5,False,False,False,5,True,8,237,Precaución
33.6,50,12.3,9023,despejado,0.0,290,180,11.6,-4.2,13.5,14024,despejado,leve,seca,1022,2500,5332.0,24.4,False,False,False,4,True,8,210,Seguro
20.1,75,23.5,8709,nublado,1.5,80,270,4.1,-23.1,32.9,3036,nublado,ninguna,seca,1001,1000,1852.0,16.5,False,False,False,10,False,10,297,Seguro
15.7,75,15.1,4899,lluvia_ligera,3.8,240,0,13.1,-7.5,18.1,1380,cubierto,moderada,mojada,1006,0,84.0,13.7,False,True,False,16,False,7,192,Peligro
28.6,26,13.1,9787,despejado,0.0,162,180,4.0,12.5,18.3,14580,despejado,ninguna,seca,1019,0,1632.0,20.7,False,False,False,11,False,2,31,Seguro
28.9,32,14.4,9033,despejado,0.0,192,270,14.1,3.0,18.7,13172,despejado,ninguna,seca,1017,1000,2908.0,19.7,False,False,False,19,False,1,28,Seguro
24.3,73,41.6,3689,granizo,22.7,170,0,7.2,-41.0,62.4,1507,cubierto,severa,mojada,1019,0,1116.0,20.4,False,True,False,12,False,7,196,Peligro
12.5,62,13.2,6531,nublado,0.8,16,270,12.7,-3.6,19.8,2230,nublado,leve,seca,1010,2000,2180.0,2.1,False,False,False,13,False,6,173,Seguro
23.7,42,9.9,9827,despejado,0.0,267,180,9.9,0.5,14.9,5401,despejado,ninguna,seca,1025,2500,4144.0,13.3,False,False,False,18,False,7,191,Seguro
14.8,99,0.3,1111,niebla,1.2,191,0,0.1,-0.3,0.4,296,cubierto,ninguna,mojada,1015,2000,2456.0,14.7,False,False,False,19,False,12,353,Precaución
7.1,94,7.6,2259,niebla,1.2,103,45,6.4,4.0,8.4,255,cubierto,ninguna,mojada,1012,1000,292.0,6.3,True,False,False,16,False,8,216,Precaución
17.3,79,17.5,4984,lluvia_ligera,5.2,104,315,9.0,-15.0,26.2,1937,nublado,leve,humeda,1017,0,276.0,15.0,False,False,False,6,False,7,186,Seguro
4.5,84,31.2,2657,nieve,13.7,283,0,30.4,7.0,37.4,1279,cubierto,moderada,contaminada,1010,2500,1840.0,1.0,False,False,False,20,False,12,344,Peligro
19.6,31,4.4,9668,despejado,0.0,319,270,3.3,2.9,4.8,8649,despejado,leve,seca,1025,500,1172.0,12.6,False,False,False,0,True,6,174,Seguro
12.1,79,31.1,4197,granizo,13.1,306,315,4.9,30.7,40.4,1366,cubierto,severa,contaminada,1017,2500,2752.0,7.3,False,True,True,22,True,8,215,Peligro
10.6,79,11.4,4882,lluvia_ligera,7.7,30,90,9.9,5.7,13.7,1736,nublado,moderada,humeda,1009,1000,712.0,6.0,False,False,False,12,False,1,7,Precaución
26.4,41,15.3,8892,despejado,0.0,324,90,12.4,-9.0,18.4,5807,despejado,ninguna,seca,1016,500,1988.0,12.3,False,False,False,17,False,1,3,Seguro
19.6,61,24.0,7453,nublado,1.9,320,270,18.4,15.4,33.6,2874,dispersas,leve,seca,1011,1000,1792.0,13.2,False,False,False,10,False,1,15,Precaución
16.9,92,11.8,1560,niebla,0.7,347,90,11.5,-2.7,15.3,211,cubierto,ninguna,humeda,1018,1000,1468.0,16.7,False,False,False,21,True,11,315,Precaución
23.3,46,6.0,8987,despejado,0.0,339,0,2.2,5.6,7.8,5094,despejado,ninguna,seca,1021,500,1616.0,13.4,False,False,False,15,False,8,212,Seguro
32.2,46,2.4,9301,despejado,0.0,258,225,1.3,2.0,2.9,13888,despejado,leve,seca,1015,2000,4544.0,21.2,False,False,False,19,False,6,160,Seguro
24.6,45,16.9,9432,despejado,0.0,81,270,2.6,-16.7,20.3,13876,despejado,ninguna,seca,1022,0,1152.0,11.0,False,False,False,18,False,2,57,Seguro
17.3,99,40.5,2110,tormenta,32.9,164,0,11.2,-38.9,48.6,386,cubierto,severa,mojada,988,2500,3376.0,17.1,False,True,True,5,True,5,130,Peligro
16.6,64,8.1,8433,nublado,1.4,137,315,0.3,-8.1,10.5,2271,dispersas,ninguna,seca,1009,2000,2672.0,3.7,False,False,False,10,False,1,18,Seguro
17.9,72,12.3,5294,lluvia_ligera,4.0,316,45,12.3,0.2,16.0,1697,nublado,leve,mojada,1015,2000,2828.0,14.2,False,False,False,4,True,7,206,Seguro
13.0,95,11.5,1479,niebla,0.3,212,315,11.2,-2.6,16.1,720,cubierto,ninguna,mojada,1006,500,380.0,11.6,False,False,False,19,False,2,42,Precaución
23.6,35,1.9,8059,despejado,0.0,46,45,0.0,1.9,2.8,13320,despejado,leve,seca,1018,2500,4132.0,16.7,False,False,False,23,True,4,101,Seguro
29.1,31,16.9,8712,despejado,0.0,263,45,10.4,-13.3,20.3,7781,despejado,leve,seca,1013,500,2312.0,19.7,False,False,False,22,True,2,33,Seguro
16.9,97,7.9,1673,niebla,0.5,72,90,2.4,7.5,9.5,615,cubierto,ninguna,mojada,1011,2500,3328.0,16.5,False,False,False,22,True,10,288,Precaución
12.3,68,13.1,8236,nublado,0.9,225,315,13.1,0.0,18.3,2206,nublado,leve,seca,1008,2500,2776.0,-2.0,False,False,False,16,False,2,38,Seguro
-3.2,86,13.3,1237,nieve,6.1,327,45,13.0,2.8,14.6,1636,cubierto,leve,nevada,1009,500,-1564.0,-5.9,False,False,False,16,False,9,245,Peligro
20.6,51,9.9,9314,despejado,0.0,170,315,5.7,-8.1,11.9,8261,despejado,ninguna,seca,1014,500,1292.0,9.4,False,False,False,1,True,10,276,Seguro
20.9,83,26.4,4617,lluvia_ligera,5.0,143,315,3.7,-26.1,39.6,1583,cubierto,leve,mojada,1001,2500,3808.0,17.0,False,False,False,7,False,12,332,Precaución
7.0,87,37.1,3669,lluvia_fuerte,12.4,311,90,24.3,-28.0,51.9,483,cubierto,moderada,mojada,985,2500,2140.0,2.8,False,False,False,16,False,4,112,Peligro
13.5,55,9.2,8006,nublado,1.2,267,0,9.2,-0.5,10.1,1843,dispersas,leve,humeda,1015,1000,1060.0,4.4,False,False,False,23,True,6,173,Seguro
25.6,34,9.0,8132,despejado,0.0,336,180,3.7,-8.2,13.5,11785,despejado,ninguna,seca,1029,2000,3752.0,12.0,False,False,False,16,False,2,45,Seguro
15.6,92,3.6,1128,niebla,1.0,332,315,1.1,3.4,4.7,227,cubierto,ninguna,mojada,1011,1000,1312.0,13.9,False,False,False,13,False,9,268,Precaución
29.4,50,13.9,9784,despejado,0.0,333,0,6.3,12.4,16.7,10439,despejado,ninguna,seca,1016,1000,2968.0,20.4,False,False,False,9,False,5,123,Seguro
5.6,91,45.1,1090,tormenta,15.3,40,315,44.9,3.9,63.1,413,cubierto,moderada,contaminada,981,1000,112.0,4.5,True,True,False,13,False,7,189,Peligro
24.8,41,10.8,8465,despejado,0.0,335,90,9.8,-4.6,16.2,14507,despejado,leve,seca,1029,0,1176.0,14.5,False,False,False,9,False,11,314,Seguro
14.7,64,20.8,8601,nublado,0.5,112,180,19.3,7.8,29.1,2680,dispersas,leve,humeda,1020,2500,3064.0,9.4,False,False,False,1,True,10,275,Precaución
13.4,51,21.8,8706,nublado,1.3,120,135,5.6,21.1,30.5,1612,nublado,ninguna,seca,1019,2500,2908.0,3.3,False,False,False,16,False,11,300,Seguro
23.5,66,18.0,6104,nublado,1.0,141,135,1.9,17.9,21.6,3180,dispersas,ninguna,humeda,1014,1000,2260.0,9.8,False,False,False,1,True,10,282,Seguro
5.8,92,5.6,1466,niebla,1.6,248,135,5.2,-2.2,6.7,703,cubierto,ninguna,mojada,1003,0,-1104.0,5.5,True,False,False,11,False,6,172,Precaución
10.4,90,45.0,1837,lluvia_fuerte,20.7,0,135,31.8,-31.8,54.0,521,cubierto,moderada,mojada,987,0,-552.0,5.6,False,False,False,10,False,10,285,Peligro
12.6,98,9.5,2046,niebla,0.6,178,225,6.9,6.5,12.3,734,cubierto,ninguna,humeda,1000,500,332.0,11.8,False,False,False,7,False,9,263,Precaución
22.0,42,5.4,8337,despejado,0.0,228,0,4.0,-3.6,7.0,14071,despejado,ninguna,seca,1016,2500,3940.0,9.6,False,False,False,19,False,11,323,Seguro
10.0,84,24.9,4895,lluvia_ligera,6.4,311,315,1.7,24.8,37.3,2047,nublado,leve,mojada,1014,0,-600.0,5.2,False,False,False,18,False,10,271,Precaución
27.1,68,9.9,8435,nublado,0.1,133,0,7.2,-6.8,13.9,1835,nublado,leve,humeda,1010,500,2072.0,19.4,False,False,False,4,True,12,344,Seguro
10.0,95,10.3,2098,niebla,0.3,359,0,0.2,10.3,15.5,600,cubierto,ninguna,mojada,1009,500,20.0,8.3,True,False,False,1,True,6,170,Precaución
8.7,85,11.8,5224,lluvia_ligera,8.0,351,315,6.9,9.5,14.2,1173,nublado,leve,mojada,1013,0,-756.0,5.9,True,False,False,17,False,8,222,Precaución
5.9,95,5.9,1669,niebla,1.3,195,0,1.5,-5.7,8.9,115,cubierto,ninguna,humeda,1003,1000,148.0,5.9,True,False,False,7,False,12,338,Precaución
10.3,77,28.2,5606,lluvia_ligera,4.9,25,225,9.6,-26.5,39.5,1370,cubierto,leve,mojada,1014,2500,2536.0,7.7,False,False,False,2,True,1,3,Precaución
25.3,62,7.8,7055,nublado,0.1,144,135,1.2,7.7,9.4,2116,nublado,ninguna,humeda,1019,2000,3716.0,18.8,False,False,False,3,True,5,134,Seguro
14.3,99,43.9,2974,tormenta,34.0,80,0,43.2,7.6,65.8,805,cubierto,moderada,contaminada,993,500,536.0,13.1,False,True,False,14,False,5,143,Peligro
20.5,76,42.4,4081,granizo,10.2,138,270,31.5,-28.4,55.1,1361,cubierto,severa,mojada,1003,2500,3760.0,16.3,False,True,False,3,True,5,145,Peligro
12.4,96,4.1,1213,niebla,0.5,109,270,1.3,-3.9,5.7,524,cubierto,ninguna,humeda,1014,2500,2788.0,12.2,False,False,False,22,True,12,346,Precaución
15.6,72,28.7,4272,lluvia_ligera,2.1,100,135,16.5,23.5,40.2,1599,nublado,leve,mojada,1005,500,692.0,12.4,False,False,False,5,True,9,247,Precaución
-3.4,78,20.8,1809,nieve,6.3,249,90,7.5,-19.4,25.0,1453,cubierto,leve,contaminada,1008,500,-1588.0,-6.8,False,False,False,11,False,6,154,Peligro
20.4,81,17.9,6451,lluvia_ligera,3.9,116,45,16.9,5.8,23.3,1921,cubierto,moderada,humeda,1003,1000,1888.0,16.4,False,False,False,23,True,2,42,Precaución
14.1,84,35.9,3053,granizo,25.6,185,135,27.5,23.1,43.1,1692,cubierto,severa,mojada,1019,1000,1132.0,10.2,False,True,False,22,True,4,108,Peligro
21.9,71,18.4,4482,lluvia_ligera,5.7,317,90,13.5,-12.5,23.9,1781,nublado,moderada,mojada,1002,2000,3308.0,18.6,False,False,False,18,False,1,12,Precaución
10.9,95,10.2,2293,niebla,0.5,100,180,10.0,1.8,12.2,304,cubierto,ninguna,mojada,1000,2500,2608.0,9.6,False,False,False,11,False,9,261,Precaución
20.5,57,17.6,8106,nublado,0.5,117,0,15.7,-8.0,24.6,2105,dispersas,leve,humeda,1006,0,660.0,10.8,False,False,False,0,True,6,176,Seguro
5.2,97,40.2,1948,tormenta,27.9,121,180,34.5,20.7,44.2,660,cubierto,severa,mojada,988,2500,1924.0,4.1,True,True,True,20,False,5,124,Peligro
16.8,94,5.6,2004,niebla,0.1,73,225,2.6,-4.9,7.8,101,cubierto,ninguna,humeda,1018,1000,1456.0,15.1,False,False,False,5,True,7,198,Precaución
25.3,57,13.0,7270,nublado,1.4,61,45,3.6,12.5,18.2,3428,dispersas,leve,seca,1001,0,1236.0,12.3,False,False,False,14,False,12,357,Seguro
18.6,75,20.8,6494,lluvia_ligera,2.4,169,90,20.4,4.0,27.0,1030,nublado,moderada,humeda,1017,0,432.0,14.5,False,False,False,5,True,3,88,Precaución
23.4,53,18.3,9074,despejado,0.0,81,225,10.8,-14.8,27.5,7827,despejado,ninguna,seca,1014,2500,4108.0,12.7,False,False,False,9,False,11,327,Seguro
18.5,73,7.0,6185,nublado,1.0,312,315,0.4,7.0,9.1,2967,dispersas,ninguna,seca,1008,1000,1660.0,13.9,False,False,False,20,False,10,270,Seguro
14.2,64,9.1,8526,nublado,1.0,114,45,8.5,3.3,12.7,3816,dispersas,leve,humeda,1020,0,-96.0,1.6,False,False,False,23,True,6,153,Seguro
25.9,62,21.4,8116,nublado,1.4,254,180,20.6,5.9,23.5,3599,nublado,leve,seca,1004,2500,4408.0,17.8,False,False,False,0,True,1,21,Precaución
21.2,46,4.8,8345,despejado,0.0,323,225,4.8,-0.7,5.8,6549,despejado,leve,seca,1017,2000,3224.0,13.8,False,False,False,19,False,2,34,Seguro
15.8,84,20.5,3014,lluvia_ligera,4.8,212,180,10.9,17.4,26.7,2396,cubierto,moderada,humeda,1017,2500,3196.0,13.5,False,False,False,19,False,9,241,Precaución
18.5,74,14.9,4306,lluvia_ligera,6.4,64,135,14.1,4.9,17.9,1155,nublado,leve,mojada,1003,500,1040.0,13.8,False,False,False,22,True,4,103,Precaución
24.8,67,8.7,7335,nublado,0.4,270,135,6.2,-6.2,11.3,1966,nublado,leve,humeda,1019,2000,3656.0,13.9,False,False,False,11,False,7,181,Seguro
26.8,65,15.6,7793,nublado,0.6,110,225,14.1,-6.6,23.4,2777,dispersas,leve,seca,1014,500,2036.0,19.9,False,False,False,1,True,9,240,Seguro
5.0,99,38.7,2261,tormenta,30.1,49,90,25.4,29.2,54.2,769,cubierto,moderada,mojada,986,500,-580.0,3.4,True,True,True,7,False,1,24,Peligro
18.4,58,12.4,7190,nublado,0.2,109,45,11.1,5.4,13.6,2232,nublado,ninguna,humeda,1015,1000,1648.0,13.1,False,False,False,5,True,3,74,Seguro
21.4,74,25.5,3483,lluvia_ligera,7.4,107,90,7.5,24.4,28.1,1028,nublado,leve,mojada,1010,2000,3248.0,19.2,False,False,False,11,False,8,230,Precaución
12.8,71,9.9,7222,nublado,0.2,20,180,3.4,-9.3,12.9,2034,dispersas,ninguna,humeda,1015,1000,976.0,8.9,False,False,False,3,True,10,291,Seguro
9.8,77,16.1,3729,lluvia_ligera,6.8,122,315,3.6,-15.7,19.3,1921,cubierto,moderada,mojada,1018,1000,616.0,7.1,True,False,False,8,False,7,196,Precaución
10.3,98,1.8,1165,niebla,0.7,118,180,1.6,0.8,2.2,423,cubierto,ninguna,humeda,1010,2500,2536.0,8.6,False,False,False,1,True,6,150,Precaución
31.0,37,2.4,9665,despejado,0.0,320,225,2.4,-0.2,3.6,5270,despejado,leve,seca,1010,1000,3160.0,24.9,False,False,False,0,True,2,50,Seguro
11.0,70,11.9,4425,lluvia_ligera,2.6,249,135,10.9,-4.8,13.1,1869,nublado,leve,humeda,1010,0,-480.0,-3.2,False,False,False,23,True,10,297,Precaución
9.6,100,31.2,2159,tormenta,20.5,197,135,27.5,14.6,46.8,576,cubierto,severa,contaminada,995,2000,1832.0,8.9,True,True,False,16,False,5,137,Peligro
17.4,99,2.2,2322,niebla,1.7,116,270,1.0,-2.0,2.4,483,cubierto,ninguna,mojada,1020,2500,3388.0,15.7,False,False,False,11,False,6,163,Precaución
23.4,69,10.8,7447,nublado,1.7,127,90,6.5,8.6,11.9,3864,nublado,leve,seca,1000,2000,3488.0,16.2,False,False,False,17,False,2,40,Seguro
15.9,100,43.8,2462,lluvia_fuerte,11.9,162,315,19.9,-39.0,56.9,780,cubierto,moderada,contaminada,999,1000,1348.0,14.5,False,False,False,4,True,10,290,Peligro
19.9,64,8.0,7689,nublado,1.8,92,270,0.3,-8.0,12.0,1897,nublado,leve,humeda,1001,1000,1828.0,8.6,False,False,False,3,True,7,182,Seguro
6.6,93,2.2,1322,niebla,0.4,129,315,0.2,-2.2,2.4,335,cubierto,ninguna,humeda,1009,500,-388.0,5.3,True,False,False,18,False,11,315,Precaución
27.6,35,14.8,9120,despejado,0.0,79,225,8.3,-12.3,20.7,13959,despejado,ninguna,seca,1013,2500,4612.0,14.9,False,False,False,0,True,12,333,Seguro
-6.8,76,21.2,1900,nieve,17.6,236,315,20.8,4.0,31.8,1314,cubierto,moderada,contaminada,1005,2000,-136.0,-11.5,False,False,False,12,False,5,126,Peligro
20.6,45,10.0,8670,despejado,0.0,258,270,2.1,9.8,13.0,13601,despejado,leve,seca,1023,2000,3152.0,12.5,False,False,False,7,False,3,66,Seguro
19.6,72,20.5,4789,lluvia_ligera,4.0,202,180,7.7,19.0,28.7,2257,nublado,moderada,mojada,1018,500,1172.0,17.3,False,False,False,6,False,2,40,Precaución
22.8,55,13.7,6062,nublado,1.5,30,0,6.8,11.9,16.4,3569,dispersas,leve,humeda,1011,0,936.0,15.0,False,False,False,20,False,12,364,Seguro
8.1,89,50.5,1874,tormenta,28.9,187,315,39.8,-31.1,75.8,695,cubierto,severa,mojada,990,2000,1652.0,5.3,True,True,True,7,False,6,176,Peligro
13.6,92,1.9,1900,niebla,1.6,81,225,1.1,-1.5,2.7,723,cubierto,ninguna,mojada,1017,500,452.0,12.5,False,False,False,12,False,2,41,Precaución
18.1,61,5.7,8756,nublado,1.7,294,315,2.0,5.3,6.8,2364,dispersas,leve,seca,1016,500,992.0,4.8,False,False,False,6,False,8,212,Seguro
28.8,38,15.9,9792,despejado,0.0,227,315,15.9,0.6,20.7,7418,despejado,ninguna,seca,1028,2000,4136.0,19.8,False,False,False,10,False,7,209,Seguro
5.9,93,3.0,1908,niebla,1.3,167,45,2.5,-1.6,4.2,744,cubierto,ninguna,mojada,1000,1000,148.0,5.9,True,False,False,0,True,7,182,Precaución
12.8,94,11.1,1933,niebla,1.2,141,180,7.0,8.6,16.6,381,cubierto,ninguna,mojada,1002,1000,976.0,10.9,False,False,False,12,False,12,351,Precaución
13.5,78,20.5,3925,lluvia_ligera,6.0,323,90,16.4,-12.3,28.7,2298,cubierto,leve,mojada,1000,1000,1060.0,9.3,False,False,False,10,False,4,119,Precaución
15.6,97,5.9,1156,niebla,1.1,352,135,3.6,-4.7,8.3,221,cubierto,ninguna,humeda,1006,2500,3172.0,15.1,False,False,False,1,True,9,266,Precaución
17.5,45,4.4,9832,despejado,0.0,201,270,4.1,1.6,6.6,10075,despejado,leve,seca,1018,1000,1540.0,3.9,False,False,False,12,False,10,283,Seguro
19.9,55,12.3,6337,nublado,1.0,341,225,11.1,-5.4,16.0,3245,nublado,leve,humeda,1015,0,588.0,6.6,False,False,False,14,False,12,336,Seguro
24.3,68,6.8,8847,nublado,1.7,334,180,3.0,-6.1,9.5,1927,dispersas,ninguna,seca,1014,1000,2356.0,14.1,False,False,False,12,False,3,65,Seguro
13.8,77,29.9,6876,lluvia_ligera,3.7,339,45,27.3,12.2,32.9,2366,cubierto,leve,humeda,1005,2500,2956.0,9.7,False,False,False,12,False,5,125,Precaución
17.1,41,13.8,8343,despejado,0.0,37,45,1.9,13.7,15.2,14549,despejado,leve,seca,1027,2500,3352.0,3.3,False,False,False,21,True,5,129,Seguro
27.5,55,8.1,8984,nublado,1.1,139,225,8.1,0.6,8.9,2388,nublado,leve,humeda,1011,2000,3980.0,14.0,False,False,False,9,False,2,46,Seguro
8.9,77,19.4,4095,lluvia_ligera,5.1,187,90,19.3,-2.4,25.2,1103,nublado,leve,humeda,1007,0,-732.0,6.4,True,False,False,21,True,5,130,Precaución
14.3,82,25.9,3685,granizo,28.4,35,315,25.5,4.5,28.5,580,cubierto,severa,contaminada,1013,1000,1156.0,11.5,False,True,False,11,False,7,205,Peligro
9.9,86,10.8,5344,lluvia_ligera,2.9,9,45,6.3,8.7,16.2,1140,cubierto,leve,mojada,1006,2000,1868.0,6.1,False,False,False,15,False,9,247,Seguro
13.5,99,4.1,1635,niebla,1.9,269,180,4.1,0.1,4.9,235,cubierto,ninguna,humeda,1000,0,-180.0,12.7,False,False,False,13,False,5,124,Precaución
26.6,54,19.1,6703,nublado,0.3,253,135,16.9,-9.0,21.0,3841,dispersas,leve,humeda,1005,2000,3872.0,14.1,False,False,False,2,True,11,310,Seguro
22.2,55,5.0,9521,despejado,0.0,295,270,2.1,4.5,7.0,13325,despejado,ninguna,seca,1030,2500,3964.0,15.8,False,False,False,14,False,4,115,Seguro
19.4,67,24.0,7035,nublado,0.8,87,270,1.3,-24.0,33.6,2407,nublado,ninguna,humeda,1015,500,1148.0,5.6,False,False,False,2,True,11,318,Seguro
16.7,85,13.4,3305,lluvia_ligera,5.4,254,45,6.5,-11.7,17.4,1824,cubierto,leve,mojada,1020,1000,1444.0,12.8,False,False,False,12,False,5,135,Precaución
11.9,97,10.7,1529,niebla,1.3,133,135,0.4,10.7,12.8,329,cubierto,ninguna,mojada,1017,2000,2108.0,11.2,False,False,False,19,False,8,230,Precaución
32.5,35,18.3,9661,despejado,0.0,208,90,16.2,-8.6,25.6,13809,despejado,ninguna,seca,1016,0,2100.0,25.5,False,False,False,8,False,2,38,Seguro
29.5,42,0.2,9476,despejado,0.0,109,180,0.2,0.1,0.3,14366,despejado,leve,seca,1019,2000,4220.0,24.0,False,False,False,19,False,11,325,Seguro
20.9,37,8.0,9264,despejado,0.0,306,90,4.7,-6.5,10.4,11735,despejado,ninguna,seca,1024,2000,3188.0,7.1,False,False,False,19,False,2,52,Seguro
27.3,75,7.3,7239,nublado,1.5,242,180,6.4,3.4,8.8,2455,nublado,leve,humeda,1019,2500,4576.0,24.0,False,False,False,5,True,8,237,Seguro
31.7,55,19.0,9159,despejado,0.0,348,90,18.6,-4.0,24.7,9236,despejado,ninguna,seca,1021,500,2624.0,24.8,False,False,False,14,False,10,276,Seguro
6.6,93,11.8,1129,niebla,1.6,237,90,6.4,-9.9,15.3,440,cubierto,ninguna,humeda,1006,2500,2092.0,5.3,True,False,False,19,False,9,266,Precaución
11.5,93,11.5,2188,niebla,1.7,16,90,11.1,3.2,13.8,541,cubierto,ninguna,humeda,1003,0,-420.0,9.7,False,False,False,8,False,2,46,Precaución
13.8,97,43.2,2225,lluvia_fuerte,12.4,196,270,41.5,11.9,60.5,792,cubierto,severa,contaminada,1002,0,-144.0,12.8,False,False,False,11,False,1,28,Peligro
17.0,49,1.7,8913,despejado,0.0,57,225,0.4,-1.7,2.5,13282,despejado,ninguna,seca,1024,2500,3340.0,7.9,False,False,False,4,True,11,307,Seguro
19.2,82,17.8,3063,lluvia_ligera,5.3,325,270,14.6,10.2,26.7,1886,nublado,leve,humeda,1013,500,1124.0,15.2,False,False,False,8,False,5,144,Precaución
11.2,100,5.1,2396,niebla,0.5,288,225,4.5,2.3,5.6,382,cubierto,ninguna,humeda,1005,0,-456.0,9.6,False,False,False,10,False,3,76,Precaución
10.0,86,23.5,3240,lluvia_fuerte,22.3,288,90,7.3,-22.3,28.2,975,cubierto,severa,mojada,982,2000,1880.0,6.2,False,True,True,19,False,2,42,Peligro
28.3,50,19.2,9677,despejado,0.0,42,135,19.2,-1.0,25.0,6820,despejado,ninguna,seca,1023,0,1596.0,14.8,False,False,False,14,False,4,99,Seguro
20.3,75,22.9,4968,lluvia_ligera,4.8,315,225,22.9,0.0,25.2,1656,nublado,leve,humeda,1011,2000,3116.0,17.1,False,False,False,3,True,2,44,Precaución
23.7,74,23.1,7287,nublado,0.0,109,0,21.8,-7.5,27.7,3693,nublado,ninguna,humeda,1005,0,1044.0,20.4,False,False,False,23,True,12,349,Precaución
14.6,96,3.4,2104,niebla,1.2,96,315,2.1,-2.6,4.4,372,cubierto,ninguna,humeda,1007,2000,2432.0,14.0,False,False,False,14,False,11,320,Precaución
9.8,95,49.5,2399,tormenta,33.3,232,225,6.0,49.1,64.4,777,cubierto,moderada,contaminada,1003,1000,616.0,8.4,True,True,False,20,False,6,172,Peligro
13.7,75,10.1,7047,nublado,1.6,34,135,9.9,-1.9,14.1,2725,dispersas,leve,humeda,1003,500,464.0,9.0,False,False,False,9,False,7,197,Seguro
13.4,50,17.3,7684,nublado,0.2,257,90,3.9,-16.9,24.2,3731,dispersas,leve,humeda,1013,500,428.0,6.2,False,False,False,14,False,10,283,Seguro
17.0,77,25.1,4822,lluvia_ligera,3.4,348,90,24.6,-5.2,27.6,2145,nublado,moderada,humeda,1019,500,860.0,14.5,False,False,False,21,True,2,49,Precaución
5.2,96,2.7,2389,niebla,1.2,54,90,1.6,2.2,3.8,379,cubierto,ninguna,mojada,1002,0,-1176.0,4.6,True,False,False,15,False,11,304,Precaución
7.3,100,8.3,2402,niebla,1.2,340,270,7.8,2.8,10.8,465,cubierto,ninguna,humeda,1009,500,-304.0,6.9,True,False,False,0,True,12,360,Precaución
16.6,100,8.2,2316,niebla,0.9,291,0,7.7,2.9,9.8,248,cubierto,ninguna,humeda,1019,1000,1432.0,16.0,False,False,False,12,False,6,157,Precaución
26.7,61,19.8,8345,nublado,1.0,46,45,0.3,19.8,25.7,1844,nublado,leve,humeda,1011,500,2024.0,15.5,False,False,False,8,False,5,127,Seguro
31.7,37,12.8,8160,despejado,0.0,22,135,11.8,-5.0,19.2,9916,despejado,ninguna,seca,1013,0,2004.0,23.0,False,False,False,19,False,3,74,Seguro
19.2,72,21.5,4918,lluvia_ligera,5.7,77,135,18.2,11.4,23.7,1190,nublado,moderada,mojada,1020,2500,3604.0,16.2,False,False,False,16,False,12,355,Peligro
28.1,41,16.4,8800,despejado,0.0,26,270,14.7,-7.2,23.0,9880,despejado,ninguna,seca,1028,2000,4052.0,23.0,False,False,False,2,True,1,19,Seguro
9.3,87,23.4,3504,lluvia_ligera,3.3,111,90,8.4,21.8,35.1,1388,nublado,moderada,humeda,1003,2500,2416.0,6.1,False,False,False,4,True,6,178,Precaución
10.8,93,5.3,1728,niebla,0.2,204,45,1.9,-4.9,5.8,463,cubierto,ninguna,humeda,1014,2000,1976.0,10.3,False,False,False,0,True,4,112,Precaución
13.6,92,35.9,1003,tormenta,22.9,1,225,24.9,-25.8,39.5,762,cubierto,severa,mojada,1001,2500,2932.0,12.6,False,True,True,3,True,1,14,Peligro
32.8,32,13.2,9549,despejado,0.0,50,225,1.2,-13.1,15.8,7196,despejado,ninguna,seca,1020,2500,5236.0,23.8,False,False,False,18,False,2,40,Seguro
-1.0,95,32.9,2177,nieve,8.0,73,0,31.5,9.6,42.8,874,cubierto,leve,nevada,1007,1000,-680.0,-1.6,False,False,True,0,True,7,206,Peligro
19.8,57,5.4,6434,nublado,1.2,107,180,5.2,1.6,7.6,1920,dispersas,leve,humeda,1014,0,576.0,14.0,False,False,False,9,False,2,57,Seguro
33.3,46,14.4,9647,despejado,0.0,186,270,14.3,1.5,18.7,10967,despejado,leve,seca,1010,2500,5296.0,26.6,False,False,False,10,False,4,93,Seguro
13.7,67,20.6,6832,nublado,1.7,124,45,20.2,3.9,30.9,1678,dispersas,ninguna,seca,1015,1000,1084.0,6.9,False,False,False,4,True,9,253,Precaución
-0.8,95,20.9,2326,nieve,10.9,291,90,7.5,-19.5,31.3,1068,cubierto,leve,contaminada,1001,500,-1276.0,-1.8,False,False,False,2,True,3,72,Peligro
23.7,60,9.3,8579,nublado,0.7,140,225,9.3,0.8,13.0,3198,dispersas,leve,humeda,1010,1000,2284.0,12.6,False,False,False,5,True,9,247,Seguro
19.1,72,21.6,7318,nublado,0.6,225,225,0.0,21.6,28.1,3607,dispersas,leve,humeda,1005,1000,1732.0,15.6,False,False,False,13,False,12,349,Seguro
13.4,96,5.1,1526,niebla,1.5,220,180,3.3,3.9,5.6,291,cubierto,ninguna,mojada,1011,2000,2288.0,12.7,False,False,False,8,False,11,329,Precaución
10.7,100,38.2,2526,lluvia_fuerte,21.4,118,315,11.2,-36.5,45.8,521,cubierto,moderada,mojada,998,0,-516.0,9.4,False,False,True,10,False,3,74,Peligro
14.5,80,15.6,5527,lluvia_ligera,2.8,92,135,10.6,11.4,21.8,1635,cubierto,moderada,mojada,1001,1000,1180.0,12.1,False,False,False,3,True,1,11,Precaución
15.5,79,10.2,5198,lluvia_ligera,6.2,279,135,6.0,-8.3,12.2,1891,cubierto,leve,humeda,1004,0,60.0,13.4,False,False,False,9,False,11,329,Seguro
14.9,72,9.7,6563,nublado,0.0,228,0,7.2,-6.5,12.6,1963,nublado,leve,seca,1003,1000,1228.0,10.9,False,False,False,22,True,4,95,Seguro
9.5,99,3.2,1196,niebla,1.6,83,135,2.5,2.0,4.2,122,cubierto,ninguna,mojada,1015,0,-660.0,9.0,True,False,False,13,False,11,310,Peligro
20.8,50,22.8,8473,nublado,0.1,221,135,22.7,1.6,34.2,1960,nublado,leve,humeda,1020,0,696.0,7.4,False,False,False,11,False,7,208,Precaución
8.5,81,10.2,4444,lluvia_ligera,7.1,99,90,1.6,10.1,14.3,1897,nublado,leve,mojada,1010,500,-160.0,5.1,False,False,False,17,False,11,318,Precaución
11.2,89,46.6,1046,tormenta,27.8,55,45,8.1,45.9,60.6,570,cubierto,severa,mojada,995,1000,784.0,6.3,False,True,False,4,True,5,121,Peligro
17.4,89,25.7,4668,lluvia_ligera,7.7,132,135,1.3,25.7,38.5,1745,nublado,moderada,humeda,1000,500,908.0,14.7,False,False,False,14,False,12,337,Precaución
15.9,99,0.3,2117,niebla,1.2,309,180,0.2,-0.2,0.4,364,cubierto,ninguna,humeda,1011,0,108.0,14.8,False,False,False,2,True,4,97,Precaución
13.4,96,1.9,2052,niebla,1.2,145,225,1.9,0.3,2.7,437,cubierto,ninguna,humeda,1005,2000,2288.0,12.2,False,False,False,2,True,11,307,Precaución
13.3,59,12.4,7641,nublado,0.6,208,270,10.9,5.8,18.6,2455,dispersas,leve,humeda,1000,0,-204.0,6.0,False,False,False,22,True,6,174,Seguro
14.3,67,20.5,6405,nublado,0.7,175,45,15.7,-13.2,24.6,3771,dispersas,ninguna,humeda,1004,500,536.0,-0.1,False,False,False,4,True,2,57,Precaución
19.2,26,9.3,9995,despejado,0.0,328,135,2.1,-9.1,13.0,11110,despejado,ninguna,seca,1025,0,504.0,12.9,False,False,False,13,False,8,219,Seguro
10.8,78,16.0,6480,lluvia_ligera,7.0,5,135,12.3,-10.3,22.4,2206,nublado,moderada,mojada,1014,0,-504.0,7.4,False,False,False,22,True,9,269,Precaución
18.6,50,23.2,6215,nublado,0.4,261,0,22.9,-3.6,32.5,3468,dispersas,leve,humeda,1003,500,1052.0,13.0,False,False,False,12,False,2,41,Precaución
12.8,95,12.0,765,niebla,1.2,336,180,4.9,-11.0,13.2,590,cubierto,ninguna,humeda,1017,500,356.0,11.8,False,False,False,23,True,7,183,Peligro
23.4,62,21.4,7496,nublado,0.9,275,225,16.4,13.8,32.1,2073,nublado,leve,seca,1009,1000,2248.0,9.3,False,False,False,10,False,10,297,Precaución
13.3,98,0.6,2499,niebla,1.2,202,135,0.6,0.2,0.7,187,cubierto,ninguna,mojada,1020,2500,2896.0,12.7,False,False,False,14,False,9,242,Precaución
18.9,79,17.0,3587,lluvia_ligera,5.0,162,180,5.3,16.2,23.8,1777,nublado,moderada,humeda,1004,1000,1708.0,16.0,False,False,False,22,True,5,137,Seguro
17.6,33,1.2,9244,despejado,0.0,341,270,1.1,0.4,1.4,11890,despejado,leve,seca,1014,2000,2792.0,8.2,False,False,False,6,False,12,348,Seguro
20.9,63,18.0,6729,nublado,0.1,217,0,10.8,-14.4,23.4,2997,nublado,leve,humeda,1006,2000,3188.0,12.2,False,False,False,23,True,1,6,Seguro
16.2,94,41.0,1019,tormenta,16.9,8,270,40.6,-5.7,57.4,763,cubierto,severa,contaminada,997,0,144.0,14.8,False,True,False,4,True,3,71,Peligro
16.7,55,21.1,6468,nublado,1.4,31,135,20.5,-5.1,23.2,2198,nublado,leve,humeda,1005,0,204.0,6.4,False,False,False,1,True,10,283,Precaución
13.5,95,1.1,1225,niebla,0.6,13,45,0.6,0.9,1.2,747,cubierto,ninguna,humeda,1016,2000,2300.0,13.3,False,False,False,0,True,9,247,Precaución
12.0,79,20.1,3902,lluvia_ligera,2.1,7,135,15.8,-12.4,28.1,1417,nublado,moderada,mojada,1001,500,260.0,9.7,False,False,False,2,True,7,194,Precaución
16.0,95,8.9,1026,niebla,1.5,316,180,6.2,-6.4,11.6,574,cubierto,ninguna,mojada,1010,0,120.0,15.3,False,False,False,17,False,3,71,Precaución
28.0,32,8.0,9085,despejado,0.0,252,90,2.5,-7.6,9.6,14776,despejado,leve,seca,1013,2500,4660.0,19.3,False,False,False,10,False,8,217,Seguro
11.1,98,6.5,2238,niebla,1.5,265,90,0.6,-6.5,7.8,198,cubierto,ninguna,humeda,1003,2000,2012.0,9.2,False,False,False,10,False,8,220,Precaución
-3.1,81,13.2,2960,nieve,16.3,283,0,12.9,3.0,18.5,1496,cubierto,moderada,nevada,1015,2000,308.0,-6.1,False,False,False,2,True,6,175,Peligro
11.0,76,28.8,3397,lluvia_ligera,5.5,272,180,28.8,-1.0,40.3,1437,nublado,moderada,humeda,1012,500,140.0,8.2,False,False,False,22,True,11,311,Peligro
20.1,58,22.7,8542,nublado,0.4,67,135,21.0,8.5,31.8,2426,dispersas,ninguna,humeda,1016,500,1232.0,6.1,False,False,False,13,False,11,325,Precaución
10.9,84,23.0,5311,lluvia_ligera,5.3,143,90,18.4,13.8,29.9,1701,nublado,leve,humeda,1016,500,128.0,8.8,False,False,False,12,False,5,146,Precaución
15.2,81,22.3,4031,lluvia_ligera,6.7,193,180,5.0,21.7,29.0,1041,nublado,leve,mojada,1016,0,24.0,10.7,False,False,False,9,False,10,287,Precaución
26.0,37,11.3,8554,despejado,0.0,193,315,9.6,-6.0,17.0,9458,despejado,leve,seca,1021,1000,2560.0,16.7,False,False,False,2,True,3,83,Seguro
17.3,97,4.6,2192,niebla,0.2,129,0,3.6,-2.9,5.1,762,cubierto,ninguna,humeda,1007,500,896.0,16.1,False,False,False,3,True,5,133,Precaución
23.9,73,15.1,6936,nublado,1.6,203,180,5.9,13.9,21.1,2137,dispersas,ninguna,seca,1014,500,1688.0,19.9,False,False,False,13,False,9,248,Seguro
21.9,42,5.5,9142,despejado,0.0,231,135,5.5,-0.6,6.6,9610,despejado,leve,seca,1016,2000,3308.0,7.8,False,False,False,0,True,9,246,Seguro
17.0,25,11.2,9647,despejado,0.0,225,0,7.9,-7.9,13.4,8611,despejado,ninguna,seca,1029,2500,3340.0,7.7,False,False,False,5,True,2,49,Seguro
17.3,74,22.7,6738,nublado,0.9,52,225,2.8,-22.5,31.8,2784,dispersas,leve,seca,1003,1000,1516.0,14.7,False,False,False,20,False,12,349,Seguro
15.1,55,7.3,6527,nublado,1.7,326,225,7.2,-1.4,10.2,3778,nublado,leve,humeda,1007,1000,1252.0,9.1,False,False,False,12,False,2,41,Seguro
18.5,70,48.3,2888,granizo,26.2,252,180,45.9,14.9,67.6,1734,cubierto,severa,contaminada,1000,500,1040.0,13.2,False,True,True,13,False,9,257,Peligro
12.6,89,54.9,2627,tormenta,31.1,220,270,42.1,35.3,60.4,268,cubierto,moderada,contaminada,994,0,-288.0,9.1,False,True,True,17,False,3,88,Peligro
20.0,81,26.0,4533,lluvia_ligera,3.9,316,0,18.1,18.7,33.8,1078,cubierto,leve,humeda,1007,500,1220.0,16.7,False,False,False,2,True,5,133,Precaución
18.6,50,23.5,6979,nublado,1.5,243,270,10.7,20.9,32.9,3891,nublado,ninguna,humeda,1011,2000,2912.0,6.7,False,False,False,3,True,4,95,Seguro
-1.8,95,11.4,3311,nieve,10.0,284,45,9.8,-5.9,16.0,852,cubierto,leve,contaminada,1016,2000,464.0,-3.4,False,False,False,16,False,8,212,Peligro
20.9,77,35.1,1543,granizo,10.9,8,90,34.8,4.9,49.1,915,cubierto,severa,mojada,1020,0,708.0,17.6,False,True,False,14,False,7,209,Peligro
18.4,78,17.8,6385,lluvia_ligera,4.2,231,90,11.2,-13.8,21.4,1169,cubierto,leve,humeda,1007,500,1028.0,14.0,False,False,False,17,False,3,72,Seguro
10.6,94,6.4,1051,niebla,0.2,82,270,0.9,-6.3,7.7,549,cubierto,ninguna,mojada,1013,0,-528.0,9.9,False,False,False,22,True,4,102,Precaución
24.9,63,23.4,7490,nublado,0.8,158,90,21.7,8.8,30.4,3110,nublado,leve,humeda,1007,2000,3668.0,16.3,False,False,False,16,False,7,201,Precaución
1.5,80,12.4,2507,nieve,8.2,213,90,10.4,-6.8,14.9,790,cubierto,moderada,contaminada,1001,0,-1620.0,-1.4,True,False,True,8,False,8,234,Peligro
15.4,87,20.7,1094,lluvia_fuerte,17.5,85,90,1.8,20.6,31.0,726,cubierto,moderada,mojada,988,2500,3148.0,11.6,False,False,False,15,False,10,284,Peligro
6.9,98,22.0,3798,lluvia_fuerte,16.5,34,180,12.3,-18.2,28.6,602,cubierto,severa,contaminada,992,2500,2128.0,6.2,True,False,False,8,False,9,267,Peligro
8.4,86,18.4,3586,lluvia_ligera,2.8,19,0,6.0,17.4,27.6,2059,cubierto,leve,humeda,1016,2000,1688.0,4.9,False,False,False,20,False,7,199,Seguro
-6.9,88,32.0,3053,nieve,13.2,281,270,6.1,31.4,44.8,1464,cubierto,leve,nevada,1010,2000,-148.0,-9.3,False,False,False,23,True,7,192,Peligro
13.3,56,24.5,6882,nublado,1.6,90,0,24.5,0.0,34.3,3942,dispersas,leve,seca,1010,500,416.0,6.1,False,False,False,7,False,2,46,Precaución
5.1,92,37.0,2219,tormenta,30.7,262,270,5.1,36.6,51.8,613,cubierto,severa,mojada,987,500,-568.0,3.7,True,True,False,6,False,9,243,Peligro
5.3,94,9.2,1327,niebla,1.0,90,270,0.0,-9.2,13.8,189,cubierto,ninguna,mojada,1015,2000,1316.0,4.7,True,False,False,23,True,7,186,Peligro
26.4,74,11.2,6207,nublado,1.7,45,90,7.9,7.9,15.7,1686,dispersas,leve,humeda,1003,500,1988.0,22.5,False,False,False,23,True,12,333,Seguro
8.4,95,11.6,2236,niebla,1.0,5,90,11.6,1.0,13.9,354,cubierto,ninguna,humeda,1000,1000,448.0,7.5,True,False,False,12,False,12,342,Precaución
7.2,100,11.0,1733,niebla,1.4,237,45,2.3,-10.8,14.3,650,cubierto,ninguna,humeda,1007,1000,304.0,6.1,True,False,False,3,True,3,70,Precaución
14.8,54,5.2,6561,nublado,0.2,2,270,5.2,-0.2,7.8,2801,dispersas,leve,humeda,1004,1000,1216.0,4.8,False,False,False,1,True,4,119,Seguro
14.3,71,11.8,8134,nublado,1.0,105,90,3.1,11.4,16.5,1508,nublado,ninguna,humeda,1019,0,-84.0,10.9,False,False,False,4,True,10,290,Seguro
29.2,36,11.7,9586,despejado,0.0,271,225,8.4,8.1,16.4,6163,despejado,ninguna,seca,1016,500,2324.0,14.4,False,False,False,5,True,4,93,Seguro
31.0,46,9.8,8740,despejado,0.0,8,0,1.4,9.7,11.8,14324,despejado,leve,seca,1018,0,1920.0,20.5,False,False,False,2,True,12,346,Seguro
7.2,93,2.0,1948,niebla,1.7,23,225,0.7,-1.9,2.4,661,cubierto,ninguna,mojada,1000,2500,2164.0,5.4,True,False,False,3,True,10,283,Precaución
19.7,52,5.9,7311,nublado,1.3,180,90,5.9,0.0,6.5,3435,nublado,leve,humeda,1002,500,1184.0,11.3,False,False,False,13,False,10,281,Seguro
20.3,90,11.3,4892,lluvia_ligera,6.6,190,225,6.5,9.3,14.7,1622,cubierto,leve,humeda,1005,2500,3736.0,17.0,False,False,False,12,False,2,47,Seguro
16.1,97,11.5,1470,niebla,1.3,82,315,9.2,-6.9,16.1,225,cubierto,ninguna,mojada,1006,2000,2612.0,15.8,False,False,False,5,True,10,293,Precaución
20.4,85,27.6,4438,lluvia_ligera,5.3,17,45,13.0,24.4,30.4,1007,cubierto,moderada,humeda,1008,0,648.0,18.2,False,False,False,5,True,7,193,Precaución
19.1,61,11.4,6800,nublado,1.6,49,135,11.4,0.8,12.5,3775,dispersas,ninguna,humeda,1000,0,492.0,10.1,False,False,False,9,False,1,19,Seguro
23.0,47,1.3,8215,despejado,0.0,288,315,0.6,1.2,1.8,5609,despejado,leve,seca,1013,500,1580.0,14.2,False,False,False,7,False,6,175,Seguro
19.5,58,21.0,8515,nublado,1.6,238,225,4.7,20.5,29.4,3782,nublado,ninguna,seca,1003,1000,1780.0,5.1,False,False,False,4,True,1,14,Seguro
12.8,80,20.7,5496,lluvia_ligera,5.3,103,270,4.7,-20.2,31.0,1575,nublado,leve,mojada,1013,0,-264.0,9.3,False,False,False,14,False,7,185,Precaución
19.3,79,16.5,3816,lluvia_ligera,5.0,224,270,11.9,11.5,23.1,1536,cubierto,leve,mojada,1014,2000,2996.0,16.7,False,False,False,15,False,2,50,Precaución
13.9,75,30.1,4396,granizo,10.7,229,270,19.7,22.7,39.1,1149,cubierto,severa,contaminada,1003,0,-132.0,10.7,False,True,True,15,False,3,75,Peligro
16.8,98,51.7,1461,tormenta,34.4,61,270,25.1,-45.2,72.4,733,cubierto,moderada,mojada,994,1000,1456.0,16.2,False,True,True,15,False,12,357,Peligro
22.8,67,18.1,7897,nublado,0.9,56,0,15.0,10.1,27.2,3597,nublado,ninguna,humeda,1004,500,1556.0,17.4,False,False,False,22,True,8,234,Seguro
10.8,98,9.9,1531,niebla,1.2,47,0,7.2,6.8,11.9,547,cubierto,ninguna,humeda,1011,0,-504.0,9.8,False,False,False,5,True,10,277,Precaución
16.8,83,16.3,4284,lluvia_ligera,3.2,263,180,16.2,2.0,21.2,2048,nublado,leve,humeda,1000,500,836.0,12.4,False,False,False,10,False,10,275,Precaución
22.2,64,23.2,7237,nublado,1.3,155,315,7.9,-21.8,25.5,1977,dispersas,ninguna,seca,1007,2500,3964.0,15.8,False,False,False,14,False,7,190,Seguro
27.5,61,10.0,6481,nublado,0.4,169,90,9.8,1.9,15.0,1926,nublado,leve,seca,1007,2500,4600.0,20.5,False,False,False,22,True,9,268,Seguro
11.7,81,27.7,5017,lluvia_ligera,4.9,173,90,27.5,3.4,33.2,2376,nublado,leve,mojada,1003,2500,2704.0,8.1,False,False,False,11,False,4,96,Precaución
20.4,84,40.0,2856,granizo,27.0,214,135,39.3,7.6,48.0,1659,cubierto,severa,contaminada,1014,0,648.0,16.9,False,True,False,0,True,11,328,Peligro
20.6,28,17.0,8939,despejado,0.0,175,0,1.5,-16.9,25.5,11852,despejado,ninguna,seca,1029,500,1292.0,7.7,False,False,False,20,False,11,314,Seguro
16.1,83,23.6,4979,lluvia_ligera,2.8,239,90,12.2,-20.2,26.0,2203,nublado,leve,mojada,1006,1000,1372.0,13.1,False,False,False,14,False,3,75,Precaución
15.2,51,7.1,6184,nublado,1.6,277,90,0.9,-7.0,10.6,2416,dispersas,leve,humeda,1013,500,644.0,3.8,False,False,False,14,False,1,15,Seguro
7.6,99,1.9,1957,niebla,0.7,185,315,1.5,-1.2,2.5,311,cubierto,ninguna,humeda,1001,500,-268.0,6.1,True,False,False,12,False,4,94,Precaución
9.4,88,15.2,4525,lluvia_ligera,5.6,293,45,14.1,-5.7,21.3,1576,cubierto,leve,humeda,1009,2500,2428.0,4.5,False,True,False,8,False,4,92,Peligro
10.5,94,11.6,657,niebla,0.4,2,225,7.9,-8.5,16.2,597,cubierto,ninguna,humeda,1020,500,80.0,9.0,False,False,False,1,True,6,155,Peligro
20.0,57,12.4,7239,nublado,0.4,19,0,4.0,11.7,18.6,2738,dispersas,ninguna,humeda,1014,2500,3700.0,14.8,False,False,False,15,False,9,257,Seguro
17.4,96,38.1,2112,tormenta,30.1,114,90,15.5,34.8,45.7,991,cubierto,moderada,contaminada,1000,2500,3388.0,17.2,False,True,False,21,True,9,263,Peligro
19.7,80,29.6,4141,lluvia_ligera,5.2,80,180,29.2,-5.1,35.5,1844,cubierto,leve,mojada,1016,2000,3044.0,16.7,False,False,True,13,False,4,96,Peligro
9.4,77,27.0,6218,lluvia_ligera,6.4,62,90,12.7,23.8,35.1,2303,nublado,moderada,mojada,1006,2500,2428.0,4.5,False,False,False,3,True,6,170,Precaución
18.0,98,2.3,2075,niebla,1.5,73,270,0.7,-2.2,2.8,755,cubierto,ninguna,humeda,1007,2500,3460.0,17.5,False,False,False,2,True,12,336,Precaución
24.5,60,24.4,8264,nublado,1.3,163,315,11.5,-21.5,31.7,2507,dispersas,leve,humeda,1013,2000,3620.0,13.3,False,False,False,22,True,4,103,Seguro
16.6,98,5.0,2046,niebla,1.6,163,225,4.4,2.3,6.0,152,cubierto,ninguna,mojada,1013,0,192.0,15.0,False,False,False,5,True,2,30,Precaución
18.0,51,17.2,7143,nublado,0.2,27,315,16.4,5.3,22.4,3984,dispersas,leve,humeda,1005,2500,3460.0,11.0,False,False,False,18,False,8,227,Seguro
22.5,70,25.0,6324,nublado,1.9,150,45,24.1,-6.5,32.5,3040,nublado,ninguna,seca,1008,500,1520.0,9.7,False,False,False,16,False,9,247,Precaución
6.2,95,2.3,1033,niebla,1.9,316,135,0.0,-2.3,2.8,433,cubierto,ninguna,humeda,1006,500,-436.0,6.0,True,False,False,19,False,3,60,Precaución
19.3,79,48.0,3917,granizo,11.7,156,180,19.5,43.9,57.6,774,cubierto,severa,contaminada,1004,2500,3616.0,16.1,False,True,True,19,False,3,71,Peligro
25.9,55,5.5,8549,despejado,0.0,9,315,4.4,3.2,6.6,9562,despejado,ninguna,seca,1020,0,1308.0,16.6,False,False,False,0,True,11,328,Seguro
19.7,85,29.2,3420,lluvia_fuerte,24.9,205,0,12.3,-26.5,35.0,997,cubierto,moderada,contaminada,1004,2500,3664.0,16.8,False,False,False,4,True,4,95,Peligro
12.0,93,8.4,1593,niebla,1.2,299,0,7.3,4.1,9.2,222,cubierto,ninguna,humeda,1016,500,260.0,11.1,False,False,False,6,False,1,21,Precaución
15.7,99,7.2,2491,niebla,0.4,198,45,3.3,-6.4,8.6,385,cubierto,ninguna,humeda,1020,2500,3184.0,15.4,False,False,False,11,False,10,292,Precaución
11.6,92,4.0,1881,niebla,0.0,153,315,1.2,-3.8,5.2,462,cubierto,ninguna,humeda,1003,500,212.0,11.2,False,False,False,3,True,6,172,Precaución
20.5,80,21.1,6739,lluvia_ligera,6.9,212,315,20.6,-4.7,27.4,1676,cubierto,leve,mojada,1008,1000,1900.0,15.9,False,False,False,4,True,9,253,Precaución
32.8,40,5.9,8407,despejado,0.0,135,180,4.2,4.2,7.7,13696,despejado,ninguna,seca,1017,500,2756.0,24.6,False,False,False,4,True,9,262,Seguro
26.7,73,16.7,8547,nublado,1.4,258,45,9.1,-14.0,25.0,2474,nublado,leve,humeda,1013,500,2024.0,23.8,False,False,False,13,False,9,246,Seguro
17.9,88,46.4,1185,tormenta,21.2,237,45,9.6,-45.4,65.0,551,cubierto,severa,mojada,1001,500,968.0,13.4,False,True,True,15,False,11,318,Peligro
31.4,42,10.5,8116,despejado,0.0,309,45,10.4,-1.1,15.8,12109,despejado,ninguna,seca,1024,1000,3208.0,26.3,False,False,False,23,True,5,144,Seguro
18.1,75,17.8,6311,lluvia_ligera,6.2,294,180,16.3,-7.2,23.1,1606,nublado,leve,humeda,1020,500,992.0,14.0,False,False,False,18,False,6,164,Precaución
35.0,36,4.5,8140,despejado,0.0,126,0,3.6,-2.6,6.3,5659,despejado,ninguna,seca,1029,500,3020.0,27.6,False,False,False,15,False,12,343,Seguro
19.9,43,1.7,8108,despejado,0.0,45,135,1.7,0.0,2.0,6499,despejado,leve,seca,1017,2500,3688.0,9.9,False,False,False,18,False,3,82,Seguro
0.1,83,25.5,1116,nieve,16.7,73,225,12.0,-22.5,28.1,1079,cubierto,leve,contaminada,1012,2500,1312.0,-4.1,False,False,True,5,True,3,81,Peligro
12.7,93,1.7,945,niebla,0.7,60,270,0.8,-1.5,2.0,293,cubierto,ninguna,humeda,1008,500,344.0,11.8,False,False,False,8,False,7,200,Precaución
19.4,77,31.9,3846,granizo,21.0,241,0,27.9,-15.5,38.3,1780,cubierto,severa,contaminada,1002,1000,1768.0,15.3,False,True,True,12,False,7,207,Peligro
15.1,98,5.4,1279,niebla,1.2,275,315,3.5,4.1,6.5,165,cubierto,ninguna,mojada,1011,1000,1252.0,13.1,False,False,False,16,False,3,84,Peligro
20.9,53,5.7,7275,nublado,1.3,18,180,1.8,-5.4,8.6,3885,dispersas,leve,humeda,1004,2500,3808.0,9.6,False,False,False,8,False,12,342,Seguro
19.6,36,2.1,9822,despejado,0.0,220,135,2.1,0.2,2.9,7640,despejado,ninguna,seca,1026,0,552.0,7.6,False,False,False,14,False,8,237,Seguro
30.7,36,8.2,8305,despejado,0.0,26,225,2.7,-7.8,9.8,8906,despejado,ninguna,seca,1011,2000,4364.0,18.0,False,False,False,19,False,9,249,Seguro
22.2,39,2.0,9777,despejado,0.0,331,225,1.9,-0.6,2.4,14205,despejado,ninguna,seca,1019,0,864.0,7.9,False,False,False,12,False,8,214,Seguro
13.5,72,22.8,4830,lluvia_ligera,4.8,144,270,18.4,-13.4,27.4,1774,cubierto,moderada,humeda,1006,2500,2920.0,10.8,False,False,False,19,False,3,67,Precaución
16.9,81,29.2,6836,lluvia_ligera,4.1,306,90,17.2,-23.6,38.0,1126,nublado,moderada,humeda,1018,1000,1468.0,12.3,False,False,False,2,True,6,153,Precaución
11.6,75,43.3,3125,granizo,25.4,162,135,19.7,38.6,64.9,908,cubierto,severa,contaminada,1015,500,212.0,7.5,False,True,False,15,False,2,59,Peligro
17.0,95,6.5,1170,niebla,0.9,47,135,6.5,0.2,7.8,481,cubierto,ninguna,humeda,1017,1000,1480.0,16.1,False,False,False,3,True,10,287,Precaución
16.1,45,12.5,8701,despejado,0.0,171,0,2.0,-12.3,17.5,13066,despejado,ninguna,seca,1030,1000,1372.0,2.7,False,False,False,8,False,5,126,Seguro
29.0,41,2.9,9516,despejado,0.0,114,270,1.2,-2.6,3.5,13115,despejado,ninguna,seca,1019,0,1680.0,15.9,False,False,False,19,False,12,353,Seguro
12.3,70,11.6,6120,nublado,1.7,1,0,0.2,11.6,15.1,3620,nublado,ninguna,seca,1019,500,296.0,-1.8,False,False,False,22,True,12,339,Seguro
26.2,73,12.1,7002,nublado,1.8,217,225,1.7,12.0,16.9,1536,dispersas,leve,seca,1004,500,1964.0,21.4,False,False,False,7,False,2,35,Seguro
6.2,100,4.8,1083,niebla,1.8,263,315,3.8,3.0,7.2,727,cubierto,ninguna,mojada,1016,2500,2044.0,4.6,True,False,False,19,False,11,313,Precaución
33.8,32,9.1,8689,despejado,0.0,124,180,7.5,5.1,10.9,9024,despejado,ninguna,seca,1018,2000,4736.0,25.4,False,False,False,21,True,11,321,Seguro
17.4,92,0.3,1444,niebla,0.4,97,90,0.0,0.3,0.4,572,cubierto,ninguna,humeda,1005,500,908.0,17.2,False,False,False,6,False,10,277,Precaución
24.2,53,7.4,8010,despejado,0.0,216,90,6.0,-4.3,8.1,10607,despejado,ninguna,seca,1021,500,1724.0,17.1,False,False,False,20,False,1,20,Seguro
21.7,90,21.4,5990,lluvia_ligera,3.4,265,135,16.4,-13.8,27.8,2163,cubierto,moderada,humeda,1003,1000,2044.0,16.9,False,False,False,14,False,5,140,Precaución
12.0,86,28.0,5171,lluvia_ligera,6.4,233,45,3.9,-27.7,42.0,837,cubierto,leve,humeda,1004,2000,2120.0,7.7,False,False,False,14,False,4,109,Precaución
25.1,55,17.1,7688,nublado,0.6,63,135,16.3,5.3,22.2,2665,dispersas,leve,humeda,1020,0,1212.0,13.9,False,False,False,18,False,5,135,Seguro
10.8,82,17.4,5581,lluvia_ligera,7.6,330,315,4.5,16.8,24.4,972,cubierto,leve,humeda,1002,1000,736.0,8.4,False,False,False,14,False,1,26,Precaución
20.1,55,7.2,9848,despejado,0.0,303,315,1.5,7.0,7.9,13743,despejado,ninguna,seca,1027,2000,3092.0,14.4,False,False,False,9,False,3,68,Seguro
28.5,35,0.8,9406,despejado,0.0,122,0,0.7,-0.4,1.2,5942,despejado,leve,seca,1016,1000,2860.0,21.6,False,False,False,16,False,5,132,Seguro
10.5,81,16.5,6896,lluvia_ligera,4.6,274,180,16.5,-1.2,23.1,1986,nublado,leve,mojada,1015,500,80.0,8.1,False,False,False,13,False,12,365,Precaución
11.9,92,8.0,1778,niebla,2.0,57,0,6.7,4.4,12.0,533,cubierto,ninguna,humeda,1013,0,-372.0,11.1,False,False,False,21,True,7,193,Precaución
18.1,51,18.5,8583,despejado,0.0,180,0,0.0,-18.5,25.9,11019,despejado,ninguna,seca,1011,2000,2852.0,11.5,False,False,False,17,False,9,258,Seguro
4.9,75,29.0,3198,nieve,5.2,286,270,8.0,27.9,34.8,1371,cubierto,moderada,contaminada,1002,500,-592.0,1.2,False,False,False,11,False,8,228,Peligro
3.6,83,19.4,1495,nieve,5.8,258,225,10.6,16.3,29.1,890,cubierto,leve,contaminada,1008,0,-1368.0,0.6,False,False,False,17,False,7,209,Peligro
20.9,28,5.7,9312,despejado,0.0,213,270,4.8,3.1,6.8,6949,despejado,leve,seca,1016,2500,3808.0,7.5,False,False,False,21,True,5,122,Seguro
19.7,75,16.9,5305,lluvia_ligera,4.9,86,135,12.8,11.1,20.3,1580,nublado,leve,mojada,1009,1000,1804.0,15.3,False,False,False,14,False,8,219,Seguro
5.2,92,7.4,1273,niebla,0.2,280,90,1.3,-7.3,10.4,711,cubierto,ninguna,humeda,1004,1000,64.0,3.7,True,False,False,8,False,1,12,Precaución
17.8,95,3.1,1997,niebla,1.8,313,315,0.1,3.1,3.7,573,cubierto,ninguna,humeda,1019,500,956.0,16.5,False,False,False,3,True,12,343,Precaución
32.3,45,3.6,9535,despejado,0.0,114,225,3.4,-1.3,4.3,5992,despejado,leve,seca,1020,500,2696.0,24.7,False,False,False,21,True,3,84,Seguro
10.2,95,1.0,956,niebla,1.9,24,0,0.4,0.9,1.2,663,cubierto,ninguna,mojada,1005,500,44.0,8.5,False,False,False,5,True,12,344,Precaución
27.2,42,4.9,8538,despejado,0.0,127,315,0.7,-4.9,6.4,11061,despejado,ninguna,seca,1010,500,2084.0,19.1,False,False,False,6,False,4,101,Seguro
21.4,52,14.9,8249,despejado,0.0,193,0,3.4,-14.5,20.9,6255,despejado,ninguna,seca,1028,0,768.0,16.3,False,False,False,12,False,8,238,Seguro
17.4,97,10.4,2401,niebla,0.5,155,270,9.4,-4.4,13.5,313,cubierto,ninguna,humeda,1008,500,908.0,15.5,False,False,False,6,False,7,182,Precaución
12.5,94,2.1,1075,niebla,0.3,277,0,2.1,0.3,2.5,636,cubierto,ninguna,mojada,1019,500,320.0,11.5,False,False,False,13,False,10,284,Precaución
12.7,61,19.0,8216,nublado,2.0,209,270,16.6,9.2,26.6,1782,nublado,ninguna,humeda,1020,2000,2204.0,4.0,False,False,False,12,False,8,230,Seguro
12.9,95,2.7,1768,niebla,1.3,85,0,2.7,0.2,3.5,280,cubierto,ninguna,mojada,1008,2500,2848.0,11.1,False,False,False,4,True,5,127,Precaución
21.2,53,2.2,9475,despejado,0.0,352,225,1.8,-1.3,3.1,8946,despejado,ninguna,seca,1021,0,744.0,10.6,False,False,False,18,False,11,301,Seguro
24.8,75,11.3,6385,nublado,0.6,72,135,10.1,5.1,14.7,1578,dispersas,leve,humeda,1013,2500,4276.0,22.7,False,False,False,17,False,12,345,Seguro
34.5,53,3.8,8561,despejado,0.0,300,45,3.7,-1.0,4.6,10523,despejado,leve,seca,1021,0,2340.0,28.6,False,False,False,2,True,3,74,Seguro
21.0,83,45.6,2091,granizo,20.1,262,180,45.2,6.3,63.8,1492,cubierto,severa,contaminada,1014,2000,3200.0,18.9,False,True,True,5,True,10,287,Peligro
24.5,64,13.7,8406,nublado,1.7,133,315,0.5,-13.7,20.5,1737,dispersas,leve,seca,1016,2000,3620.0,18.0,False,False,False,8,False,8,217,Seguro
17.6,52,1.0,8145,despejado,0.0,350,225,0.8,-0.6,1.2,8757,despejado,ninguna,seca,1010,0,312.0,5.3,False,False,False,12,False,8,214,Seguro
12.7,75,7.1,6842,nublado,0.4,303,45,6.9,-1.5,8.5,3835,nublado,leve,seca,1001,500,344.0,9.0,False,False,False,8,False,4,112,Seguro
